username,full_name,country,total_followers,total_following,total_media_posts,is_verified,account_category,account_age_years,posting_frequency_per_week,follower_growth_rate_30d,account_bio_has_link,platform,post_id,media_type,category,categorization,categorizations,caption_length_chars,hashtags_count,mentions_count,has_call_to_action,video_duration_seconds,carousel_slide_count,video_title_length,thumbnail_has_face,screenshot_count,posted_day_of_week,posted_hour_of_day,is_weekend,is_peak_posting_hour,top_country,secondary_country,primary_age_group,gender_female_pct,gender_male_pct,audience_activity_score,per_media_likes,per_media_comments,per_media_shares,per_media_saves,per_media_video_views,per_media_completion_rate,reach_from_home_pct,reach_from_explore_pct,reach_from_hashtags_pct,reach_from_other_pct,per_media_reach,per_media_impressions,account_categories,account_categories_str
cristiano,Cristiano Ronaldo,ES,465000000,520,3328,True,Sports,10.1,9.2,0.109,True,Instagram,cristiano_p1,Static Image,Sports,"Entertaining / Trend, Promotional / Sponsored, Educational / How-To","['Entertaining / Trend', 'Promotional / Sponsored', 'Educational / How-To']",2147,15,1,True,0.0,1,60,True,0,Thursday,8,0,0,ES,US,35-44,0.473,0.527,0.918,11867318,1056468,2195235,1355165,0,0.0,0.71,0.128,0.08,0.082,286391644,349273711,"['Music & Entertainment', 'Sports']","Music & Entertainment, Sports"
cristiano,Cristiano Ronaldo,ES,465000000,520,3328,True,Sports,8.7,5.1,0.121,True,Instagram,cristiano_p2,Reel,Sports,Inspirational / Storytelling,['Inspirational / Storytelling'],2033,22,2,False,36.5,1,60,True,0,Sunday,1,1,0,ES,FR,18-24,0.585,0.415,0.625,6727366,308926,682094,449180,519032015,0.691,0.494,0.375,0.1,0.031,348734942,591545300,"['Music & Entertainment', 'Sports']","Music & Entertainment, Sports"
cristiano,Cristiano Ronaldo,ES,465000000,520,3328,True,Sports,5.8,3.8,0.049,True,Instagram,cristiano_p3,Reel,Music & Entertainment,"Behind The Scenes, Promotional / Sponsored","['Behind The Scenes', 'Promotional / Sponsored']",1137,17,0,False,61.8,1,60,True,0,Monday,15,0,0,ES,FR,35-44,0.449,0.551,0.536,9730103,547383,1741446,557653,661612823,0.491,0.474,0.395,0.088,0.043,525797808,630487862,"['Music & Entertainment', 'Sports']","Music & Entertainment, Sports"
kyliejenner,Kylie Jenner,US,356000000,98,6921,True,Fashion & Beauty,4.3,9.2,0.042,False,Instagram,kyliejenner_p1,Static Image,Fashion & Beauty,"Inspirational / Storytelling, Behind The Scenes","['Inspirational / Storytelling', 'Behind The Scenes']",923,10,0,False,0.0,1,60,True,0,Saturday,17,1,0,US,ES,35-44,0.421,0.579,0.958,6050314,287800,202501,417685,0,0.0,0.742,0.105,0.06,0.093,113134638,160225025,"['Fashion & Beauty', 'Health & Fitness']","Fashion & Beauty, Health & Fitness"
kyliejenner,Kylie Jenner,US,356000000,98,6921,True,Fashion & Beauty,7.9,8.6,0.09,False,Instagram,kyliejenner_p2,Static Image,Health & Fitness,"Educational / How-To, Behind The Scenes, Entertaining / Trend","['Educational / How-To', 'Behind The Scenes', 'Entertaining / Trend']",1016,13,7,True,0.0,1,60,True,0,Friday,4,0,0,US,IT,18-24,0.377,0.623,0.424,8888114,306082,2700001,2608664,0,0.0,0.722,0.146,0.072,0.06,183280305,265371129,"['Fashion & Beauty', 'Health & Fitness']","Fashion & Beauty, Health & Fitness"
kyliejenner,Kylie Jenner,US,356000000,98,6921,True,Fashion & Beauty,7.3,7.2,0.025,False,Instagram,kyliejenner_p3,Reel,Fashion & Beauty,Educational / How-To,['Educational / How-To'],1313,29,4,False,55.2,1,60,True,0,Wednesday,0,0,0,US,FR,18-24,0.381,0.619,0.655,6370754,419691,427785,976814,575203271,0.763,0.441,0.367,0.1,0.092,470855913,829390278,"['Fashion & Beauty', 'Health & Fitness']","Fashion & Beauty, Health & Fitness"
leomessi,Leo Messi,ES,347000000,290,875,True,Sports,4.2,7.7,0.024,True,Instagram,leomessi_p1,Reel,Sports,Promotional / Sponsored,['Promotional / Sponsored'],1620,21,7,False,82.9,1,60,True,0,Saturday,23,1,0,ES,BR,25-34,0.512,0.488,0.495,7046840,275601,1723481,553920,343440598,0.568,0.39,0.411,0.1,0.099,275875708,488520048,"['Food & Dining', 'Sports']","Food & Dining, Sports"
leomessi,Leo Messi,ES,347000000,290,875,True,Sports,7.6,12.4,0.013,False,Instagram,leomessi_p2,Story,Sports,"Inspirational / Storytelling, Educational / How-To, Behind The Scenes","['Inspirational / Storytelling', 'Educational / How-To', 'Behind The Scenes']",729,12,2,False,0.0,1,60,True,0,Saturday,17,1,0,ES,AE,35-44,0.458,0.542,0.964,10331089,316783,791929,2496821,0,0.0,0.85,0.05,0.068,0.032,42451667,44290031,"['Food & Dining', 'Sports']","Food & Dining, Sports"
leomessi,Leo Messi,ES,347000000,290,875,True,Sports,6.4,9.6,0.142,False,Instagram,leomessi_p3,Reel,Food & Dining,Educational / How-To,['Educational / How-To'],1506,27,5,True,22.0,1,60,True,0,Sunday,19,1,1,ES,AE,18-24,0.513,0.487,0.414,11493641,351410,1069819,4029122,1428455942,0.667,0.499,0.373,0.1,0.028,813843172,1112188466,"['Food & Dining', 'Sports']","Food & Dining, Sports"
selenagomez,Selena Gomez,US,334000000,210,1835,True,Music & Entertainment,5.7,9.5,0.127,True,Instagram,selenagomez_p1,Reel,Music & Entertainment,"Inspirational / Storytelling, Educational / How-To, Promotional / Sponsored","['Inspirational / Storytelling', 'Educational / How-To', 'Promotional / Sponsored']",1413,23,6,False,75.5,1,60,True,0,Monday,6,0,0,US,IT,35-44,0.3,0.7,0.544,6199002,337170,1571992,1135638,455849433,0.723,0.402,0.413,0.1,0.085,317297540,448022256,"['Music & Entertainment', 'Science & Technology']","Music & Entertainment, Science & Technology"
selenagomez,Selena Gomez,US,334000000,210,1835,True,Music & Entertainment,5.3,5.1,0.066,True,Instagram,selenagomez_p2,Reel,Science & Technology,Promotional / Sponsored,['Promotional / Sponsored'],2035,4,7,False,29.2,1,60,True,0,Sunday,13,1,1,US,BR,35-44,0.372,0.628,0.894,6266153,116554,557545,88128,405358460,0.441,0.553,0.372,0.036,0.039,325988412,522247455,"['Music & Entertainment', 'Science & Technology']","Music & Entertainment, Science & Technology"
selenagomez,Selena Gomez,US,334000000,210,1835,True,Music & Entertainment,9.6,2.7,0.071,True,Instagram,selenagomez_p3,Reel,Music & Entertainment,Entertaining / Trend,['Entertaining / Trend'],155,26,0,True,9.4,1,60,True,0,Wednesday,22,0,0,US,AE,25-34,0.559,0.441,0.668,9132844,874690,3097190,938197,685048337,0.67,0.424,0.435,0.1,0.041,432182750,682131162,"['Music & Entertainment', 'Science & Technology']","Music & Entertainment, Science & Technology"
therock,Dwayne Johnson,US,327000000,580,6660,True,Health & Fitness,9.8,7.9,0.088,False,Instagram,therock_p1,Reel,Health & Fitness,Inspirational / Storytelling,['Inspirational / Storytelling'],1135,10,5,False,63.3,1,60,True,0,Wednesday,5,0,0,US,ES,18-24,0.29,0.71,0.826,8540251,395064,1071680,472102,766611356,0.697,0.47,0.381,0.06,0.089,546640649,866209041,"['Health & Fitness', 'Science & Technology']","Health & Fitness, Science & Technology"
therock,Dwayne Johnson,US,327000000,580,6660,True,Health & Fitness,2.9,8.3,0.077,True,Instagram,therock_p2,Reel,Health & Fitness,Behind The Scenes,['Behind The Scenes'],1610,21,1,True,73.1,1,60,True,0,Wednesday,14,0,0,US,DE,18-24,0.284,0.716,0.843,8315123,826849,1083857,655926,956268580,0.596,0.449,0.383,0.1,0.068,478314922,747138782,"['Health & Fitness', 'Science & Technology']","Health & Fitness, Science & Technology"
therock,Dwayne Johnson,US,327000000,580,6660,True,Health & Fitness,11.3,6.7,0.045,True,Instagram,therock_p3,Story,Science & Technology,Behind The Scenes,['Behind The Scenes'],238,27,6,True,0.0,1,60,True,0,Saturday,8,1,0,US,BR,25-34,0.647,0.353,0.943,9245359,391635,599858,442616,0,0.0,0.775,0.067,0.1,0.058,65462918,68029839,"['Health & Fitness', 'Science & Technology']","Health & Fitness, Science & Technology"
virat.kohli,Virat Kohli,IN,206000000,240,1390,True,Sports,9.6,2.4,0.149,True,Instagram,virat.kohli_p1,Reel,Sports,"Promotional / Sponsored, Inspirational / Storytelling","['Promotional / Sponsored', 'Inspirational / Storytelling']",1937,19,0,True,63.3,1,60,True,0,Monday,13,0,1,IN,US,18-24,0.869,0.131,0.565,6864337,305173,1299642,427375,790302594,0.403,0.407,0.397,0.096,0.1,387993481,678768977,"['Education & Careers', 'Sports']","Education & Careers, Sports"
virat.kohli,Virat Kohli,IN,206000000,240,1390,True,Sports,3.6,12.0,-0.01,True,Instagram,virat.kohli_p2,Static Image,Sports,Behind The Scenes,['Behind The Scenes'],1978,13,1,True,0.0,1,60,True,0,Saturday,4,1,0,IN,AE,18-24,0.414,0.586,0.848,6040208,136241,142696,110605,0,0.0,0.748,0.104,0.072,0.076,116009763,194538943,"['Education & Careers', 'Sports']","Education & Careers, Sports"
virat.kohli,Virat Kohli,IN,206000000,240,1390,True,Sports,7.8,1.6,0.13,True,Instagram,virat.kohli_p3,Static Image,Education & Careers,Educational / How-To,['Educational / How-To'],318,16,5,True,0.0,1,60,True,0,Thursday,3,0,0,IN,CA,25-34,0.723,0.277,0.453,3763333,159486,984478,1386107,0,0.0,0.742,0.139,0.084,0.035,112428740,136464902,"['Education & Careers', 'Sports']","Education & Careers, Sports"
nike,Nike,US,228000000,120,932,True,Sports,4.1,5.0,0.053,True,Instagram,nike_p1,Video,Sports,"Educational / How-To, Entertaining / Trend","['Educational / How-To', 'Entertaining / Trend']",583,28,4,True,218.9,1,60,True,0,Wednesday,6,0,0,US,DE,25-34,0.574,0.426,0.768,3983096,248767,691704,786788,229080975,0.434,0.678,0.185,0.1,0.037,183692926,232029636,['Sports'],Sports
nike,Nike,US,228000000,120,932,True,Sports,6.6,10.6,0.131,True,Instagram,nike_p2,Carousel,Sports,Entertaining / Trend,['Entertaining / Trend'],949,2,4,True,0.0,7,60,True,0,Friday,13,0,1,US,DE,25-34,0.686,0.314,0.692,5442055,468223,468841,996460,0,0.0,0.797,0.113,0.028,0.062,207592653,291378614,['Sports'],Sports
nike,Nike,US,228000000,120,932,True,Sports,2.7,8.8,0.0,True,Instagram,nike_p3,Static Image,Sports,"Promotional / Sponsored, Entertaining / Trend","['Promotional / Sponsored', 'Entertaining / Trend']",299,24,0,False,0.0,1,60,True,0,Thursday,8,0,0,US,FR,18-24,0.683,0.317,0.977,3905946,247148,79661,313347,0,0.0,0.715,0.103,0.1,0.082,65578526,92518327,['Sports'],Sports
natgeo,National Geographic,US,232000000,140,10002,True,Travel & Events,1.9,10.8,0.054,True,Instagram,natgeo_p1,Reel,Travel & Events,"Inspirational / Storytelling, Behind The Scenes","['Inspirational / Storytelling', 'Behind The Scenes']",1501,6,6,False,19.1,1,60,True,0,Thursday,10,0,0,US,MX,25-34,0.507,0.493,0.487,5032760,349975,1422768,108740,503616707,0.804,0.511,0.421,0.044,0.024,364694755,519104721,"['Health & Fitness', 'Travel & Events']","Health & Fitness, Travel & Events"
natgeo,National Geographic,US,232000000,140,10002,True,Travel & Events,10.4,7.6,0.135,True,Instagram,natgeo_p2,Reel,Health & Fitness,"Behind The Scenes, Entertaining / Trend","['Behind The Scenes', 'Entertaining / Trend']",1857,25,6,True,62.0,1,60,True,0,Friday,19,0,1,US,IT,18-24,0.267,0.733,0.893,5743009,373812,889053,617395,442192836,0.599,0.448,0.389,0.1,0.063,287028092,475476129,"['Health & Fitness', 'Travel & Events']","Health & Fitness, Travel & Events"
natgeo,National Geographic,US,232000000,140,10002,True,Travel & Events,9.4,12.7,0.103,True,Instagram,natgeo_p3,Reel,Travel & Events,"Promotional / Sponsored, Inspirational / Storytelling, Entertaining / Trend","['Promotional / Sponsored', 'Inspirational / Storytelling', 'Entertaining / Trend']",778,18,7,True,31.1,1,60,True,0,Monday,14,0,0,US,AU,18-24,0.496,0.504,0.903,4505160,355485,1079926,553923,280887085,0.716,0.443,0.41,0.092,0.055,213747976,315503478,"['Health & Fitness', 'Travel & Events']","Health & Fitness, Travel & Events"
mrbeast,MrBeast,US,58000000,340,420,True,Music & Entertainment,11.2,11.7,-0.014,True,YouTube,mrbeast_p1,YouTube Video,Music & Entertainment,"Educational / How-To, Entertaining / Trend, Inspirational / Storytelling","['Educational / How-To', 'Entertaining / Trend', 'Inspirational / Storytelling']",1662,8,0,True,973.3,1,79,True,0,Sunday,23,1,0,US,AE,18-24,0.272,0.728,0.463,2198101,119308,627961,145352,114387780,0.535,0.658,0.208,0.052,0.082,89877055,206902354,"['Food & Dining', 'Music & Entertainment']","Food & Dining, Music & Entertainment"
mrbeast,MrBeast,US,58000000,340,420,True,Music & Entertainment,4.3,8.7,0.047,False,YouTube,mrbeast_p2,YouTube Video,Music & Entertainment,Inspirational / Storytelling,['Inspirational / Storytelling'],554,13,0,True,1277.2,1,28,True,0,Thursday,0,0,0,US,AU,25-34,0.454,0.546,0.509,2045300,155956,144117,443575,61237124,0.387,0.64,0.211,0.072,0.077,71258316,167695378,"['Food & Dining', 'Music & Entertainment']","Food & Dining, Music & Entertainment"
mrbeast,MrBeast,US,58000000,340,420,True,Music & Entertainment,11.6,10.8,0.072,False,YouTube,mrbeast_p3,YouTube Video,Food & Dining,Promotional / Sponsored,['Promotional / Sponsored'],179,11,3,True,397.7,1,87,True,0,Sunday,2,1,0,US,CA,25-34,0.26,0.74,0.92,1400629,29403,147315,234985,45040695,0.38,0.64,0.203,0.064,0.093,46695201,89672612,"['Food & Dining', 'Music & Entertainment']","Food & Dining, Music & Entertainment"
hubermanlab,Andrew Huberman,US,5200000,410,890,True,Health & Fitness,9.7,3.4,0.076,False,YouTube,hubermanlab_p1,YouTube Short,Health & Fitness,Behind The Scenes,['Behind The Scenes'],431,4,2,False,38.1,1,93,True,0,Sunday,6,1,0,US,IT,18-24,0.645,0.355,0.779,147447,6776,41836,9905,19976407,0.606,0.488,0.421,0.036,0.055,9268292,16122967,"['Education & Careers', 'Health & Fitness']","Education & Careers, Health & Fitness"
hubermanlab,Andrew Huberman,US,5200000,410,890,True,Health & Fitness,2.2,12.2,-0.02,True,YouTube,hubermanlab_p2,YouTube Short,Education & Careers,Promotional / Sponsored,['Promotional / Sponsored'],190,23,2,False,15.6,1,90,False,0,Friday,9,0,0,US,ES,25-34,0.49,0.51,0.593,143601,4086,17123,6203,7392076,0.74,0.433,0.38,0.1,0.087,4531327,5351631,"['Education & Careers', 'Health & Fitness']","Education & Careers, Health & Fitness"
hubermanlab,Andrew Huberman,US,5200000,410,890,True,Health & Fitness,3.7,8.4,0.08,True,YouTube,hubermanlab_p3,YouTube Short,Education & Careers,"Inspirational / Storytelling, Entertaining / Trend","['Inspirational / Storytelling', 'Entertaining / Trend']",1087,1,3,True,17.5,1,59,True,0,Thursday,14,0,0,US,IN,18-24,0.635,0.365,0.403,180537,3661,20155,2892,11492823,0.66,0.565,0.378,0.024,0.033,5597056,8756552,"['Education & Careers', 'Health & Fitness']","Education & Careers, Health & Fitness"
aliabdaal,Ali Abdaal,GB,3100000,320,640,True,Education & Careers,9.0,10.2,0.106,False,YouTube,aliabdaal_p1,YouTube Video,Education & Careers,"Behind The Scenes, Inspirational / Storytelling","['Behind The Scenes', 'Inspirational / Storytelling']",1628,24,1,True,1153.2,1,94,False,0,Wednesday,7,0,0,GB,BR,45+,0.69,0.31,0.916,75911,1981,2808,7815,3354749,0.3,0.665,0.204,0.1,0.031,2759563,4596018,['Education & Careers'],Education & Careers
aliabdaal,Ali Abdaal,GB,3100000,320,640,True,Education & Careers,1.2,8.7,0.019,True,YouTube,aliabdaal_p2,YouTube Video,Education & Careers,Educational / How-To,['Educational / How-To'],1292,17,3,True,1606.2,1,29,True,0,Monday,9,0,0,GB,FR,18-24,0.79,0.21,0.547,73350,1743,16755,10047,5009572,0.471,0.656,0.204,0.088,0.052,4080988,9534188,['Education & Careers'],Education & Careers
aliabdaal,Ali Abdaal,GB,3100000,320,640,True,Education & Careers,3.3,7.1,0.105,True,YouTube,aliabdaal_p3,YouTube Video,Education & Careers,"Promotional / Sponsored, Educational / How-To, Inspirational / Storytelling","['Promotional / Sponsored', 'Educational / How-To', 'Inspirational / Storytelling']",820,15,3,False,1621.2,1,62,True,0,Wednesday,15,0,0,GB,CA,18-24,0.433,0.567,0.62,66800,5177,6003,5322,3900501,0.547,0.63,0.212,0.08,0.078,3356963,8098951,['Education & Careers'],Education & Careers
garyvee,Gary Vaynerchuk,US,10200000,4500,12400,True,Finance & Business,7.7,8.6,0.05,True,Instagram,garyvee_p1,Static Image,Finance & Business,Behind The Scenes,['Behind The Scenes'],1993,15,0,False,0.0,1,60,True,0,Thursday,17,0,0,US,AU,35-44,0.386,0.614,0.671,339020,13396,29608,28948,0,0.0,0.771,0.113,0.08,0.036,3318279,4572131,['Finance & Business'],Finance & Business
garyvee,Gary Vaynerchuk,US,10200000,4500,12400,True,Finance & Business,1.5,7.3,0.143,True,Instagram,garyvee_p2,Reel,Finance & Business,Inspirational / Storytelling,['Inspirational / Storytelling'],150,10,0,False,13.4,1,60,True,0,Sunday,11,1,1,US,IT,18-24,0.584,0.416,0.687,309899,8719,28392,16775,26120546,0.476,0.523,0.373,0.06,0.044,19928820,26721612,['Finance & Business'],Finance & Business
garyvee,Gary Vaynerchuk,US,10200000,4500,12400,True,Finance & Business,7.4,10.6,0.03,True,Instagram,garyvee_p3,Static Image,Finance & Business,"Behind The Scenes, Educational / How-To, Inspirational / Storytelling","['Behind The Scenes', 'Educational / How-To', 'Inspirational / Storytelling']",2098,28,2,True,0.0,1,60,True,0,Wednesday,2,0,0,US,MX,18-24,0.563,0.437,0.841,287843,18804,30231,35397,0,0.0,0.702,0.116,0.1,0.082,5519228,9427937,['Finance & Business'],Finance & Business
mkbhd,Marques Brownlee,US,4800000,380,1200,True,Science & Technology,11.3,12.5,0.112,True,YouTube,mkbhd_p1,YouTube Short,Finance & Business,Inspirational / Storytelling,['Inspirational / Storytelling'],1378,5,5,True,22.3,1,53,True,0,Wednesday,21,0,1,US,DE,18-24,0.359,0.641,0.685,229386,11050,48198,9277,24323207,0.618,0.502,0.403,0.04,0.055,14061725,17998691,"['Finance & Business', 'Science & Technology']","Finance & Business, Science & Technology"
mkbhd,Marques Brownlee,US,4800000,380,1200,True,Science & Technology,6.2,3.0,0.137,False,YouTube,mkbhd_p2,YouTube Short,Science & Technology,"Educational / How-To, Inspirational / Storytelling, Behind The Scenes","['Educational / How-To', 'Inspirational / Storytelling', 'Behind The Scenes']",1929,0,3,True,26.1,1,50,True,0,Monday,21,0,1,US,AU,18-24,0.507,0.493,0.429,143326,9236,15956,53195,15731991,0.747,0.532,0.378,0.02,0.07,10199659,16725411,"['Finance & Business', 'Science & Technology']","Finance & Business, Science & Technology"
mkbhd,Marques Brownlee,US,4800000,380,1200,True,Science & Technology,8.3,8.8,0.06,True,YouTube,mkbhd_p3,YouTube Video,Science & Technology,Behind The Scenes,['Behind The Scenes'],1238,29,2,False,922.4,1,69,False,0,Tuesday,19,0,1,US,BR,25-34,0.515,0.485,0.599,152527,6183,22758,11222,5251086,0.521,0.606,0.206,0.1,0.088,5682595,11144133,"['Finance & Business', 'Science & Technology']","Finance & Business, Science & Technology"
gordonramsay,Gordon Ramsay,GB,14500000,480,3890,True,Food & Dining,5.5,6.7,0.001,False,Instagram,gordonramsay_p1,Reel,Food & Dining,"Behind The Scenes, Promotional / Sponsored, Entertaining / Trend","['Behind The Scenes', 'Promotional / Sponsored', 'Entertaining / Trend']",1192,10,7,False,67.8,1,60,True,0,Wednesday,9,0,0,GB,ES,25-34,0.651,0.349,0.78,410761,19749,108002,18628,40044110,0.36,0.478,0.416,0.06,0.046,21495465,29927377,['Food & Dining'],Food & Dining
gordonramsay,Gordon Ramsay,GB,14500000,480,3890,True,Food & Dining,11.7,6.2,0.097,False,Instagram,gordonramsay_p2,Reel,Food & Dining,"Promotional / Sponsored, Behind The Scenes, Entertaining / Trend","['Promotional / Sponsored', 'Behind The Scenes', 'Entertaining / Trend']",1696,4,2,True,82.4,1,60,True,0,Tuesday,17,0,0,GB,BR,18-24,0.479,0.521,0.632,474097,47420,110413,19532,52183104,0.655,0.5,0.408,0.036,0.056,25147180,34670530,['Food & Dining'],Food & Dining
gordonramsay,Gordon Ramsay,GB,14500000,480,3890,True,Food & Dining,6.0,4.1,0.09,False,Instagram,gordonramsay_p3,Story,Food & Dining,Inspirational / Storytelling,['Inspirational / Storytelling'],1220,24,2,False,0.0,1,60,True,0,Wednesday,21,0,1,GB,ES,25-34,0.535,0.465,0.74,490299,38529,44016,36713,0,0.0,0.817,0.045,0.1,0.038,4220961,4569101,['Food & Dining'],Food & Dining
creator_fina_14,Creator 14 (Finance & Business),AU,6585,3273,2897,False,Finance & Business,4.0,12.5,0.093,False,Instagram,creator_fina_14_p1,Reel,Finance & Business,"Educational / How-To, Inspirational / Storytelling","['Educational / How-To', 'Inspirational / Storytelling']",1350,3,0,True,21.4,1,60,True,0,Wednesday,22,0,0,AU,IN,18-24,0.49,0.51,0.883,292,28,99,17,17187,0.562,0.47,0.434,0.032,0.064,12488,20858,['Finance & Business'],Finance & Business
creator_fina_14,Creator 14 (Finance & Business),AU,6585,3273,2897,False,Finance & Business,5.6,5.2,0.107,True,Instagram,creator_fina_14_p2,Carousel,Finance & Business,"Inspirational / Storytelling, Educational / How-To","['Inspirational / Storytelling', 'Educational / How-To']",2198,20,5,True,0.0,4,60,True,0,Wednesday,7,0,0,AU,CA,25-34,0.757,0.243,0.685,169,12,26,51,0,0.0,0.686,0.123,0.1,0.091,4945,8352,['Finance & Business'],Finance & Business
creator_fina_14,Creator 14 (Finance & Business),AU,6585,3273,2897,False,Finance & Business,6.9,11.6,-0.004,True,Instagram,creator_fina_14_p3,Reel,Finance & Business,Entertaining / Trend,['Entertaining / Trend'],380,15,0,False,42.1,1,60,True,0,Saturday,18,1,1,AU,FR,25-34,0.372,0.628,0.549,361,24,31,7,21114,0.602,0.469,0.371,0.08,0.08,10815,18280,['Finance & Business'],Finance & Business
creator_food_15,Creator 15 (Food & Dining),DE,23329,1885,2116,False,Food & Dining,3.4,9.5,0.029,True,Instagram,creator_food_15_p1,Reel,Food & Dining,Entertaining / Trend,['Entertaining / Trend'],398,5,0,False,89.2,1,60,True,0,Saturday,20,1,1,DE,IN,18-24,0.462,0.538,0.729,1068,43,272,99,113015,0.764,0.469,0.414,0.04,0.077,64547,83861,"['Education & Careers', 'Finance & Business', 'Food & Dining']","Education & Careers, Finance & Business, Food & Dining"
creator_food_15,Creator 15 (Food & Dining),DE,23329,1885,2116,False,Food & Dining,8.1,3.2,0.131,True,Instagram,creator_food_15_p2,Reel,Education & Careers,"Behind The Scenes, Promotional / Sponsored","['Behind The Scenes', 'Promotional / Sponsored']",273,24,2,False,28.0,1,60,True,0,Thursday,3,0,0,DE,CA,25-34,0.507,0.493,0.676,761,44,48,7,51789,0.38,0.497,0.366,0.1,0.037,24251,42065,"['Education & Careers', 'Finance & Business', 'Food & Dining']","Education & Careers, Finance & Business, Food & Dining"
creator_food_15,Creator 15 (Food & Dining),DE,23329,1885,2116,False,Food & Dining,10.8,13.1,-0.003,False,Instagram,creator_food_15_p3,Carousel,Finance & Business,Behind The Scenes,['Behind The Scenes'],274,12,4,False,0.0,3,60,True,0,Friday,20,0,1,DE,US,18-24,0.322,0.678,0.759,929,17,49,89,0,0.0,0.794,0.108,0.068,0.03,18724,24478,"['Education & Careers', 'Finance & Business', 'Food & Dining']","Education & Careers, Finance & Business, Food & Dining"
creator_heal_16,Creator 16 (Health & Fitness),BR,567899,3416,606,False,Health & Fitness,2.1,12.3,0.08,True,YouTube,creator_heal_16_p1,YouTube Short,Health & Fitness,Promotional / Sponsored,['Promotional / Sponsored'],2018,24,7,True,34.9,1,82,True,0,Tuesday,12,0,1,BR,FR,45+,0.604,0.396,0.637,19793,1050,4465,532,2436495,0.667,0.4,0.406,0.1,0.094,1493391,1941093,"['Education & Careers', 'Health & Fitness']","Education & Careers, Health & Fitness"
creator_heal_16,Creator 16 (Health & Fitness),BR,567899,3416,606,False,Health & Fitness,10.1,13.1,0.082,True,YouTube,creator_heal_16_p2,Community Post,Health & Fitness,"Inspirational / Storytelling, Entertaining / Trend","['Inspirational / Storytelling', 'Entertaining / Trend']",845,9,7,False,0.0,1,76,True,0,Wednesday,12,0,1,BR,IN,25-34,0.411,0.589,0.43,24919,1004,981,1435,0,0.0,0.742,0.106,0.056,0.096,165885,222219,"['Education & Careers', 'Health & Fitness']","Education & Careers, Health & Fitness"
creator_heal_16,Creator 16 (Health & Fitness),BR,567899,3416,606,False,Health & Fitness,2.8,11.1,0.064,True,YouTube,creator_heal_16_p3,YouTube Short,Education & Careers,Inspirational / Storytelling,['Inspirational / Storytelling'],1512,10,5,True,34.8,1,32,True,0,Tuesday,11,0,1,BR,GB,25-34,0.487,0.513,0.959,28748,1363,8916,1565,2347397,0.444,0.444,0.428,0.06,0.068,1141929,1538877,"['Education & Careers', 'Health & Fitness']","Education & Careers, Health & Fitness"
creator_educ_17,Creator 17 (Education & Careers),AE,5159867,3518,674,True,Education & Careers,5.1,9.0,-0.013,True,Snapchat,creator_educ_17_p1,Snapchat Story,Education & Careers,"Promotional / Sponsored, Inspirational / Storytelling, Behind The Scenes","['Promotional / Sponsored', 'Inspirational / Storytelling', 'Behind The Scenes']",845,26,6,True,6.4,1,60,True,59,Friday,7,0,0,AE,MX,25-34,0.343,0.657,0.524,100280,6365,7653,9039,1588077,0.67,0.844,0.028,0.1,0.028,1660227,1837677,['Education & Careers'],Education & Careers
creator_educ_17,Creator 17 (Education & Careers),AE,5159867,3518,674,True,Education & Careers,10.9,1.6,0.139,True,Snapchat,creator_educ_17_p2,Snapchat Post,Education & Careers,"Inspirational / Storytelling, Entertaining / Trend","['Inspirational / Storytelling', 'Entertaining / Trend']",223,26,5,True,0.0,1,60,True,265,Monday,10,0,0,AE,MX,25-34,0.9,0.1,0.435,150288,15547,20026,2561,0,0.0,0.693,0.12,0.1,0.087,1361211,1860903,['Education & Careers'],Education & Careers
creator_educ_17,Creator 17 (Education & Careers),AE,5159867,3518,674,True,Education & Careers,2.4,11.3,0.073,True,Snapchat,creator_educ_17_p3,Snapchat Spotlight,Education & Careers,"Promotional / Sponsored, Inspirational / Storytelling, Behind The Scenes","['Promotional / Sponsored', 'Inspirational / Storytelling', 'Behind The Scenes']",1006,8,2,False,20.7,1,60,True,67,Tuesday,23,0,0,AE,MX,18-24,0.26,0.74,0.964,167794,10237,41047,15594,11764609,0.591,0.48,0.411,0.052,0.057,6176172,10900307,['Education & Careers'],Education & Careers
creator_educ_18,Creator 18 (Education & Careers),MX,1477,1576,1054,False,Education & Careers,3.1,8.4,0.135,True,Instagram,creator_educ_18_p1,Reel,Fashion & Beauty,"Inspirational / Storytelling, Promotional / Sponsored","['Inspirational / Storytelling', 'Promotional / Sponsored']",2050,9,1,False,87.9,1,60,True,0,Saturday,5,1,0,MX,AU,25-34,0.439,0.561,0.517,76,5,7,1,4595,0.659,0.482,0.373,0.056,0.089,2297,2800,"['Education & Careers', 'Fashion & Beauty']","Education & Careers, Fashion & Beauty"
creator_educ_18,Creator 18 (Education & Careers),MX,1477,1576,1054,False,Education & Careers,2.9,13.2,0.012,False,Instagram,creator_educ_18_p2,Story,Education & Careers,Behind The Scenes,['Behind The Scenes'],1384,28,6,True,0.0,1,60,True,0,Wednesday,2,0,0,MX,CA,18-24,0.669,0.331,0.689,50,3,5,3,0,0.0,0.788,0.051,0.1,0.061,192,213,"['Education & Careers', 'Fashion & Beauty']","Education & Careers, Fashion & Beauty"
creator_educ_18,Creator 18 (Education & Careers),MX,1477,1576,1054,False,Education & Careers,5.7,9.3,0.126,True,Instagram,creator_educ_18_p3,Carousel,Education & Careers,"Promotional / Sponsored, Inspirational / Storytelling","['Promotional / Sponsored', 'Inspirational / Storytelling']",956,7,1,True,0.0,7,60,True,0,Monday,14,0,0,MX,AE,18-24,0.311,0.689,0.602,81,4,2,25,0,0.0,0.775,0.104,0.048,0.073,1559,2595,"['Education & Careers', 'Fashion & Beauty']","Education & Careers, Fashion & Beauty"
creator_musi_19,Creator 19 (Music & Entertainment),DE,91323,2834,1917,False,Music & Entertainment,6.8,12.5,0.109,True,Instagram,creator_musi_19_p1,Carousel,Music & Entertainment,"Behind The Scenes, Educational / How-To","['Behind The Scenes', 'Educational / How-To']",1038,10,1,False,0.0,5,60,True,0,Friday,2,0,0,DE,IT,18-24,0.255,0.745,0.502,2451,54,672,166,0,0.0,0.75,0.141,0.06,0.049,70201,95517,"['Fashion & Beauty', 'Music & Entertainment']","Fashion & Beauty, Music & Entertainment"
creator_musi_19,Creator 19 (Music & Entertainment),DE,91323,2834,1917,False,Music & Entertainment,6.1,6.1,0.021,True,Instagram,creator_musi_19_p2,Carousel,Fashion & Beauty,Entertaining / Trend,['Entertaining / Trend'],1832,21,1,True,0.0,2,60,True,0,Tuesday,18,0,1,DE,IN,18-24,0.427,0.573,0.558,4543,260,533,539,0,0.0,0.752,0.118,0.1,0.03,123332,159016,"['Fashion & Beauty', 'Music & Entertainment']","Fashion & Beauty, Music & Entertainment"
creator_musi_19,Creator 19 (Music & Entertainment),DE,91323,2834,1917,False,Music & Entertainment,1.2,7.2,0.064,True,Instagram,creator_musi_19_p3,Carousel,Music & Entertainment,Entertaining / Trend,['Entertaining / Trend'],176,27,2,True,0.0,6,60,True,0,Monday,20,0,1,DE,ES,18-24,0.552,0.448,0.72,4234,400,539,1289,0,0.0,0.694,0.119,0.1,0.087,150077,184642,"['Fashion & Beauty', 'Music & Entertainment']","Fashion & Beauty, Music & Entertainment"
creator_trav_20,Creator 20 (Travel & Events),AE,167949,479,1064,False,Travel & Events,2.9,11.6,0.025,True,YouTube,creator_trav_20_p1,YouTube Video,Travel & Events,"Educational / How-To, Inspirational / Storytelling, Entertaining / Trend","['Educational / How-To', 'Inspirational / Storytelling', 'Entertaining / Trend']",626,12,2,True,660.0,1,80,True,0,Tuesday,4,0,0,AE,DE,25-34,0.485,0.515,0.793,4464,445,773,1424,253964,0.344,0.675,0.215,0.068,0.042,185358,313611,['Travel & Events'],Travel & Events
creator_trav_20,Creator 20 (Travel & Events),AE,167949,479,1064,False,Travel & Events,2.0,6.1,0.107,True,YouTube,creator_trav_20_p2,Community Post,Travel & Events,Behind The Scenes,['Behind The Scenes'],594,17,3,True,0.0,1,34,False,0,Saturday,5,1,0,AE,BR,35-44,0.571,0.429,0.513,6379,660,175,229,0,0.0,0.755,0.104,0.088,0.053,30982,52116,['Travel & Events'],Travel & Events
creator_trav_20,Creator 20 (Travel & Events),AE,167949,479,1064,False,Travel & Events,9.8,4.5,0.027,False,YouTube,creator_trav_20_p3,YouTube Short,Travel & Events,"Inspirational / Storytelling, Educational / How-To","['Inspirational / Storytelling', 'Educational / How-To']",935,2,1,True,47.7,1,38,True,0,Sunday,2,1,0,AE,GB,25-34,0.556,0.444,0.947,4649,163,887,628,424050,0.462,0.486,0.398,0.028,0.088,264693,461284,['Travel & Events'],Travel & Events
creator_heal_21,Creator 21 (Health & Fitness),AU,1166354,1626,516,True,Health & Fitness,9.2,4.7,0.0,False,Snapchat,creator_heal_21_p1,Snapchat Story,Fashion & Beauty,"Educational / How-To, Inspirational / Storytelling, Promotional / Sponsored","['Educational / How-To', 'Inspirational / Storytelling', 'Promotional / Sponsored']",1214,9,0,True,4.5,1,60,True,89,Friday,2,0,0,AU,IT,18-24,0.682,0.318,0.692,44149,2506,13666,9514,822160,0.688,0.811,0.05,0.056,0.083,764948,861840,"['Fashion & Beauty', 'Health & Fitness']","Fashion & Beauty, Health & Fitness"
creator_heal_21,Creator 21 (Health & Fitness),AU,1166354,1626,516,True,Health & Fitness,4.1,11.2,0.045,True,Snapchat,creator_heal_21_p2,Snapchat Post,Health & Fitness,"Educational / How-To, Entertaining / Trend","['Educational / How-To', 'Entertaining / Trend']",1025,28,0,True,0.0,1,60,True,401,Saturday,3,1,0,AU,AE,18-24,0.578,0.422,0.912,40264,2397,13736,2784,0,0.0,0.705,0.151,0.1,0.044,508165,875484,"['Fashion & Beauty', 'Health & Fitness']","Fashion & Beauty, Health & Fitness"
creator_heal_21,Creator 21 (Health & Fitness),AU,1166354,1626,516,True,Health & Fitness,10.5,10.7,0.131,False,Snapchat,creator_heal_21_p3,Snapchat Story,Health & Fitness,"Entertaining / Trend, Inspirational / Storytelling","['Entertaining / Trend', 'Inspirational / Storytelling']",2023,21,2,True,3.7,1,60,True,111,Thursday,10,0,0,AU,GB,18-24,0.295,0.705,0.708,23460,1243,3089,427,423613,0.631,0.811,0.067,0.1,0.022,435051,458321,"['Fashion & Beauty', 'Health & Fitness']","Fashion & Beauty, Health & Fitness"
creator_fash_22,Creator 22 (Fashion & Beauty),AE,4194,476,3214,False,Fashion & Beauty,2.0,2.6,-0.008,True,Instagram,creator_fash_22_p1,Static Image,Fashion & Beauty,"Promotional / Sponsored, Educational / How-To","['Promotional / Sponsored', 'Educational / How-To']",1426,25,6,False,0.0,1,60,True,0,Sunday,13,1,1,AE,US,18-24,0.495,0.505,0.477,237,17,63,26,0,0.0,0.674,0.14,0.1,0.086,2892,3792,"['Fashion & Beauty', 'Finance & Business']","Fashion & Beauty, Finance & Business"
creator_fash_22,Creator 22 (Fashion & Beauty),AE,4194,476,3214,False,Fashion & Beauty,8.5,12.1,-0.007,True,Instagram,creator_fash_22_p2,Carousel,Fashion & Beauty,"Educational / How-To, Promotional / Sponsored","['Educational / How-To', 'Promotional / Sponsored']",2068,21,3,False,0.0,6,60,True,0,Tuesday,11,0,1,AE,BR,25-34,0.488,0.512,0.526,200,6,16,18,0,0.0,0.713,0.112,0.1,0.075,3607,4994,"['Fashion & Beauty', 'Finance & Business']","Fashion & Beauty, Finance & Business"
creator_fash_22,Creator 22 (Fashion & Beauty),AE,4194,476,3214,False,Fashion & Beauty,5.9,10.7,0.02,True,Instagram,creator_fash_22_p3,Story,Finance & Business,"Entertaining / Trend, Educational / How-To","['Entertaining / Trend', 'Educational / How-To']",1241,4,4,False,0.0,1,60,True,0,Wednesday,16,0,0,AE,CA,25-34,0.86,0.14,0.841,168,3,25,22,0,0.0,0.856,0.048,0.036,0.06,847,888,"['Fashion & Beauty', 'Finance & Business']","Fashion & Beauty, Finance & Business"
creator_scie_23,Creator 23 (Science & Technology),US,84716,2497,4655,False,Science & Technology,9.1,1.4,0.077,False,Instagram,creator_scie_23_p1,Carousel,Science & Technology,"Educational / How-To, Entertaining / Trend","['Educational / How-To', 'Entertaining / Trend']",1156,27,2,True,0.0,6,60,True,0,Sunday,23,1,0,US,BR,25-34,0.155,0.845,0.497,2376,89,201,89,0,0.0,0.717,0.113,0.1,0.07,53529,88693,['Science & Technology'],Science & Technology
creator_scie_23,Creator 23 (Science & Technology),US,84716,2497,4655,False,Science & Technology,6.8,9.3,0.126,True,Instagram,creator_scie_23_p2,Reel,Science & Technology,Inspirational / Storytelling,['Inspirational / Storytelling'],587,27,7,True,77.2,1,60,True,0,Thursday,8,0,0,US,AE,35-44,0.232,0.768,0.518,2514,102,334,196,196614,0.766,0.473,0.383,0.1,0.044,113746,204057,['Science & Technology'],Science & Technology
creator_scie_23,Creator 23 (Science & Technology),US,84716,2497,4655,False,Science & Technology,3.5,10.9,0.074,False,Instagram,creator_scie_23_p3,Carousel,Science & Technology,"Promotional / Sponsored, Behind The Scenes, Inspirational / Storytelling","['Promotional / Sponsored', 'Behind The Scenes', 'Inspirational / Storytelling']",628,2,4,True,0.0,7,60,True,0,Friday,9,0,0,US,CA,18-24,0.582,0.418,0.583,2605,123,98,263,0,0.0,0.832,0.106,0.028,0.034,71647,104367,['Science & Technology'],Science & Technology
creator_fina_24,Creator 24 (Finance & Business),AU,188378,2764,418,False,Finance & Business,7.6,13.4,0.064,False,YouTube,creator_fina_24_p1,YouTube Short,Finance & Business,Promotional / Sponsored,['Promotional / Sponsored'],1500,13,3,True,54.7,1,89,False,0,Monday,3,0,0,AU,US,25-34,0.618,0.382,0.677,8551,563,860,301,429157,0.462,0.529,0.375,0.072,0.024,275160,448341,"['Education & Careers', 'Finance & Business']","Education & Careers, Finance & Business"
creator_fina_24,Creator 24 (Finance & Business),AU,188378,2764,418,False,Finance & Business,3.2,13.1,-0.017,True,YouTube,creator_fina_24_p2,YouTube Short,Finance & Business,"Promotional / Sponsored, Entertaining / Trend","['Promotional / Sponsored', 'Entertaining / Trend']",526,21,0,True,40.2,1,58,False,0,Monday,16,0,0,AU,BR,35-44,0.286,0.714,0.952,5133,297,905,166,247768,0.732,0.408,0.394,0.1,0.098,204421,358539,"['Education & Careers', 'Finance & Business']","Education & Careers, Finance & Business"
creator_fina_24,Creator 24 (Finance & Business),AU,188378,2764,418,False,Finance & Business,5.1,3.3,0.017,True,YouTube,creator_fina_24_p3,Community Post,Education & Careers,"Educational / How-To, Behind The Scenes","['Educational / How-To', 'Behind The Scenes']",1371,15,1,True,0.0,1,41,True,0,Friday,1,0,0,AU,FR,25-34,0.674,0.326,0.826,8304,493,1694,1186,0,0.0,0.752,0.131,0.08,0.037,102810,168046,"['Education & Careers', 'Finance & Business']","Education & Careers, Finance & Business"
creator_educ_25,Creator 25 (Education & Careers),AE,5245049,3445,1079,False,Education & Careers,5.9,13.4,0.091,False,Snapchat,creator_educ_25_p1,Snapchat Story,Education & Careers,Educational / How-To,['Educational / How-To'],1539,13,0,True,7.1,1,60,True,427,Wednesday,1,0,0,AE,GB,45+,0.463,0.537,0.684,186732,8140,28724,60300,2065391,0.791,0.876,0.028,0.072,0.024,2183735,2466649,"['Education & Careers', 'Health & Fitness']","Education & Careers, Health & Fitness"
creator_educ_25,Creator 25 (Education & Careers),AE,5245049,3445,1079,False,Education & Careers,7.5,1.3,0.068,False,Snapchat,creator_educ_25_p2,Snapchat Spotlight,Health & Fitness,Promotional / Sponsored,['Promotional / Sponsored'],965,0,5,False,40.8,1,60,True,443,Friday,18,0,1,AE,IN,25-34,0.474,0.526,0.644,119103,5320,16804,9383,6637443,0.741,0.5,0.385,0.02,0.095,5104597,7702191,"['Education & Careers', 'Health & Fitness']","Education & Careers, Health & Fitness"
creator_educ_25,Creator 25 (Education & Careers),AE,5245049,3445,1079,False,Education & Careers,6.3,13.7,0.061,False,Snapchat,creator_educ_25_p3,Snapchat Spotlight,Education & Careers,Behind The Scenes,['Behind The Scenes'],629,27,7,False,29.5,1,60,True,490,Sunday,23,1,0,AE,FR,35-44,0.506,0.494,0.43,123039,9744,6318,5929,10234280,0.483,0.477,0.363,0.1,0.06,4770300,6586919,"['Education & Careers', 'Health & Fitness']","Education & Careers, Health & Fitness"
creator_spor_26,Creator 26 (Sports),IN,1778,83,4657,False,Sports,3.0,9.8,0.025,True,Instagram,creator_spor_26_p1,Carousel,Sports,Inspirational / Storytelling,['Inspirational / Storytelling'],1134,3,2,True,0.0,9,60,True,0,Wednesday,7,0,0,IN,FR,35-44,0.299,0.701,0.602,60,2,1,10,0,0.0,0.789,0.102,0.032,0.077,1548,2479,['Sports'],Sports
creator_spor_26,Creator 26 (Sports),IN,1778,83,4657,False,Sports,4.8,3.1,0.068,True,Instagram,creator_spor_26_p2,Carousel,Sports,"Promotional / Sponsored, Entertaining / Trend, Educational / How-To","['Promotional / Sponsored', 'Entertaining / Trend', 'Educational / How-To']",1985,16,3,False,0.0,10,60,True,0,Tuesday,16,0,0,IN,IT,18-24,0.635,0.365,0.503,70,5,13,14,0,0.0,0.72,0.127,0.084,0.069,1186,2129,['Sports'],Sports
creator_spor_26,Creator 26 (Sports),IN,1778,83,4657,False,Sports,9.3,13.9,0.138,True,Instagram,creator_spor_26_p3,Reel,Sports,Entertaining / Trend,['Entertaining / Trend'],135,10,2,False,28.7,1,60,True,0,Tuesday,4,0,0,IN,IT,18-24,0.223,0.777,0.582,56,2,7,1,3789,0.732,0.471,0.381,0.06,0.088,1920,2506,['Sports'],Sports
creator_scie_27,Creator 27 (Science & Technology),CA,27186,3587,696,False,Science & Technology,3.9,6.1,0.052,True,Instagram,creator_scie_27_p1,Static Image,Science & Technology,"Promotional / Sponsored, Entertaining / Trend, Educational / How-To","['Promotional / Sponsored', 'Entertaining / Trend', 'Educational / How-To']",644,19,1,True,0.0,1,60,True,0,Monday,17,0,0,CA,IT,35-44,0.263,0.737,0.557,1221,33,167,216,0,0.0,0.693,0.12,0.096,0.091,17253,25153,['Science & Technology'],Science & Technology
creator_scie_27,Creator 27 (Science & Technology),CA,27186,3587,696,False,Science & Technology,2.9,11.6,0.079,False,Instagram,creator_scie_27_p2,Carousel,Science & Technology,"Promotional / Sponsored, Educational / How-To","['Promotional / Sponsored', 'Educational / How-To']",603,23,2,True,0.0,6,60,True,0,Wednesday,11,0,1,CA,MX,25-34,0.549,0.451,0.939,1619,138,543,518,0,0.0,0.721,0.15,0.1,0.029,38703,58302,['Science & Technology'],Science & Technology
creator_scie_27,Creator 27 (Science & Technology),CA,27186,3587,696,False,Science & Technology,2.7,2.4,0.15,True,Instagram,creator_scie_27_p3,Carousel,Science & Technology,Entertaining / Trend,['Entertaining / Trend'],1335,15,4,False,0.0,2,60,True,0,Friday,9,0,0,CA,IN,35-44,0.465,0.535,0.906,1143,30,56,204,0,0.0,0.754,0.107,0.08,0.059,27037,39323,['Science & Technology'],Science & Technology
creator_food_28,Creator 28 (Food & Dining),AE,122393,3598,658,False,Food & Dining,2.5,5.2,0.043,True,YouTube,creator_food_28_p1,Community Post,Food & Dining,"Inspirational / Storytelling, Behind The Scenes","['Inspirational / Storytelling', 'Behind The Scenes']",1896,7,3,False,0.0,1,70,True,0,Friday,14,0,0,AE,US,18-24,0.57,0.43,0.572,3413,196,95,309,0,0.0,0.823,0.104,0.048,0.025,35405,61012,"['Finance & Business', 'Food & Dining']","Finance & Business, Food & Dining"
creator_food_28,Creator 28 (Food & Dining),AE,122393,3598,658,False,Food & Dining,11.9,7.0,-0.004,True,YouTube,creator_food_28_p2,YouTube Short,Finance & Business,Entertaining / Trend,['Entertaining / Trend'],1397,20,4,True,28.9,1,63,True,0,Wednesday,14,0,0,AE,US,25-34,0.398,0.602,0.836,4032,388,1151,77,453644,0.712,0.389,0.421,0.1,0.09,265650,428482,"['Finance & Business', 'Food & Dining']","Finance & Business, Food & Dining"
creator_food_28,Creator 28 (Food & Dining),AE,122393,3598,658,False,Food & Dining,4.2,13.6,0.1,True,YouTube,creator_food_28_p3,YouTube Video,Food & Dining,"Inspirational / Storytelling, Promotional / Sponsored","['Inspirational / Storytelling', 'Promotional / Sponsored']",128,4,6,True,860.8,1,33,True,0,Monday,4,0,0,AE,BR,25-34,0.607,0.393,0.573,4723,173,223,1061,135484,0.541,0.736,0.205,0.036,0.023,163694,278246,"['Finance & Business', 'Food & Dining']","Finance & Business, Food & Dining"
creator_fina_29,Creator 29 (Finance & Business),MX,24450897,69,4941,True,Finance & Business,11.1,1.4,-0.009,True,Snapchat,creator_fina_29_p1,Snapchat Story,Finance & Business,Educational / How-To,['Educational / How-To'],747,8,4,True,14.9,1,60,True,474,Saturday,1,1,0,MX,DE,25-34,0.557,0.443,0.552,610075,30048,85501,58815,7211032,0.619,0.803,0.079,0.052,0.066,7490520,8123600,['Finance & Business'],Finance & Business
creator_fina_29,Creator 29 (Finance & Business),MX,24450897,69,4941,True,Finance & Business,10.5,11.9,-0.005,False,Snapchat,creator_fina_29_p2,Snapchat Story,Finance & Business,Entertaining / Trend,['Entertaining / Trend'],1827,2,5,True,7.4,1,60,True,49,Thursday,13,0,1,MX,IT,18-24,0.589,0.411,0.895,594674,15070,63455,26704,6984660,0.699,0.854,0.034,0.028,0.084,6561558,6749427,['Finance & Business'],Finance & Business
creator_fina_29,Creator 29 (Finance & Business),MX,24450897,69,4941,True,Finance & Business,2.6,12.3,0.082,False,Snapchat,creator_fina_29_p3,Snapchat Story,Finance & Business,"Entertaining / Trend, Educational / How-To, Promotional / Sponsored","['Entertaining / Trend', 'Educational / How-To', 'Promotional / Sponsored']",161,3,5,True,6.2,1,60,True,37,Saturday,10,1,0,MX,ES,25-34,0.528,0.472,0.892,786136,46034,119086,110530,7283308,0.553,0.91,0.034,0.032,0.024,7705736,8225535,['Finance & Business'],Finance & Business
creator_food_30,Creator 30 (Food & Dining),GB,9622,3060,1420,False,Food & Dining,3.7,8.2,0.031,False,Instagram,creator_food_30_p1,Static Image,Sports,"Entertaining / Trend, Behind The Scenes","['Entertaining / Trend', 'Behind The Scenes']",822,5,7,False,0.0,1,60,True,0,Wednesday,4,0,0,GB,FR,18-24,0.642,0.358,0.795,363,19,34,26,0,0.0,0.748,0.114,0.04,0.098,4014,6741,"['Food & Dining', 'Sports']","Food & Dining, Sports"
creator_food_30,Creator 30 (Food & Dining),GB,9622,3060,1420,False,Food & Dining,9.3,11.8,0.102,True,Instagram,creator_food_30_p2,Carousel,Food & Dining,"Entertaining / Trend, Behind The Scenes","['Entertaining / Trend', 'Behind The Scenes']",344,2,6,False,0.0,10,60,True,0,Monday,4,0,0,GB,FR,18-24,0.462,0.538,0.804,228,16,20,10,0,0.0,0.762,0.113,0.028,0.097,6360,9995,"['Food & Dining', 'Sports']","Food & Dining, Sports"
creator_food_30,Creator 30 (Food & Dining),GB,9622,3060,1420,False,Food & Dining,8.1,11.3,0.086,True,Instagram,creator_food_30_p3,Carousel,Food & Dining,Entertaining / Trend,['Entertaining / Trend'],1121,4,0,True,0.0,3,60,True,0,Wednesday,11,0,1,GB,US,35-44,0.226,0.774,0.459,340,18,30,79,0,0.0,0.809,0.113,0.036,0.042,10524,17117,"['Food & Dining', 'Sports']","Food & Dining, Sports"
creator_trav_31,Creator 31 (Travel & Events),MX,74642,2133,2818,False,Travel & Events,11.4,7.6,0.02,False,Instagram,creator_trav_31_p1,Reel,Travel & Events,Behind The Scenes,['Behind The Scenes'],866,17,7,False,42.9,1,60,True,0,Friday,20,0,1,MX,IT,25-34,0.686,0.314,0.596,2818,109,167,61,271938,0.542,0.465,0.365,0.088,0.082,134908,190422,"['Education & Careers', 'Food & Dining', 'Travel & Events']","Education & Careers, Food & Dining, Travel & Events"
creator_trav_31,Creator 31 (Travel & Events),MX,74642,2133,2818,False,Travel & Events,11.3,13.2,0.071,True,Instagram,creator_trav_31_p2,Static Image,Education & Careers,"Educational / How-To, Promotional / Sponsored, Entertaining / Trend","['Educational / How-To', 'Promotional / Sponsored', 'Entertaining / Trend']",1444,15,7,False,0.0,1,60,True,0,Thursday,17,0,0,MX,IT,35-44,0.531,0.469,0.668,1642,97,448,396,0,0.0,0.725,0.141,0.08,0.054,31511,38224,"['Education & Careers', 'Food & Dining', 'Travel & Events']","Education & Careers, Food & Dining, Travel & Events"
creator_trav_31,Creator 31 (Travel & Events),MX,74642,2133,2818,False,Travel & Events,8.0,10.0,-0.017,True,Instagram,creator_trav_31_p3,Reel,Food & Dining,"Entertaining / Trend, Educational / How-To","['Entertaining / Trend', 'Educational / How-To']",2188,6,2,True,36.3,1,60,True,0,Tuesday,18,0,1,MX,FR,18-24,0.415,0.585,0.74,2666,257,845,845,489249,0.539,0.506,0.429,0.044,0.021,246913,386293,"['Education & Careers', 'Food & Dining', 'Travel & Events']","Education & Careers, Food & Dining, Travel & Events"
creator_musi_32,Creator 32 (Music & Entertainment),FR,321506,50,2241,False,Music & Entertainment,6.7,8.9,0.047,False,YouTube,creator_musi_32_p1,YouTube Short,Music & Entertainment,"Inspirational / Storytelling, Educational / How-To, Entertaining / Trend","['Inspirational / Storytelling', 'Educational / How-To', 'Entertaining / Trend']",571,14,0,True,24.3,1,83,True,0,Friday,13,0,1,FR,DE,18-24,0.684,0.316,0.458,12380,726,822,3045,934418,0.848,0.536,0.367,0.076,0.021,503731,827616,"['Music & Entertainment', 'Science & Technology']","Music & Entertainment, Science & Technology"
creator_musi_32,Creator 32 (Music & Entertainment),FR,321506,50,2241,False,Music & Entertainment,2.4,4.8,0.135,False,YouTube,creator_musi_32_p2,YouTube Video,Music & Entertainment,"Behind The Scenes, Entertaining / Trend","['Behind The Scenes', 'Entertaining / Trend']",667,25,2,False,186.3,1,69,True,0,Monday,14,0,0,FR,ES,35-44,0.488,0.512,0.636,6985,309,559,1049,426201,0.63,0.64,0.207,0.1,0.053,291968,628480,"['Music & Entertainment', 'Science & Technology']","Music & Entertainment, Science & Technology"
creator_musi_32,Creator 32 (Music & Entertainment),FR,321506,50,2241,False,Music & Entertainment,10.7,13.5,0.019,True,YouTube,creator_musi_32_p3,YouTube Video,Science & Technology,Promotional / Sponsored,['Promotional / Sponsored'],1370,1,2,True,1507.2,1,61,True,0,Thursday,11,0,1,FR,MX,18-24,0.595,0.405,0.645,10591,648,677,2316,770016,0.387,0.724,0.209,0.024,0.043,645845,1551416,"['Music & Entertainment', 'Science & Technology']","Music & Entertainment, Science & Technology"
creator_trav_33,Creator 33 (Travel & Events),DE,1435052,1003,2984,True,Travel & Events,11.9,6.5,0.118,True,Snapchat,creator_trav_33_p1,Snapchat Story,Travel & Events,Entertaining / Trend,['Entertaining / Trend'],1048,11,1,True,12.1,1,60,True,253,Sunday,13,1,1,DE,US,18-24,0.726,0.274,0.938,54225,5096,5795,5550,966683,0.587,0.854,0.044,0.064,0.038,903747,1021256,"['Science & Technology', 'Travel & Events']","Science & Technology, Travel & Events"
creator_trav_33,Creator 33 (Travel & Events),DE,1435052,1003,2984,True,Travel & Events,10.0,10.7,0.038,True,Snapchat,creator_trav_33_p2,Snapchat Story,Travel & Events,Promotional / Sponsored,['Promotional / Sponsored'],578,11,7,False,9.9,1,60,True,231,Wednesday,11,0,1,DE,FR,25-34,0.371,0.629,0.489,50585,2069,3228,2997,594715,0.809,0.842,0.055,0.064,0.039,603408,652512,"['Science & Technology', 'Travel & Events']","Science & Technology, Travel & Events"
creator_trav_33,Creator 33 (Travel & Events),DE,1435052,1003,2984,True,Travel & Events,8.1,13.6,0.022,False,Snapchat,creator_trav_33_p3,Snapchat Story,Science & Technology,"Inspirational / Storytelling, Behind The Scenes, Entertaining / Trend","['Inspirational / Storytelling', 'Behind The Scenes', 'Entertaining / Trend']",1217,0,7,True,11.3,1,60,True,428,Wednesday,16,0,0,DE,CA,45+,0.701,0.299,0.481,47157,3746,3624,5324,417991,0.726,0.809,0.072,0.02,0.099,431845,450047,"['Science & Technology', 'Travel & Events']","Science & Technology, Travel & Events"
creator_fash_34,Creator 34 (Fashion & Beauty),US,2648,2091,2610,False,Fashion & Beauty,6.8,10.2,0.078,False,Instagram,creator_fash_34_p1,Static Image,Fashion & Beauty,Promotional / Sponsored,['Promotional / Sponsored'],411,9,1,False,0.0,1,60,True,0,Thursday,21,0,1,US,ES,25-34,0.457,0.543,0.501,109,5,5,3,0,0.0,0.756,0.107,0.056,0.081,1129,1459,"['Fashion & Beauty', 'Finance & Business']","Fashion & Beauty, Finance & Business"
creator_fash_34,Creator 34 (Fashion & Beauty),US,2648,2091,2610,False,Fashion & Beauty,11.1,2.3,0.034,False,Instagram,creator_fash_34_p2,Reel,Fashion & Beauty,Inspirational / Storytelling,['Inspirational / Storytelling'],2178,0,7,True,76.2,1,60,True,0,Tuesday,2,0,0,US,IN,18-24,0.257,0.743,0.948,112,10,28,9,10751,0.688,0.481,0.412,0.02,0.087,6535,10356,"['Fashion & Beauty', 'Finance & Business']","Fashion & Beauty, Finance & Business"
creator_fash_34,Creator 34 (Fashion & Beauty),US,2648,2091,2610,False,Fashion & Beauty,5.2,11.9,-0.007,True,Instagram,creator_fash_34_p3,Video,Finance & Business,"Inspirational / Storytelling, Educational / How-To, Promotional / Sponsored","['Inspirational / Storytelling', 'Educational / How-To', 'Promotional / Sponsored']",1242,15,0,False,61.6,1,60,True,0,Tuesday,18,0,1,US,BR,25-34,0.499,0.501,0.973,108,3,22,22,5490,0.511,0.66,0.19,0.08,0.07,3641,6406,"['Fashion & Beauty', 'Finance & Business']","Fashion & Beauty, Finance & Business"
creator_musi_35,Creator 35 (Music & Entertainment),ES,47805,3025,3874,False,Music & Entertainment,7.6,6.6,0.137,False,Instagram,creator_musi_35_p1,Video,Music & Entertainment,Promotional / Sponsored,['Promotional / Sponsored'],1331,19,2,True,79.6,1,60,True,0,Sunday,3,1,0,ES,DE,18-24,0.254,0.746,0.431,2180,170,60,34,56324,0.691,0.669,0.156,0.096,0.079,35795,48508,"['Food & Dining', 'Music & Entertainment']","Food & Dining, Music & Entertainment"
creator_musi_35,Creator 35 (Music & Entertainment),ES,47805,3025,3874,False,Music & Entertainment,3.3,8.6,0.02,False,Instagram,creator_musi_35_p2,Carousel,Food & Dining,"Behind The Scenes, Promotional / Sponsored","['Behind The Scenes', 'Promotional / Sponsored']",527,6,6,True,0.0,5,60,True,0,Friday,22,0,0,ES,DE,25-34,0.635,0.365,0.845,1739,40,197,319,0,0.0,0.789,0.117,0.044,0.05,33509,44638,"['Food & Dining', 'Music & Entertainment']","Food & Dining, Music & Entertainment"
creator_musi_35,Creator 35 (Music & Entertainment),ES,47805,3025,3874,False,Music & Entertainment,11.2,1.5,0.086,True,Instagram,creator_musi_35_p3,Reel,Music & Entertainment,"Entertaining / Trend, Inspirational / Storytelling","['Entertaining / Trend', 'Inspirational / Storytelling']",1679,28,3,True,43.9,1,60,True,0,Sunday,9,1,0,ES,US,45+,0.443,0.557,0.545,1533,43,270,40,97239,0.458,0.464,0.394,0.1,0.042,73751,112492,"['Food & Dining', 'Music & Entertainment']","Food & Dining, Music & Entertainment"
creator_spor_36,Creator 36 (Sports),IN,338095,1635,2731,False,Sports,7.9,6.5,0.045,True,YouTube,creator_spor_36_p1,YouTube Short,Sports,Promotional / Sponsored,['Promotional / Sponsored'],1229,14,7,False,16.3,1,25,False,0,Tuesday,3,0,0,IN,ES,18-24,0.565,0.435,0.978,10884,595,3067,185,1143608,0.674,0.407,0.42,0.076,0.097,724204,946163,"['Education & Careers', 'Sports']","Education & Careers, Sports"
creator_spor_36,Creator 36 (Sports),IN,338095,1635,2731,False,Sports,8.5,8.6,0.042,True,YouTube,creator_spor_36_p2,YouTube Short,Sports,"Behind The Scenes, Educational / How-To","['Behind The Scenes', 'Educational / How-To']",1196,9,1,False,52.7,1,35,True,0,Sunday,0,1,0,IN,FR,25-34,0.666,0.334,0.52,14529,225,1245,2926,996109,0.791,0.5,0.371,0.056,0.073,564965,873249,"['Education & Careers', 'Sports']","Education & Careers, Sports"
creator_spor_36,Creator 36 (Sports),IN,338095,1635,2731,False,Sports,6.7,5.4,0.007,False,YouTube,creator_spor_36_p3,YouTube Short,Education & Careers,Entertaining / Trend,['Entertaining / Trend'],331,24,7,False,30.9,1,66,True,0,Tuesday,3,0,0,IN,ES,45+,0.322,0.678,0.544,12305,884,1033,934,1096049,0.749,0.431,0.371,0.1,0.098,518467,905396,"['Education & Careers', 'Sports']","Education & Careers, Sports"
creator_educ_37,Creator 37 (Education & Careers),IN,13395824,496,1360,True,Education & Careers,1.7,4.1,-0.01,True,Snapchat,creator_educ_37_p1,Snapchat Spotlight,Education & Careers,Entertaining / Trend,['Entertaining / Trend'],595,3,2,True,50.1,1,60,True,420,Sunday,4,1,0,IN,DE,25-34,0.459,0.541,0.493,502489,46955,117537,22008,44743954,0.745,0.474,0.408,0.032,0.086,24714855,38453234,['Education & Careers'],Education & Careers
creator_educ_37,Creator 37 (Education & Careers),IN,13395824,496,1360,True,Education & Careers,10.8,10.9,0.099,False,Snapchat,creator_educ_37_p2,Snapchat Spotlight,Education & Careers,"Promotional / Sponsored, Inspirational / Storytelling","['Promotional / Sponsored', 'Inspirational / Storytelling']",1668,2,4,True,18.5,1,60,True,457,Saturday,6,1,0,IN,IT,18-24,0.65,0.35,0.811,441447,30616,39439,9466,32664183,0.396,0.554,0.372,0.028,0.046,15205744,20704449,['Education & Careers'],Education & Careers
creator_educ_37,Creator 37 (Education & Careers),IN,13395824,496,1360,True,Education & Careers,3.0,9.3,0.045,True,Snapchat,creator_educ_37_p3,Snapchat Spotlight,Education & Careers,"Entertaining / Trend, Educational / How-To","['Entertaining / Trend', 'Educational / How-To']",887,8,6,True,25.8,1,60,True,205,Sunday,11,1,1,IN,IT,18-24,0.537,0.463,0.844,458930,17872,156399,126576,40712547,0.725,0.415,0.435,0.052,0.098,24713452,29238254,['Education & Careers'],Education & Careers
creator_heal_38,Creator 38 (Health & Fitness),CA,3426,2738,4601,False,Health & Fitness,5.5,3.4,0.104,True,Instagram,creator_heal_38_p1,Reel,Health & Fitness,Inspirational / Storytelling,['Inspirational / Storytelling'],1444,25,3,True,17.9,1,60,True,0,Saturday,5,1,0,CA,GB,35-44,0.322,0.678,0.959,148,8,18,16,10433,0.712,0.43,0.38,0.1,0.09,5176,7539,['Health & Fitness'],Health & Fitness
creator_heal_38,Creator 38 (Health & Fitness),CA,3426,2738,4601,False,Health & Fitness,10.4,13.5,0.059,False,Instagram,creator_heal_38_p2,Story,Health & Fitness,"Educational / How-To, Inspirational / Storytelling","['Educational / How-To', 'Inspirational / Storytelling']",533,3,1,True,0.0,1,60,True,0,Friday,19,0,1,CA,IT,18-24,0.631,0.369,0.448,152,8,32,52,0,0.0,0.884,0.043,0.032,0.041,1062,1209,['Health & Fitness'],Health & Fitness
creator_heal_38,Creator 38 (Health & Fitness),CA,3426,2738,4601,False,Health & Fitness,2.8,9.8,0.026,False,Instagram,creator_heal_38_p3,Reel,Health & Fitness,Educational / How-To,['Educational / How-To'],2112,1,5,False,59.9,1,60,True,0,Thursday,4,0,0,CA,DE,35-44,0.505,0.495,0.593,95,3,20,18,9212,0.577,0.539,0.402,0.024,0.035,6016,9457,['Health & Fitness'],Health & Fitness
creator_heal_39,Creator 39 (Health & Fitness),DE,34812,812,1339,False,Health & Fitness,10.1,9.3,0.105,True,Instagram,creator_heal_39_p1,Static Image,Health & Fitness,Educational / How-To,['Educational / How-To'],1538,1,2,True,0.0,1,60,True,0,Saturday,13,1,1,DE,MX,35-44,0.419,0.581,0.898,1907,97,275,182,0,0.0,0.819,0.122,0.024,0.035,26386,32176,['Health & Fitness'],Health & Fitness
creator_heal_39,Creator 39 (Health & Fitness),DE,34812,812,1339,False,Health & Fitness,3.1,2.0,0.083,True,Instagram,creator_heal_39_p2,Reel,Health & Fitness,Inspirational / Storytelling,['Inspirational / Storytelling'],316,1,0,False,82.9,1,60,True,0,Thursday,7,0,0,DE,AU,18-24,0.354,0.646,0.812,1403,34,304,85,170126,0.689,0.549,0.404,0.024,0.023,77876,96538,['Health & Fitness'],Health & Fitness
creator_heal_39,Creator 39 (Health & Fitness),DE,34812,812,1339,False,Health & Fitness,7.1,10.1,0.09,True,Instagram,creator_heal_39_p3,Story,Health & Fitness,Behind The Scenes,['Behind The Scenes'],1683,7,6,False,0.0,1,60,True,0,Thursday,0,0,0,DE,US,25-34,0.634,0.366,0.722,1321,94,43,45,0,0.0,0.894,0.026,0.048,0.032,3517,3599,['Health & Fitness'],Health & Fitness
creator_trav_40,Creator 40 (Travel & Events),AE,577440,1273,4621,False,Travel & Events,4.0,11.6,0.109,True,YouTube,creator_trav_40_p1,Community Post,Travel & Events,Behind The Scenes,['Behind The Scenes'],2159,2,5,True,0.0,1,76,True,0,Wednesday,23,0,0,AE,DE,18-24,0.441,0.559,0.481,13358,1104,852,186,0,0.0,0.777,0.11,0.028,0.085,148767,206038,"['Sports', 'Travel & Events']","Sports, Travel & Events"
creator_trav_40,Creator 40 (Travel & Events),AE,577440,1273,4621,False,Travel & Events,7.1,5.5,0.116,True,YouTube,creator_trav_40_p2,YouTube Video,Travel & Events,Educational / How-To,['Educational / How-To'],837,2,4,False,1725.7,1,57,True,0,Tuesday,5,0,0,AE,GB,18-24,0.48,0.52,0.674,13845,1016,2508,3658,803925,0.471,0.719,0.211,0.028,0.042,543211,877195,"['Sports', 'Travel & Events']","Sports, Travel & Events"
creator_trav_40,Creator 40 (Travel & Events),AE,577440,1273,4621,False,Travel & Events,8.1,10.2,0.1,True,YouTube,creator_trav_40_p3,YouTube Short,Sports,Entertaining / Trend,['Entertaining / Trend'],1265,4,5,False,33.9,1,72,True,0,Saturday,8,1,0,AE,IN,18-24,0.315,0.685,0.709,14392,930,3936,309,1034367,0.403,0.473,0.418,0.036,0.073,678796,1051287,"['Sports', 'Travel & Events']","Sports, Travel & Events"
creator_scie_41,Creator 41 (Science & Technology),CA,3346249,182,602,False,Science & Technology,3.8,14.0,0.102,False,Snapchat,creator_scie_41_p1,Snapchat Story,Science & Technology,Educational / How-To,['Educational / How-To'],243,18,5,True,8.9,1,60,True,56,Tuesday,11,0,1,CA,AE,25-34,0.59,0.41,0.415,142594,8768,27845,6621,2458890,0.877,0.757,0.056,0.092,0.095,2668445,2832534,['Science & Technology'],Science & Technology
creator_scie_41,Creator 41 (Science & Technology),CA,3346249,182,602,False,Science & Technology,3.5,13.3,0.027,False,Snapchat,creator_scie_41_p2,Snapchat Story,Science & Technology,Promotional / Sponsored,['Promotional / Sponsored'],187,2,0,False,3.1,1,60,True,40,Sunday,10,1,0,CA,US,25-34,0.687,0.313,0.613,108310,5879,10771,4793,1333788,0.859,0.888,0.041,0.028,0.043,1261385,1369664,['Science & Technology'],Science & Technology
creator_scie_41,Creator 41 (Science & Technology),CA,3346249,182,602,False,Science & Technology,6.3,9.8,0.093,False,Snapchat,creator_scie_41_p3,Snapchat Story,Science & Technology,"Educational / How-To, Entertaining / Trend","['Educational / How-To', 'Entertaining / Trend']",272,24,6,True,12.3,1,60,True,128,Wednesday,9,0,0,CA,IN,25-34,0.473,0.527,0.739,72493,1650,11024,14841,655319,0.666,0.768,0.056,0.1,0.076,659003,720209,['Science & Technology'],Science & Technology
creator_fash_42,Creator 42 (Fashion & Beauty),GB,749,2607,1923,False,Fashion & Beauty,5.8,4.5,0.004,True,Instagram,creator_fash_42_p1,Story,Fashion & Beauty,"Educational / How-To, Entertaining / Trend, Behind The Scenes","['Educational / How-To', 'Entertaining / Trend', 'Behind The Scenes']",962,15,3,True,0.0,1,60,True,0,Monday,6,0,0,GB,BR,18-24,0.603,0.397,0.416,42,2,4,11,0,0.0,0.762,0.064,0.08,0.094,270,308,"['Education & Careers', 'Fashion & Beauty', 'Sports']","Education & Careers, Fashion & Beauty, Sports"
creator_fash_42,Creator 42 (Fashion & Beauty),GB,749,2607,1923,False,Fashion & Beauty,4.3,4.0,0.085,True,Instagram,creator_fash_42_p2,Reel,Education & Careers,"Entertaining / Trend, Behind The Scenes","['Entertaining / Trend', 'Behind The Scenes']",197,14,7,True,74.1,1,60,True,0,Wednesday,12,0,1,GB,DE,35-44,0.563,0.437,0.893,43,1,10,1,3781,0.521,0.444,0.407,0.076,0.073,1835,2227,"['Education & Careers', 'Fashion & Beauty', 'Sports']","Education & Careers, Fashion & Beauty, Sports"
creator_fash_42,Creator 42 (Fashion & Beauty),GB,749,2607,1923,False,Fashion & Beauty,3.1,1.5,0.042,True,Instagram,creator_fash_42_p3,Carousel,Sports,"Promotional / Sponsored, Educational / How-To","['Promotional / Sponsored', 'Educational / How-To']",1938,21,4,True,0.0,10,60,True,0,Sunday,10,1,0,GB,BR,35-44,0.644,0.356,0.595,33,1,4,1,0,0.0,0.708,0.118,0.1,0.074,492,661,"['Education & Careers', 'Fashion & Beauty', 'Sports']","Education & Careers, Fashion & Beauty, Sports"
creator_food_43,Creator 43 (Food & Dining),IT,21286,3755,4126,False,Food & Dining,7.8,4.9,0.033,True,Instagram,creator_food_43_p1,Static Image,Food & Dining,Educational / How-To,['Educational / How-To'],125,8,7,True,0.0,1,60,True,0,Monday,0,0,0,IT,DE,45+,0.478,0.522,0.659,753,64,44,101,0,0.0,0.775,0.109,0.052,0.064,13907,23247,['Food & Dining'],Food & Dining
creator_food_43,Creator 43 (Food & Dining),IT,21286,3755,4126,False,Food & Dining,6.5,8.6,-0.02,True,Instagram,creator_food_43_p2,Carousel,Food & Dining,Promotional / Sponsored,['Promotional / Sponsored'],422,27,2,True,0.0,7,60,True,0,Wednesday,16,0,0,IT,CA,35-44,0.446,0.554,0.475,813,63,88,216,0,0.0,0.699,0.116,0.1,0.085,23602,30903,['Food & Dining'],Food & Dining
creator_food_43,Creator 43 (Food & Dining),IT,21286,3755,4126,False,Food & Dining,11.9,13.6,0.136,True,Instagram,creator_food_43_p3,Static Image,Food & Dining,Behind The Scenes,['Behind The Scenes'],2135,17,3,True,0.0,1,60,True,0,Monday,23,0,0,IT,AU,35-44,0.54,0.46,0.753,742,65,75,32,0,0.0,0.763,0.115,0.088,0.034,12740,20619,['Food & Dining'],Food & Dining
creator_spor_44,Creator 44 (Sports),FR,582607,2135,2652,False,Sports,10.8,8.1,0.131,False,YouTube,creator_spor_44_p1,YouTube Video,Sports,Educational / How-To,['Educational / How-To'],863,25,7,False,206.7,1,83,True,0,Thursday,0,0,0,FR,CA,18-24,0.471,0.529,0.591,18008,1201,1831,3248,550231,0.442,0.59,0.21,0.1,0.1,487074,878478,['Sports'],Sports
creator_spor_44,Creator 44 (Sports),FR,582607,2135,2652,False,Sports,6.3,11.9,0.032,True,YouTube,creator_spor_44_p2,YouTube Short,Sports,Inspirational / Storytelling,['Inspirational / Storytelling'],135,23,7,True,41.1,1,42,True,0,Thursday,10,0,0,FR,CA,25-34,0.684,0.316,0.481,16471,1580,1820,2009,1526208,0.573,0.476,0.378,0.1,0.046,1012711,1735436,['Sports'],Sports
creator_spor_44,Creator 44 (Sports),FR,582607,2135,2652,False,Sports,1.5,14.0,0.128,True,YouTube,creator_spor_44_p3,YouTube Short,Sports,Inspirational / Storytelling,['Inspirational / Storytelling'],1396,12,4,True,50.0,1,34,False,0,Saturday,23,1,0,FR,ES,35-44,0.609,0.391,0.952,25347,1120,7315,1252,2063944,0.493,0.48,0.422,0.068,0.03,1259796,1554356,['Sports'],Sports
creator_spor_45,Creator 45 (Sports),FR,2622839,1788,4684,False,Sports,8.4,8.3,0.13,True,Snapchat,creator_spor_45_p1,Snapchat Spotlight,Finance & Business,Entertaining / Trend,['Entertaining / Trend'],1460,0,7,True,43.2,1,60,True,131,Thursday,8,0,0,FR,AE,18-24,0.289,0.711,0.51,60944,6154,14399,2664,3671103,0.833,0.503,0.409,0.02,0.068,2810116,4771627,"['Education & Careers', 'Finance & Business', 'Sports']","Education & Careers, Finance & Business, Sports"
creator_spor_45,Creator 45 (Sports),FR,2622839,1788,4684,False,Sports,4.3,3.7,0.033,False,Snapchat,creator_spor_45_p2,Snapchat Spotlight,Sports,Promotional / Sponsored,['Promotional / Sponsored'],1817,15,4,False,6.7,1,60,True,324,Monday,19,0,1,FR,IT,18-24,0.659,0.341,0.448,62183,3987,8123,2660,3866016,0.559,0.447,0.383,0.08,0.09,2845735,4873863,"['Education & Careers', 'Finance & Business', 'Sports']","Education & Careers, Finance & Business, Sports"
creator_spor_45,Creator 45 (Sports),FR,2622839,1788,4684,False,Sports,1.6,10.6,0.009,True,Snapchat,creator_spor_45_p3,Snapchat Spotlight,Education & Careers,"Behind The Scenes, Promotional / Sponsored, Educational / How-To","['Behind The Scenes', 'Promotional / Sponsored', 'Educational / How-To']",768,3,7,True,24.8,1,60,True,165,Wednesday,20,0,1,FR,AU,25-34,0.828,0.172,0.682,97335,8401,30175,14229,7845109,0.397,0.492,0.428,0.032,0.048,5666501,7663719,"['Education & Careers', 'Finance & Business', 'Sports']","Education & Careers, Finance & Business, Sports"
creator_fash_46,Creator 46 (Fashion & Beauty),AE,3156,1433,1968,False,Fashion & Beauty,8.4,6.7,0.105,True,Instagram,creator_fash_46_p1,Reel,Fashion & Beauty,Behind The Scenes,['Behind The Scenes'],1216,8,2,False,7.1,1,60,True,0,Monday,10,0,0,AE,BR,35-44,0.617,0.383,0.976,94,4,19,1,9507,0.776,0.461,0.4,0.052,0.087,4865,6739,"['Fashion & Beauty', 'Sports']","Fashion & Beauty, Sports"
creator_fash_46,Creator 46 (Fashion & Beauty),AE,3156,1433,1968,False,Fashion & Beauty,2.8,13.7,0.023,True,Instagram,creator_fash_46_p2,Static Image,Fashion & Beauty,"Inspirational / Storytelling, Behind The Scenes, Promotional / Sponsored","['Inspirational / Storytelling', 'Behind The Scenes', 'Promotional / Sponsored']",369,12,5,True,0.0,1,60,True,0,Saturday,20,1,1,AE,MX,25-34,0.326,0.674,0.862,215,17,28,24,0,0.0,0.758,0.119,0.068,0.055,2907,4474,"['Fashion & Beauty', 'Sports']","Fashion & Beauty, Sports"
creator_fash_46,Creator 46 (Fashion & Beauty),AE,3156,1433,1968,False,Fashion & Beauty,2.8,13.8,0.036,False,Instagram,creator_fash_46_p3,Reel,Sports,"Educational / How-To, Behind The Scenes","['Educational / How-To', 'Behind The Scenes']",1901,26,6,False,12.2,1,60,True,0,Wednesday,17,0,0,AE,CA,25-34,0.521,0.479,0.544,119,5,15,11,5447,0.745,0.458,0.381,0.1,0.061,4329,7598,"['Fashion & Beauty', 'Sports']","Fashion & Beauty, Sports"
creator_fina_47,Creator 47 (Finance & Business),ES,45924,1205,3190,False,Finance & Business,2.4,5.5,0.099,False,Instagram,creator_fina_47_p1,Story,Finance & Business,"Inspirational / Storytelling, Promotional / Sponsored","['Inspirational / Storytelling', 'Promotional / Sponsored']",1753,18,0,True,0.0,1,60,True,0,Monday,23,0,0,ES,DE,25-34,0.723,0.277,0.414,1903,187,93,136,0,0.0,0.814,0.029,0.092,0.065,6670,7636,['Finance & Business'],Finance & Business
creator_fina_47,Creator 47 (Finance & Business),ES,45924,1205,3190,False,Finance & Business,7.2,1.8,0.053,True,Instagram,creator_fina_47_p2,Static Image,Finance & Business,"Behind The Scenes, Entertaining / Trend","['Behind The Scenes', 'Entertaining / Trend']",637,6,0,False,0.0,1,60,True,0,Wednesday,6,0,0,ES,US,18-24,0.532,0.468,0.648,1742,97,187,135,0,0.0,0.798,0.116,0.044,0.042,18674,23627,['Finance & Business'],Finance & Business
creator_fina_47,Creator 47 (Finance & Business),ES,45924,1205,3190,False,Finance & Business,5.8,9.9,-0.013,True,Instagram,creator_fina_47_p3,Static Image,Finance & Business,"Behind The Scenes, Entertaining / Trend","['Behind The Scenes', 'Entertaining / Trend']",1207,11,4,False,0.0,1,60,True,0,Monday,7,0,0,ES,CA,18-24,0.752,0.248,0.796,1620,74,126,72,0,0.0,0.753,0.112,0.064,0.071,26196,35626,['Finance & Business'],Finance & Business
creator_fina_48,Creator 48 (Finance & Business),FR,405628,2627,306,False,Finance & Business,4.8,13.3,0.035,True,YouTube,creator_fina_48_p1,YouTube Short,Finance & Business,Educational / How-To,['Educational / How-To'],659,28,2,False,40.2,1,92,True,0,Tuesday,5,0,0,FR,US,25-34,0.565,0.435,0.76,10750,654,718,1602,876052,0.535,0.497,0.367,0.1,0.036,525513,840329,['Finance & Business'],Finance & Business
creator_fina_48,Creator 48 (Finance & Business),FR,405628,2627,306,False,Finance & Business,2.6,9.6,0.068,True,YouTube,creator_fina_48_p2,YouTube Short,Finance & Business,Entertaining / Trend,['Entertaining / Trend'],54,24,3,True,55.7,1,43,False,0,Thursday,17,0,0,FR,MX,45+,0.446,0.554,0.76,15312,349,5224,1654,1303402,0.55,0.434,0.435,0.1,0.031,862573,1154087,['Finance & Business'],Finance & Business
creator_fina_48,Creator 48 (Finance & Business),FR,405628,2627,306,False,Finance & Business,8.3,6.6,0.017,True,YouTube,creator_fina_48_p3,YouTube Short,Finance & Business,"Promotional / Sponsored, Educational / How-To","['Promotional / Sponsored', 'Educational / How-To']",854,13,7,True,51.0,1,89,False,0,Tuesday,12,0,1,FR,IN,25-34,0.41,0.59,0.935,22835,1190,3912,3206,1616770,0.63,0.472,0.393,0.072,0.063,1148802,1743659,['Finance & Business'],Finance & Business
creator_fash_49,Creator 49 (Fashion & Beauty),DE,1837581,3323,566,True,Fashion & Beauty,10.6,4.8,0.052,True,Snapchat,creator_fash_49_p1,Snapchat Story,Fashion & Beauty,Behind The Scenes,['Behind The Scenes'],1118,8,5,True,4.1,1,60,True,455,Wednesday,1,0,0,DE,FR,18-24,0.17,0.83,0.815,46867,3322,2036,5234,428219,0.896,0.828,0.024,0.052,0.096,397234,409884,['Fashion & Beauty'],Fashion & Beauty
creator_fash_49,Creator 49 (Fashion & Beauty),DE,1837581,3323,566,True,Fashion & Beauty,3.2,1.7,0.004,True,Snapchat,creator_fash_49_p2,Snapchat Spotlight,Fashion & Beauty,Promotional / Sponsored,['Promotional / Sponsored'],328,27,2,False,32.4,1,60,True,472,Friday,3,0,0,DE,AE,25-34,0.446,0.554,0.451,36028,2774,2951,1949,2799359,0.641,0.491,0.37,0.1,0.039,1705867,2093686,['Fashion & Beauty'],Fashion & Beauty
creator_fash_49,Creator 49 (Fashion & Beauty),DE,1837581,3323,566,True,Fashion & Beauty,3.7,8.0,0.011,True,Snapchat,creator_fash_49_p3,Snapchat Spotlight,Fashion & Beauty,"Educational / How-To, Inspirational / Storytelling","['Educational / How-To', 'Inspirational / Storytelling']",1216,12,5,False,18.1,1,60,True,329,Monday,5,0,0,DE,US,45+,0.425,0.575,0.488,49020,1817,4428,10401,2279534,0.656,0.518,0.373,0.068,0.041,1674185,2859772,['Fashion & Beauty'],Fashion & Beauty
creator_educ_50,Creator 50 (Education & Careers),BR,8101,2223,310,False,Education & Careers,4.9,9.3,0.073,False,Instagram,creator_educ_50_p1,Carousel,Education & Careers,Inspirational / Storytelling,['Inspirational / Storytelling'],1023,26,1,False,0.0,5,60,True,0,Wednesday,10,0,0,BR,MX,18-24,0.307,0.693,0.628,327,18,26,49,0,0.0,0.743,0.112,0.1,0.045,7731,11571,"['Education & Careers', 'Fashion & Beauty']","Education & Careers, Fashion & Beauty"
creator_educ_50,Creator 50 (Education & Careers),BR,8101,2223,310,False,Education & Careers,10.1,12.0,0.03,True,Instagram,creator_educ_50_p2,Static Image,Education & Careers,"Behind The Scenes, Promotional / Sponsored","['Behind The Scenes', 'Promotional / Sponsored']",1670,22,3,False,0.0,1,60,True,0,Friday,5,0,0,BR,IN,18-24,0.411,0.589,0.864,229,14,25,15,0,0.0,0.687,0.116,0.1,0.097,3015,4396,"['Education & Careers', 'Fashion & Beauty']","Education & Careers, Fashion & Beauty"
creator_educ_50,Creator 50 (Education & Careers),BR,8101,2223,310,False,Education & Careers,2.7,6.9,0.043,False,Instagram,creator_educ_50_p3,Static Image,Fashion & Beauty,"Inspirational / Storytelling, Educational / How-To","['Inspirational / Storytelling', 'Educational / How-To']",1746,24,7,False,0.0,1,60,True,0,Saturday,9,1,0,BR,ES,18-24,0.775,0.225,0.58,257,6,13,34,0,0.0,0.729,0.108,0.1,0.063,4013,6163,"['Education & Careers', 'Fashion & Beauty']","Education & Careers, Fashion & Beauty"
creator_food_51,Creator 51 (Food & Dining),MX,34615,3696,209,False,Food & Dining,2.1,10.3,0.104,True,Instagram,creator_food_51_p1,Reel,Travel & Events,Behind The Scenes,['Behind The Scenes'],1694,4,1,False,55.2,1,60,True,0,Tuesday,14,0,0,MX,CA,35-44,0.332,0.668,0.587,1449,49,295,83,125028,0.735,0.503,0.401,0.036,0.06,61659,107446,"['Food & Dining', 'Science & Technology', 'Travel & Events']","Food & Dining, Science & Technology, Travel & Events"
creator_food_51,Creator 51 (Food & Dining),MX,34615,3696,209,False,Food & Dining,7.9,6.6,0.067,True,Instagram,creator_food_51_p2,Static Image,Science & Technology,"Entertaining / Trend, Inspirational / Storytelling","['Entertaining / Trend', 'Inspirational / Storytelling']",733,16,6,True,0.0,1,60,True,0,Wednesday,9,0,0,MX,GB,25-34,0.423,0.577,0.692,955,60,74,97,0,0.0,0.716,0.112,0.084,0.088,22683,37048,"['Food & Dining', 'Science & Technology', 'Travel & Events']","Food & Dining, Science & Technology, Travel & Events"
creator_food_51,Creator 51 (Food & Dining),MX,34615,3696,209,False,Food & Dining,7.4,1.1,0.134,False,Instagram,creator_food_51_p3,Static Image,Food & Dining,Educational / How-To,['Educational / How-To'],163,11,4,False,0.0,1,60,True,0,Thursday,1,0,0,MX,US,25-34,0.493,0.507,0.662,1144,48,122,190,0,0.0,0.783,0.116,0.064,0.037,18167,26775,"['Food & Dining', 'Science & Technology', 'Travel & Events']","Food & Dining, Science & Technology, Travel & Events"
creator_trav_52,Creator 52 (Travel & Events),FR,190647,2129,4314,False,Travel & Events,8.7,7.3,0.136,True,YouTube,creator_trav_52_p1,YouTube Short,Travel & Events,Entertaining / Trend,['Entertaining / Trend'],1203,6,5,True,24.8,1,36,False,0,Friday,18,0,1,FR,DE,25-34,0.338,0.662,0.478,9152,940,2247,1039,712892,0.597,0.519,0.411,0.044,0.026,561505,706923,"['Finance & Business', 'Travel & Events']","Finance & Business, Travel & Events"
creator_trav_52,Creator 52 (Travel & Events),FR,190647,2129,4314,False,Travel & Events,3.2,10.1,0.041,True,YouTube,creator_trav_52_p2,YouTube Video,Travel & Events,Inspirational / Storytelling,['Inspirational / Storytelling'],1166,20,1,False,512.2,1,32,True,0,Monday,19,0,1,FR,BR,18-24,0.546,0.454,0.729,7000,444,885,360,183748,0.522,0.664,0.21,0.1,0.026,197607,385097,"['Finance & Business', 'Travel & Events']","Finance & Business, Travel & Events"
creator_trav_52,Creator 52 (Travel & Events),FR,190647,2129,4314,False,Travel & Events,5.2,12.3,0.071,True,YouTube,creator_trav_52_p3,Community Post,Finance & Business,Educational / How-To,['Educational / How-To'],1267,26,5,False,0.0,1,32,True,0,Friday,23,0,0,FR,AU,18-24,0.488,0.512,0.854,6855,117,1517,1554,0,0.0,0.681,0.133,0.1,0.086,47145,60654,"['Finance & Business', 'Travel & Events']","Finance & Business, Travel & Events"
creator_heal_53,Creator 53 (Health & Fitness),CA,9295636,2137,3618,False,Health & Fitness,6.6,6.5,0.119,True,Snapchat,creator_heal_53_p1,Snapchat Story,Sports,"Inspirational / Storytelling, Entertaining / Trend","['Inspirational / Storytelling', 'Entertaining / Trend']",372,0,6,False,3.4,1,60,True,162,Thursday,11,0,1,CA,US,18-24,0.574,0.426,0.979,219969,17013,22729,7414,4960464,0.852,0.894,0.049,0.02,0.037,4343372,4817506,"['Health & Fitness', 'Sports']","Health & Fitness, Sports"
creator_heal_53,Creator 53 (Health & Fitness),CA,9295636,2137,3618,False,Health & Fitness,9.9,6.2,0.056,True,Snapchat,creator_heal_53_p2,Snapchat Spotlight,Health & Fitness,"Promotional / Sponsored, Entertaining / Trend, Inspirational / Storytelling","['Promotional / Sponsored', 'Entertaining / Trend', 'Inspirational / Storytelling']",65,23,1,True,13.6,1,60,True,380,Sunday,21,1,1,CA,AE,25-34,0.873,0.127,0.799,409194,28889,33451,8119,24524009,0.707,0.43,0.37,0.1,0.1,14669350,22674905,"['Health & Fitness', 'Sports']","Health & Fitness, Sports"
creator_heal_53,Creator 53 (Health & Fitness),CA,9295636,2137,3618,False,Health & Fitness,7.8,1.8,0.014,True,Snapchat,creator_heal_53_p3,Snapchat Spotlight,Health & Fitness,"Inspirational / Storytelling, Educational / How-To","['Inspirational / Storytelling', 'Educational / How-To']",105,15,7,False,50.1,1,60,True,271,Saturday,6,1,0,CA,US,45+,0.525,0.475,0.434,305548,20230,76459,39818,31954030,0.77,0.413,0.413,0.08,0.094,16458875,25042435,"['Health & Fitness', 'Sports']","Health & Fitness, Sports"
creator_educ_54,Creator 54 (Education & Careers),IN,8347,1326,431,False,Education & Careers,3.0,1.9,0.092,False,Instagram,creator_educ_54_p1,Carousel,Education & Careers,Entertaining / Trend,['Entertaining / Trend'],89,17,6,False,0.0,2,60,True,0,Monday,16,0,0,IN,AU,18-24,0.508,0.492,0.918,279,21,25,70,0,0.0,0.724,0.113,0.088,0.075,4968,8425,['Education & Careers'],Education & Careers
creator_educ_54,Creator 54 (Education & Careers),IN,8347,1326,431,False,Education & Careers,7.5,3.2,0.103,False,Instagram,creator_educ_54_p2,Video,Education & Careers,"Promotional / Sponsored, Behind The Scenes","['Promotional / Sponsored', 'Behind The Scenes']",571,26,7,True,61.9,1,60,True,0,Wednesday,11,0,1,IN,DE,25-34,0.564,0.436,0.415,303,16,16,7,12497,0.394,0.701,0.161,0.1,0.038,9517,12207,['Education & Careers'],Education & Careers
creator_educ_54,Creator 54 (Education & Careers),IN,8347,1326,431,False,Education & Careers,9.2,1.3,0.026,True,Instagram,creator_educ_54_p3,Carousel,Education & Careers,"Entertaining / Trend, Promotional / Sponsored, Behind The Scenes","['Entertaining / Trend', 'Promotional / Sponsored', 'Behind The Scenes']",1206,6,0,True,0.0,8,60,True,0,Tuesday,15,0,0,IN,MX,25-34,0.413,0.587,0.933,326,11,35,29,0,0.0,0.79,0.116,0.044,0.05,6634,11110,['Education & Careers'],Education & Careers
creator_trav_55,Creator 55 (Travel & Events),ES,14568,3506,2513,False,Travel & Events,1.3,5.0,0.133,True,Instagram,creator_trav_55_p1,Reel,Travel & Events,Entertaining / Trend,['Entertaining / Trend'],2067,0,2,True,30.9,1,60,True,0,Monday,15,0,0,ES,IN,18-24,0.527,0.473,0.616,397,27,66,13,36219,0.634,0.503,0.391,0.02,0.086,20396,27062,"['Fashion & Beauty', 'Music & Entertainment', 'Travel & Events']","Fashion & Beauty, Music & Entertainment, Travel & Events"
creator_trav_55,Creator 55 (Travel & Events),ES,14568,3506,2513,False,Travel & Events,4.7,2.9,0.079,False,Instagram,creator_trav_55_p2,Reel,Fashion & Beauty,Entertaining / Trend,['Entertaining / Trend'],1502,27,4,True,37.4,1,60,True,0,Monday,11,0,1,ES,FR,18-24,0.524,0.476,0.878,439,39,148,37,54224,0.557,0.42,0.434,0.1,0.046,33453,50425,"['Fashion & Beauty', 'Music & Entertainment', 'Travel & Events']","Fashion & Beauty, Music & Entertainment, Travel & Events"
creator_trav_55,Creator 55 (Travel & Events),ES,14568,3506,2513,False,Travel & Events,8.0,11.3,0.021,True,Instagram,creator_trav_55_p3,Video,Music & Entertainment,Educational / How-To,['Educational / How-To'],1975,7,0,False,204.9,1,60,True,0,Sunday,1,1,0,ES,US,25-34,0.192,0.808,0.563,592,29,61,142,22398,0.3,0.738,0.171,0.048,0.043,15284,22386,"['Fashion & Beauty', 'Music & Entertainment', 'Travel & Events']","Fashion & Beauty, Music & Entertainment, Travel & Events"
creator_food_56,Creator 56 (Food & Dining),FR,334905,3476,4267,False,Food & Dining,6.7,12.4,0.001,False,YouTube,creator_food_56_p1,Community Post,Food & Dining,"Inspirational / Storytelling, Educational / How-To","['Inspirational / Storytelling', 'Educational / How-To']",1008,0,5,True,0.0,1,77,False,0,Thursday,18,0,1,FR,CA,35-44,0.558,0.442,0.574,11366,617,1266,3327,0,0.0,0.809,0.117,0.02,0.054,98448,152119,"['Food & Dining', 'Health & Fitness']","Food & Dining, Health & Fitness"
creator_food_56,Creator 56 (Food & Dining),FR,334905,3476,4267,False,Food & Dining,8.3,12.3,0.004,True,YouTube,creator_food_56_p2,YouTube Short,Food & Dining,Inspirational / Storytelling,['Inspirational / Storytelling'],1712,0,4,True,44.1,1,68,False,0,Saturday,5,1,0,FR,AE,35-44,0.693,0.307,0.417,12442,576,3054,829,1368429,0.597,0.521,0.411,0.02,0.048,624951,772335,"['Food & Dining', 'Health & Fitness']","Food & Dining, Health & Fitness"
creator_food_56,Creator 56 (Food & Dining),FR,334905,3476,4267,False,Food & Dining,2.8,9.6,0.108,False,YouTube,creator_food_56_p3,YouTube Short,Health & Fitness,Behind The Scenes,['Behind The Scenes'],555,0,3,False,47.3,1,28,True,0,Friday,20,0,1,FR,IT,18-24,0.584,0.416,0.721,7488,454,2116,226,996586,0.502,0.469,0.421,0.02,0.09,561180,945243,"['Food & Dining', 'Health & Fitness']","Food & Dining, Health & Fitness"
creator_musi_57,Creator 57 (Music & Entertainment),IN,4932820,1776,4258,False,Music & Entertainment,3.3,13.7,0.054,False,Snapchat,creator_musi_57_p1,Snapchat Story,Music & Entertainment,Educational / How-To,['Educational / How-To'],2084,25,5,True,12.2,1,60,True,459,Sunday,1,1,0,IN,FR,25-34,0.559,0.441,0.592,158885,14960,19891,32595,2733143,0.873,0.757,0.044,0.1,0.099,2514564,2631123,['Music & Entertainment'],Music & Entertainment
creator_musi_57,Creator 57 (Music & Entertainment),IN,4932820,1776,4258,False,Music & Entertainment,10.9,2.4,0.086,True,Snapchat,creator_musi_57_p2,Snapchat Story,Music & Entertainment,"Behind The Scenes, Promotional / Sponsored, Entertaining / Trend","['Behind The Scenes', 'Promotional / Sponsored', 'Entertaining / Trend']",976,9,0,True,6.9,1,60,True,189,Friday,13,0,1,IN,ES,45+,0.76,0.24,0.592,194553,11135,15934,7145,1804564,0.646,0.856,0.032,0.056,0.056,1842320,2032110,['Music & Entertainment'],Music & Entertainment
creator_musi_57,Creator 57 (Music & Entertainment),IN,4932820,1776,4258,False,Music & Entertainment,10.3,11.4,0.001,False,Snapchat,creator_musi_57_p3,Snapchat Spotlight,Music & Entertainment,Entertaining / Trend,['Entertaining / Trend'],419,5,7,False,5.1,1,60,True,271,Tuesday,0,0,0,IN,FR,18-24,0.656,0.344,0.642,114930,9155,30527,3205,8626027,0.791,0.515,0.416,0.04,0.029,4166971,6115016,['Music & Entertainment'],Music & Entertainment
creator_educ_58,Creator 58 (Education & Careers),FR,797,1191,3462,False,Education & Careers,2.5,2.0,0.129,True,Instagram,creator_educ_58_p1,Story,Education & Careers,Promotional / Sponsored,['Promotional / Sponsored'],1295,28,2,True,0.0,1,60,True,0,Friday,6,0,0,FR,AE,25-34,0.639,0.361,0.841,27,1,1,2,0,0.0,0.736,0.064,0.1,0.1,94,97,"['Education & Careers', 'Sports']","Education & Careers, Sports"
creator_educ_58,Creator 58 (Education & Careers),FR,797,1191,3462,False,Education & Careers,5.1,2.7,0.03,False,Instagram,creator_educ_58_p2,Reel,Sports,"Entertaining / Trend, Inspirational / Storytelling","['Entertaining / Trend', 'Inspirational / Storytelling']",1616,12,5,True,39.0,1,60,True,0,Wednesday,16,0,0,FR,CA,25-34,0.154,0.846,0.497,34,2,9,4,2328,0.747,0.478,0.414,0.068,0.04,1506,2096,"['Education & Careers', 'Sports']","Education & Careers, Sports"
creator_educ_58,Creator 58 (Education & Careers),FR,797,1191,3462,False,Education & Careers,5.5,5.1,0.136,False,Instagram,creator_educ_58_p3,Carousel,Education & Careers,"Educational / How-To, Entertaining / Trend","['Educational / How-To', 'Entertaining / Trend']",174,15,2,True,0.0,3,60,True,0,Tuesday,13,0,1,FR,DE,18-24,0.631,0.369,0.927,49,1,7,15,0,0.0,0.719,0.121,0.08,0.08,1021,1587,"['Education & Careers', 'Sports']","Education & Careers, Sports"
creator_fina_59,Creator 59 (Finance & Business),IT,11208,2743,1801,False,Finance & Business,5.6,13.9,-0.009,True,Instagram,creator_fina_59_p1,Carousel,Health & Fitness,Promotional / Sponsored,['Promotional / Sponsored'],1725,6,0,True,0.0,7,60,True,0,Friday,9,0,0,IT,MX,18-24,0.638,0.362,0.691,360,23,23,72,0,0.0,0.786,0.11,0.044,0.06,6990,10609,"['Finance & Business', 'Health & Fitness']","Finance & Business, Health & Fitness"
creator_fina_59,Creator 59 (Finance & Business),IT,11208,2743,1801,False,Finance & Business,4.0,9.5,0.032,True,Instagram,creator_fina_59_p2,Story,Finance & Business,Behind The Scenes,['Behind The Scenes'],635,22,1,True,0.0,1,60,True,0,Monday,15,0,0,IT,AE,25-34,0.378,0.622,0.739,282,16,6,5,0,0.0,0.733,0.078,0.1,0.089,1507,1553,"['Finance & Business', 'Health & Fitness']","Finance & Business, Health & Fitness"
creator_fina_59,Creator 59 (Finance & Business),IT,11208,2743,1801,False,Finance & Business,6.1,11.6,0.104,True,Instagram,creator_fina_59_p3,Reel,Finance & Business,Inspirational / Storytelling,['Inspirational / Storytelling'],1803,0,6,True,31.8,1,60,True,0,Tuesday,5,0,0,IT,IN,25-34,0.604,0.396,0.745,372,33,102,22,23707,0.64,0.501,0.418,0.02,0.061,14489,17510,"['Finance & Business', 'Health & Fitness']","Finance & Business, Health & Fitness"
creator_heal_60,Creator 60 (Health & Fitness),DE,321890,1580,4708,False,Health & Fitness,4.7,11.7,-0.007,False,YouTube,creator_heal_60_p1,YouTube Short,Health & Fitness,"Educational / How-To, Inspirational / Storytelling","['Educational / How-To', 'Inspirational / Storytelling']",1067,19,3,True,30.1,1,27,False,0,Friday,20,0,1,DE,IN,25-34,0.56,0.44,0.471,14905,1435,3400,2064,1132193,0.789,0.443,0.407,0.096,0.054,834946,1368385,['Health & Fitness'],Health & Fitness
creator_heal_60,Creator 60 (Health & Fitness),DE,321890,1580,4708,False,Health & Fitness,10.7,4.5,0.112,True,YouTube,creator_heal_60_p2,YouTube Short,Health & Fitness,Promotional / Sponsored,['Promotional / Sponsored'],1657,23,0,True,50.3,1,73,True,0,Tuesday,7,0,0,DE,IN,25-34,0.497,0.503,0.467,13010,762,3105,196,624640,0.469,0.435,0.41,0.1,0.055,418274,624628,['Health & Fitness'],Health & Fitness
creator_heal_60,Creator 60 (Health & Fitness),DE,321890,1580,4708,False,Health & Fitness,12.0,3.9,0.028,True,YouTube,creator_heal_60_p3,YouTube Video,Health & Fitness,"Entertaining / Trend, Behind The Scenes","['Entertaining / Trend', 'Behind The Scenes']",1285,20,2,False,422.6,1,49,False,0,Wednesday,22,0,0,DE,FR,25-34,0.372,0.628,0.556,7666,543,1065,288,440551,0.442,0.651,0.211,0.1,0.038,343003,649591,['Health & Fitness'],Health & Fitness
creator_educ_61,Creator 61 (Education & Careers),FR,49140899,2869,3982,True,Education & Careers,5.3,3.1,0.027,True,Snapchat,creator_educ_61_p1,Snapchat Spotlight,Education & Careers,"Educational / How-To, Inspirational / Storytelling","['Educational / How-To', 'Inspirational / Storytelling']",585,20,3,False,30.6,1,60,True,446,Tuesday,0,0,0,FR,ES,35-44,0.817,0.183,0.675,933435,63444,210346,186521,123403001,0.458,0.435,0.406,0.1,0.059,80061463,114721131,['Education & Careers'],Education & Careers
creator_educ_61,Creator 61 (Education & Careers),FR,49140899,2869,3982,True,Education & Careers,9.6,9.5,0.097,False,Snapchat,creator_educ_61_p2,Snapchat Story,Education & Careers,"Entertaining / Trend, Behind The Scenes","['Entertaining / Trend', 'Behind The Scenes']",1438,4,6,True,10.6,1,60,True,187,Wednesday,12,0,1,FR,BR,18-24,0.514,0.486,0.83,1159345,80917,157832,83814,30129552,0.63,0.891,0.034,0.036,0.039,25230072,27686813,['Education & Careers'],Education & Careers
creator_educ_61,Creator 61 (Education & Careers),FR,49140899,2869,3982,True,Education & Careers,5.5,7.0,0.015,True,Snapchat,creator_educ_61_p3,Snapchat Story,Education & Careers,"Entertaining / Trend, Educational / How-To","['Entertaining / Trend', 'Educational / How-To']",1277,7,1,False,7.4,1,60,True,265,Tuesday,0,0,0,FR,GB,18-24,0.37,0.63,0.93,1223569,68192,78693,134373,9012600,0.659,0.844,0.075,0.048,0.033,9318428,10210031,['Education & Careers'],Education & Careers
creator_fina_62,Creator 62 (Finance & Business),GB,1355,2430,3202,False,Finance & Business,1.5,6.7,0.112,True,Instagram,creator_fina_62_p1,Reel,Finance & Business,Promotional / Sponsored,['Promotional / Sponsored'],64,14,2,True,24.0,1,60,True,0,Sunday,4,1,0,GB,MX,35-44,0.547,0.453,0.634,53,3,6,4,3386,0.616,0.51,0.378,0.076,0.036,2360,3028,"['Finance & Business', 'Food & Dining', 'Science & Technology']","Finance & Business, Food & Dining, Science & Technology"
creator_fina_62,Creator 62 (Finance & Business),GB,1355,2430,3202,False,Finance & Business,1.3,1.1,0.125,False,Instagram,creator_fina_62_p2,Static Image,Food & Dining,Inspirational / Storytelling,['Inspirational / Storytelling'],1139,28,3,True,0.0,1,60,True,0,Wednesday,20,0,1,GB,IT,25-34,0.708,0.292,0.757,71,5,6,4,0,0.0,0.751,0.113,0.1,0.036,1302,2014,"['Finance & Business', 'Food & Dining', 'Science & Technology']","Finance & Business, Food & Dining, Science & Technology"
creator_fina_62,Creator 62 (Finance & Business),GB,1355,2430,3202,False,Finance & Business,10.0,4.6,0.073,True,Instagram,creator_fina_62_p3,Story,Science & Technology,"Behind The Scenes, Educational / How-To, Promotional / Sponsored","['Behind The Scenes', 'Educational / How-To', 'Promotional / Sponsored']",374,12,1,True,0.0,1,60,True,0,Friday,5,0,0,GB,AE,18-24,0.548,0.452,0.432,47,4,5,8,0,0.0,0.869,0.03,0.068,0.033,344,356,"['Finance & Business', 'Food & Dining', 'Science & Technology']","Finance & Business, Food & Dining, Science & Technology"
creator_trav_63,Creator 63 (Travel & Events),MX,13960,1243,1132,False,Travel & Events,7.4,6.4,-0.011,True,Instagram,creator_trav_63_p1,Carousel,Travel & Events,Inspirational / Storytelling,['Inspirational / Storytelling'],860,8,3,True,0.0,5,60,True,0,Sunday,12,1,1,MX,US,18-24,0.516,0.484,0.855,643,39,25,100,0,0.0,0.789,0.106,0.052,0.053,20630,26574,"['Fashion & Beauty', 'Travel & Events']","Fashion & Beauty, Travel & Events"
creator_trav_63,Creator 63 (Travel & Events),MX,13960,1243,1132,False,Travel & Events,10.1,6.9,0.008,False,Instagram,creator_trav_63_p2,Story,Fashion & Beauty,Educational / How-To,['Educational / How-To'],1681,3,7,True,0.0,1,60,True,0,Monday,16,0,0,MX,FR,18-24,0.668,0.332,0.885,679,62,148,92,0,0.0,0.869,0.03,0.032,0.069,3672,4038,"['Fashion & Beauty', 'Travel & Events']","Fashion & Beauty, Travel & Events"
creator_trav_63,Creator 63 (Travel & Events),MX,13960,1243,1132,False,Travel & Events,11.1,13.7,0.031,False,Instagram,creator_trav_63_p3,Static Image,Travel & Events,Promotional / Sponsored,['Promotional / Sponsored'],1797,23,7,True,0.0,1,60,True,0,Monday,16,0,0,MX,FR,35-44,0.682,0.318,0.527,473,31,40,8,0,0.0,0.729,0.113,0.1,0.058,6164,8090,"['Fashion & Beauty', 'Travel & Events']","Fashion & Beauty, Travel & Events"
creator_fash_64,Creator 64 (Fashion & Beauty),MX,316253,2124,371,False,Fashion & Beauty,7.5,6.9,0.031,True,YouTube,creator_fash_64_p1,YouTube Short,Fashion & Beauty,"Promotional / Sponsored, Educational / How-To","['Promotional / Sponsored', 'Educational / How-To']",743,25,0,True,54.7,1,84,True,0,Sunday,18,1,1,MX,GB,35-44,0.46,0.54,0.945,10106,601,1212,593,771221,0.558,0.448,0.38,0.1,0.072,581767,803621,['Fashion & Beauty'],Fashion & Beauty
creator_fash_64,Creator 64 (Fashion & Beauty),MX,316253,2124,371,False,Fashion & Beauty,1.6,12.3,-0.016,True,YouTube,creator_fash_64_p2,YouTube Video,Fashion & Beauty,Behind The Scenes,['Behind The Scenes'],1590,28,0,False,258.6,1,60,True,0,Tuesday,4,0,0,MX,ES,25-34,0.673,0.327,0.732,8460,417,965,717,249244,0.523,0.663,0.207,0.1,0.03,203317,441989,['Fashion & Beauty'],Fashion & Beauty
creator_fash_64,Creator 64 (Fashion & Beauty),MX,316253,2124,371,False,Fashion & Beauty,3.7,13.5,0.135,True,YouTube,creator_fash_64_p3,YouTube Video,Fashion & Beauty,Entertaining / Trend,['Entertaining / Trend'],790,29,2,False,455.8,1,87,True,0,Wednesday,11,0,1,MX,FR,35-44,0.582,0.418,0.618,7517,138,1129,236,231282,0.367,0.667,0.203,0.1,0.03,279832,546004,['Fashion & Beauty'],Fashion & Beauty
creator_scie_65,Creator 65 (Science & Technology),CA,11678042,454,4381,False,Science & Technology,4.2,5.0,0.024,True,Snapchat,creator_scie_65_p1,Snapchat Story,Science & Technology,Educational / How-To,['Educational / How-To'],59,29,6,True,7.9,1,60,True,58,Wednesday,9,0,0,CA,MX,18-24,0.654,0.346,0.695,306814,10756,27140,56820,4125762,0.838,0.81,0.032,0.1,0.058,4432102,4600663,"['Science & Technology', 'Sports']","Science & Technology, Sports"
creator_scie_65,Creator 65 (Science & Technology),CA,11678042,454,4381,False,Science & Technology,11.5,12.4,0.12,True,Snapchat,creator_scie_65_p2,Snapchat Spotlight,Sports,"Behind The Scenes, Promotional / Sponsored","['Behind The Scenes', 'Promotional / Sponsored']",1824,12,4,True,37.2,1,60,True,330,Tuesday,9,0,0,CA,IN,25-34,0.439,0.561,0.621,310797,7366,47168,34299,44306684,0.639,0.466,0.388,0.068,0.078,22646250,33608099,"['Science & Technology', 'Sports']","Science & Technology, Sports"
creator_scie_65,Creator 65 (Science & Technology),CA,11678042,454,4381,False,Science & Technology,11.9,4.1,0.025,False,Snapchat,creator_scie_65_p3,Snapchat Spotlight,Science & Technology,Behind The Scenes,['Behind The Scenes'],2088,5,6,True,35.5,1,60,True,287,Monday,20,0,1,CA,GB,45+,0.512,0.488,0.721,378172,21701,115537,33153,52448574,0.713,0.487,0.426,0.04,0.047,28923433,44593165,"['Science & Technology', 'Sports']","Science & Technology, Sports"
creator_heal_66,Creator 66 (Health & Fitness),US,3322,198,4993,False,Health & Fitness,2.6,8.8,0.137,True,Instagram,creator_heal_66_p1,Reel,Education & Careers,Entertaining / Trend,['Entertaining / Trend'],663,19,5,False,8.4,1,60,True,0,Wednesday,1,0,0,US,AE,18-24,0.633,0.367,0.599,99,2,19,8,7572,0.721,0.467,0.397,0.096,0.04,3852,4892,"['Education & Careers', 'Health & Fitness']","Education & Careers, Health & Fitness"
creator_heal_66,Creator 66 (Health & Fitness),US,3322,198,4993,False,Health & Fitness,9.3,9.6,0.091,True,Instagram,creator_heal_66_p2,Reel,Health & Fitness,"Entertaining / Trend, Behind The Scenes","['Entertaining / Trend', 'Behind The Scenes']",1481,26,2,False,78.8,1,60,True,0,Friday,13,0,1,US,ES,35-44,0.601,0.399,0.745,95,5,21,6,7438,0.532,0.409,0.405,0.1,0.086,4601,8034,"['Education & Careers', 'Health & Fitness']","Education & Careers, Health & Fitness"
creator_heal_66,Creator 66 (Health & Fitness),US,3322,198,4993,False,Health & Fitness,8.9,3.8,0.121,False,Instagram,creator_heal_66_p3,Carousel,Education & Careers,Behind The Scenes,['Behind The Scenes'],1985,7,3,True,0.0,2,60,True,0,Saturday,0,1,0,US,ES,35-44,0.647,0.353,0.804,201,4,18,51,0,0.0,0.756,0.113,0.048,0.083,3134,4194,"['Education & Careers', 'Health & Fitness']","Education & Careers, Health & Fitness"
creator_educ_67,Creator 67 (Education & Careers),BR,17297,268,3917,False,Education & Careers,4.9,3.1,0.019,True,Instagram,creator_educ_67_p1,Reel,Fashion & Beauty,"Promotional / Sponsored, Entertaining / Trend, Educational / How-To","['Promotional / Sponsored', 'Entertaining / Trend', 'Educational / How-To']",306,13,4,False,32.7,1,60,True,0,Wednesday,8,0,0,BR,DE,45+,0.219,0.781,0.555,689,19,95,45,37517,0.516,0.509,0.384,0.072,0.035,18999,31010,"['Education & Careers', 'Fashion & Beauty']","Education & Careers, Fashion & Beauty"
creator_educ_67,Creator 67 (Education & Careers),BR,17297,268,3917,False,Education & Careers,4.9,6.8,0.092,True,Instagram,creator_educ_67_p2,Static Image,Education & Careers,Educational / How-To,['Educational / How-To'],2113,29,3,True,0.0,1,60,True,0,Saturday,18,1,1,BR,CA,18-24,0.884,0.116,0.453,1060,78,350,332,0,0.0,0.665,0.149,0.1,0.086,17436,27071,"['Education & Careers', 'Fashion & Beauty']","Education & Careers, Fashion & Beauty"
creator_educ_67,Creator 67 (Education & Careers),BR,17297,268,3917,False,Education & Careers,11.2,7.9,0.01,True,Instagram,creator_educ_67_p3,Reel,Education & Careers,Behind The Scenes,['Behind The Scenes'],393,24,0,True,28.0,1,60,True,0,Saturday,5,1,0,BR,MX,18-24,0.681,0.319,0.511,707,40,41,54,34159,0.693,0.507,0.364,0.1,0.029,27035,34827,"['Education & Careers', 'Fashion & Beauty']","Education & Careers, Fashion & Beauty"
creator_spor_68,Creator 68 (Sports),IN,549469,1214,370,False,Sports,10.7,12.9,0.13,False,YouTube,creator_spor_68_p1,YouTube Video,Sports,Behind The Scenes,['Behind The Scenes'],1349,28,6,True,387.8,1,35,False,0,Tuesday,22,0,0,IN,GB,25-34,0.42,0.58,0.639,17482,1816,635,438,778183,0.375,0.611,0.216,0.1,0.073,588588,1098397,"['Finance & Business', 'Music & Entertainment', 'Sports']","Finance & Business, Music & Entertainment, Sports"
creator_spor_68,Creator 68 (Sports),IN,549469,1214,370,False,Sports,4.6,2.4,0.147,False,YouTube,creator_spor_68_p2,YouTube Short,Finance & Business,"Inspirational / Storytelling, Entertaining / Trend, Educational / How-To","['Inspirational / Storytelling', 'Entertaining / Trend', 'Educational / How-To']",598,18,0,True,53.7,1,83,True,0,Thursday,8,0,0,IN,FR,18-24,0.531,0.469,0.484,16314,1401,3712,1168,1216949,0.572,0.461,0.407,0.092,0.04,687467,1010722,"['Finance & Business', 'Music & Entertainment', 'Sports']","Finance & Business, Music & Entertainment, Sports"
creator_spor_68,Creator 68 (Sports),IN,549469,1214,370,False,Sports,7.0,8.8,0.082,True,YouTube,creator_spor_68_p3,YouTube Short,Music & Entertainment,Inspirational / Storytelling,['Inspirational / Storytelling'],1949,24,5,True,35.9,1,38,True,0,Wednesday,20,0,1,IN,ES,18-24,0.608,0.392,0.568,24340,1087,5644,1315,3202238,0.661,0.418,0.408,0.1,0.074,1474615,2619396,"['Finance & Business', 'Music & Entertainment', 'Sports']","Finance & Business, Music & Entertainment, Sports"
creator_heal_69,Creator 69 (Health & Fitness),CA,3530418,3890,415,True,Health & Fitness,1.2,7.5,0.127,False,Snapchat,creator_heal_69_p1,Snapchat Spotlight,Health & Fitness,Behind The Scenes,['Behind The Scenes'],680,4,2,False,10.6,1,60,True,122,Sunday,6,1,0,CA,IN,18-24,0.417,0.583,0.474,88556,5140,7490,2310,12114643,0.688,0.505,0.371,0.036,0.088,5551495,7060283,['Health & Fitness'],Health & Fitness
creator_heal_69,Creator 69 (Health & Fitness),CA,3530418,3890,415,True,Health & Fitness,5.6,8.5,0.061,True,Snapchat,creator_heal_69_p2,Snapchat Story,Health & Fitness,Behind The Scenes,['Behind The Scenes'],1013,28,1,False,8.9,1,60,True,239,Thursday,22,0,0,CA,AU,25-34,0.784,0.216,0.439,100060,5303,1990,5825,1083592,0.742,0.761,0.074,0.1,0.065,923681,1052057,['Health & Fitness'],Health & Fitness
creator_heal_69,Creator 69 (Health & Fitness),CA,3530418,3890,415,True,Health & Fitness,7.7,10.6,0.111,False,Snapchat,creator_heal_69_p3,Snapchat Spotlight,Health & Fitness,"Behind The Scenes, Promotional / Sponsored","['Behind The Scenes', 'Promotional / Sponsored']",2038,19,3,False,29.2,1,60,True,243,Friday,2,0,0,CA,MX,25-34,0.621,0.379,0.576,59704,2614,7256,3842,6317388,0.44,0.47,0.38,0.096,0.054,3896559,4623060,['Health & Fitness'],Health & Fitness
creator_heal_70,Creator 70 (Health & Fitness),US,701,1704,3376,False,Health & Fitness,5.0,4.8,0.014,True,Instagram,creator_heal_70_p1,Reel,Health & Fitness,Educational / How-To,['Educational / How-To'],1259,18,6,False,57.9,1,60,True,0,Saturday,5,1,0,US,IT,25-34,0.584,0.416,0.477,18,1,1,4,1722,0.559,0.524,0.363,0.092,0.021,885,1368,"['Health & Fitness', 'Music & Entertainment', 'Travel & Events']","Health & Fitness, Music & Entertainment, Travel & Events"
creator_heal_70,Creator 70 (Health & Fitness),US,701,1704,3376,False,Health & Fitness,5.1,12.3,0.043,False,Instagram,creator_heal_70_p2,Carousel,Music & Entertainment,Inspirational / Storytelling,['Inspirational / Storytelling'],1546,10,5,True,0.0,10,60,True,0,Friday,13,0,1,US,MX,18-24,0.545,0.455,0.739,40,2,5,3,0,0.0,0.768,0.118,0.06,0.054,853,1405,"['Health & Fitness', 'Music & Entertainment', 'Travel & Events']","Health & Fitness, Music & Entertainment, Travel & Events"
creator_heal_70,Creator 70 (Health & Fitness),US,701,1704,3376,False,Health & Fitness,6.9,6.4,0.134,True,Instagram,creator_heal_70_p3,Reel,Travel & Events,"Educational / How-To, Inspirational / Storytelling","['Educational / How-To', 'Inspirational / Storytelling']",568,16,4,True,29.7,1,60,True,0,Saturday,4,1,0,US,BR,25-34,0.594,0.406,0.433,39,1,11,2,3475,0.736,0.433,0.419,0.084,0.064,1914,3158,"['Health & Fitness', 'Music & Entertainment', 'Travel & Events']","Health & Fitness, Music & Entertainment, Travel & Events"
creator_fina_71,Creator 71 (Finance & Business),AE,48533,2580,610,False,Finance & Business,2.7,13.4,0.084,True,Instagram,creator_fina_71_p1,Reel,Finance & Business,"Inspirational / Storytelling, Behind The Scenes, Educational / How-To","['Inspirational / Storytelling', 'Behind The Scenes', 'Educational / How-To']",1691,20,7,True,79.9,1,60,True,0,Saturday,15,1,0,AE,US,18-24,0.637,0.363,0.621,2250,100,307,757,183697,0.67,0.433,0.384,0.1,0.083,95697,166064,['Finance & Business'],Finance & Business
creator_fina_71,Creator 71 (Finance & Business),AE,48533,2580,610,False,Finance & Business,1.6,2.0,0.135,True,Instagram,creator_fina_71_p2,Story,Finance & Business,Inspirational / Storytelling,['Inspirational / Storytelling'],931,29,0,False,0.0,1,60,True,0,Sunday,18,1,1,AE,ES,18-24,0.418,0.582,0.94,2217,45,170,48,0,0.0,0.799,0.048,0.1,0.053,13689,14389,['Finance & Business'],Finance & Business
creator_fina_71,Creator 71 (Finance & Business),AE,48533,2580,610,False,Finance & Business,10.5,4.2,0.105,True,Instagram,creator_fina_71_p3,Reel,Finance & Business,Inspirational / Storytelling,['Inspirational / Storytelling'],1654,25,1,True,24.0,1,60,True,0,Wednesday,0,0,0,AE,MX,35-44,0.519,0.481,0.871,1693,136,139,210,158567,0.76,0.454,0.371,0.1,0.075,95349,140000,['Finance & Business'],Finance & Business
creator_musi_72,Creator 72 (Music & Entertainment),ES,130072,573,4498,False,Music & Entertainment,6.8,11.3,0.031,False,YouTube,creator_musi_72_p1,YouTube Video,Music & Entertainment,"Promotional / Sponsored, Entertaining / Trend","['Promotional / Sponsored', 'Entertaining / Trend']",939,22,4,True,1357.6,1,79,True,0,Sunday,16,1,0,ES,GB,25-34,0.506,0.494,0.638,3222,268,370,134,225852,0.588,0.61,0.212,0.1,0.078,175467,388929,"['Music & Entertainment', 'Science & Technology']","Music & Entertainment, Science & Technology"
creator_musi_72,Creator 72 (Music & Entertainment),ES,130072,573,4498,False,Music & Entertainment,4.0,8.4,0.059,True,YouTube,creator_musi_72_p2,YouTube Short,Science & Technology,Behind The Scenes,['Behind The Scenes'],889,20,7,False,42.7,1,49,True,0,Wednesday,14,0,0,ES,AU,25-34,0.48,0.52,0.946,4730,228,756,125,194626,0.4,0.427,0.39,0.1,0.083,137112,190085,"['Music & Entertainment', 'Science & Technology']","Music & Entertainment, Science & Technology"
creator_musi_72,Creator 72 (Music & Entertainment),ES,130072,573,4498,False,Music & Entertainment,2.4,3.5,0.088,False,YouTube,creator_musi_72_p3,Community Post,Music & Entertainment,Behind The Scenes,['Behind The Scenes'],1814,13,4,False,0.0,1,84,False,0,Thursday,14,0,0,ES,AU,25-34,0.543,0.457,0.49,4447,278,368,168,0,0.0,0.783,0.112,0.072,0.033,23498,38152,"['Music & Entertainment', 'Science & Technology']","Music & Entertainment, Science & Technology"
creator_heal_73,Creator 73 (Health & Fitness),IN,14318884,1937,2254,True,Health & Fitness,2.3,11.9,0.07,False,Snapchat,creator_heal_73_p1,Snapchat Spotlight,Health & Fitness,Promotional / Sponsored,['Promotional / Sponsored'],1738,11,0,False,13.7,1,60,True,96,Saturday,20,1,1,IN,GB,45+,0.295,0.705,0.416,626588,33367,106810,51347,26604994,0.749,0.486,0.393,0.064,0.057,19878644,33035020,"['Finance & Business', 'Health & Fitness']","Finance & Business, Health & Fitness"
creator_heal_73,Creator 73 (Health & Fitness),IN,14318884,1937,2254,True,Health & Fitness,4.3,8.3,0.009,True,Snapchat,creator_heal_73_p2,Snapchat Story,Health & Fitness,"Promotional / Sponsored, Entertaining / Trend","['Promotional / Sponsored', 'Entertaining / Trend']",337,16,4,False,6.2,1,60,True,418,Thursday,14,0,0,IN,IT,45+,0.9,0.1,0.909,391842,28005,18348,19326,5029999,0.637,0.848,0.023,0.084,0.045,4199584,4691319,"['Finance & Business', 'Health & Fitness']","Finance & Business, Health & Fitness"
creator_heal_73,Creator 73 (Health & Fitness),IN,14318884,1937,2254,True,Health & Fitness,6.0,7.0,-0.012,True,Snapchat,creator_heal_73_p3,Snapchat Spotlight,Finance & Business,Promotional / Sponsored,['Promotional / Sponsored'],2125,25,1,True,13.1,1,60,True,410,Friday,9,0,0,IN,IT,25-34,0.449,0.551,0.772,310136,7542,77343,16729,24659635,0.388,0.415,0.412,0.1,0.073,14123080,19703944,"['Finance & Business', 'Health & Fitness']","Finance & Business, Health & Fitness"
creator_fina_74,Creator 74 (Finance & Business),GB,522,364,862,False,Finance & Business,6.5,8.0,0.121,False,Instagram,creator_fina_74_p1,Carousel,Finance & Business,"Entertaining / Trend, Educational / How-To","['Entertaining / Trend', 'Educational / How-To']",1711,18,6,False,0.0,5,60,True,0,Monday,17,0,0,GB,FR,18-24,0.354,0.646,0.787,23,1,5,2,0,0.0,0.728,0.131,0.092,0.049,538,856,"['Finance & Business', 'Music & Entertainment']","Finance & Business, Music & Entertainment"
creator_fina_74,Creator 74 (Finance & Business),GB,522,364,862,False,Finance & Business,6.5,9.5,0.125,True,Instagram,creator_fina_74_p2,Reel,Finance & Business,"Entertaining / Trend, Behind The Scenes, Promotional / Sponsored","['Entertaining / Trend', 'Behind The Scenes', 'Promotional / Sponsored']",1528,29,4,False,54.4,1,60,True,0,Sunday,19,1,1,GB,IN,45+,0.479,0.521,0.841,29,1,2,1,2436,0.355,0.463,0.367,0.1,0.07,1280,1558,"['Finance & Business', 'Music & Entertainment']","Finance & Business, Music & Entertainment"
creator_fina_74,Creator 74 (Finance & Business),GB,522,364,862,False,Finance & Business,6.0,2.6,-0.016,True,Instagram,creator_fina_74_p3,Reel,Music & Entertainment,Promotional / Sponsored,['Promotional / Sponsored'],1820,13,7,True,16.3,1,60,True,0,Friday,21,0,1,GB,CA,25-34,0.694,0.306,0.929,36,1,3,4,2600,0.46,0.504,0.37,0.072,0.054,1752,2467,"['Finance & Business', 'Music & Entertainment']","Finance & Business, Music & Entertainment"
creator_musi_75,Creator 75 (Music & Entertainment),ES,10129,1840,3778,False,Music & Entertainment,8.0,6.2,0.006,True,Instagram,creator_musi_75_p1,Video,Music & Entertainment,Behind The Scenes,['Behind The Scenes'],732,7,3,True,177.2,1,60,True,0,Thursday,1,0,0,ES,MX,25-34,0.778,0.222,0.593,294,6,11,22,11194,0.469,0.757,0.157,0.048,0.038,7355,12722,"['Fashion & Beauty', 'Music & Entertainment']","Fashion & Beauty, Music & Entertainment"
creator_musi_75,Creator 75 (Music & Entertainment),ES,10129,1840,3778,False,Music & Entertainment,6.4,4.1,0.039,True,Instagram,creator_musi_75_p2,Reel,Fashion & Beauty,Inspirational / Storytelling,['Inspirational / Storytelling'],269,24,0,True,35.4,1,60,True,0,Thursday,21,0,1,ES,US,18-24,0.599,0.401,0.438,379,8,84,8,32549,0.658,0.426,0.405,0.1,0.069,24725,41444,"['Fashion & Beauty', 'Music & Entertainment']","Fashion & Beauty, Music & Entertainment"
creator_musi_75,Creator 75 (Music & Entertainment),ES,10129,1840,3778,False,Music & Entertainment,5.2,4.4,0.142,True,Instagram,creator_musi_75_p3,Video,Music & Entertainment,Educational / How-To,['Educational / How-To'],1205,16,4,False,258.1,1,60,True,0,Tuesday,20,0,1,ES,US,25-34,0.539,0.461,0.624,512,40,40,62,13574,0.638,0.73,0.166,0.084,0.02,12580,15506,"['Fashion & Beauty', 'Music & Entertainment']","Fashion & Beauty, Music & Entertainment"
creator_food_76,Creator 76 (Food & Dining),BR,231411,270,748,False,Food & Dining,2.7,2.2,0.089,True,YouTube,creator_food_76_p1,YouTube Short,Food & Dining,Inspirational / Storytelling,['Inspirational / Storytelling'],61,3,2,True,46.3,1,73,False,0,Wednesday,6,0,0,BR,DE,25-34,0.148,0.852,0.849,6353,637,713,210,425563,0.809,0.511,0.378,0.032,0.079,278810,361719,['Food & Dining'],Food & Dining
creator_food_76,Creator 76 (Food & Dining),BR,231411,270,748,False,Food & Dining,4.8,10.1,0.147,True,YouTube,creator_food_76_p2,YouTube Video,Food & Dining,Inspirational / Storytelling,['Inspirational / Storytelling'],958,15,0,False,1689.0,1,70,True,0,Tuesday,16,0,0,BR,AU,18-24,0.626,0.374,0.648,6283,327,912,820,287107,0.646,0.635,0.208,0.08,0.077,261511,512615,['Food & Dining'],Food & Dining
creator_food_76,Creator 76 (Food & Dining),BR,231411,270,748,False,Food & Dining,5.6,11.2,0.005,True,YouTube,creator_food_76_p3,YouTube Short,Food & Dining,Inspirational / Storytelling,['Inspirational / Storytelling'],1184,20,1,True,46.0,1,52,True,0,Monday,6,0,0,BR,AE,35-44,0.602,0.398,0.693,7845,709,757,270,633751,0.629,0.491,0.374,0.1,0.035,373163,450545,['Food & Dining'],Food & Dining
creator_educ_77,Creator 77 (Education & Careers),GB,19456593,631,1998,False,Education & Careers,2.2,7.3,0.033,True,Snapchat,creator_educ_77_p1,Snapchat Spotlight,Education & Careers,Promotional / Sponsored,['Promotional / Sponsored'],1662,27,1,False,34.3,1,60,True,203,Wednesday,16,0,0,GB,FR,25-34,0.595,0.405,0.927,403439,17712,39857,23323,26312456,0.759,0.487,0.375,0.1,0.038,15570094,23293553,"['Education & Careers', 'Travel & Events']","Education & Careers, Travel & Events"
creator_educ_77,Creator 77 (Education & Careers),GB,19456593,631,1998,False,Education & Careers,4.9,12.9,0.136,True,Snapchat,creator_educ_77_p2,Snapchat Spotlight,Travel & Events,"Entertaining / Trend, Educational / How-To","['Entertaining / Trend', 'Educational / How-To']",97,5,3,True,14.2,1,60,True,222,Monday,12,0,1,GB,IN,25-34,0.553,0.447,0.464,841411,60222,139975,268173,101496202,0.473,0.477,0.392,0.04,0.091,60335654,87258825,"['Education & Careers', 'Travel & Events']","Education & Careers, Travel & Events"
creator_educ_77,Creator 77 (Education & Careers),GB,19456593,631,1998,False,Education & Careers,9.5,4.5,0.046,False,Snapchat,creator_educ_77_p3,Snapchat Spotlight,Education & Careers,"Educational / How-To, Entertaining / Trend","['Educational / How-To', 'Entertaining / Trend']",1060,1,1,True,17.2,1,60,True,332,Monday,14,0,0,GB,AU,18-24,0.351,0.649,0.886,339286,27463,40009,87888,30668685,0.602,0.5,0.379,0.024,0.097,17418177,21194182,"['Education & Careers', 'Travel & Events']","Education & Careers, Travel & Events"
creator_fina_78,Creator 78 (Finance & Business),ES,7208,2025,3626,False,Finance & Business,8.8,3.0,0.124,True,Instagram,creator_fina_78_p1,Story,Finance & Business,"Educational / How-To, Entertaining / Trend, Inspirational / Storytelling","['Educational / How-To', 'Entertaining / Trend', 'Inspirational / Storytelling']",1779,13,7,False,0.0,1,60,True,0,Sunday,11,1,1,ES,MX,25-34,0.418,0.582,0.801,264,16,18,54,0,0.0,0.815,0.05,0.072,0.063,1763,1878,['Finance & Business'],Finance & Business
creator_fina_78,Creator 78 (Finance & Business),ES,7208,2025,3626,False,Finance & Business,9.2,5.9,0.053,False,Instagram,creator_fina_78_p2,Static Image,Finance & Business,"Inspirational / Storytelling, Educational / How-To","['Inspirational / Storytelling', 'Educational / How-To']",647,3,4,False,0.0,1,60,True,0,Friday,20,0,1,ES,MX,25-34,0.832,0.168,0.488,310,9,46,84,0,0.0,0.769,0.122,0.032,0.077,5721,8416,['Finance & Business'],Finance & Business
creator_fina_78,Creator 78 (Finance & Business),ES,7208,2025,3626,False,Finance & Business,6.6,7.1,0.039,True,Instagram,creator_fina_78_p3,Story,Finance & Business,"Promotional / Sponsored, Behind The Scenes, Entertaining / Trend","['Promotional / Sponsored', 'Behind The Scenes', 'Entertaining / Trend']",1421,15,3,True,0.0,1,60,True,0,Sunday,18,1,1,ES,AE,45+,0.321,0.679,0.475,468,26,25,32,0,0.0,0.799,0.072,0.08,0.049,3042,3475,['Finance & Business'],Finance & Business
creator_scie_79,Creator 79 (Science & Technology),AU,16057,1758,1980,False,Science & Technology,10.7,4.6,0.002,True,Instagram,creator_scie_79_p1,Static Image,Science & Technology,Promotional / Sponsored,['Promotional / Sponsored'],1863,8,5,False,0.0,1,60,True,0,Tuesday,16,0,0,AU,MX,45+,0.669,0.331,0.517,532,32,54,35,0,0.0,0.802,0.115,0.052,0.031,6839,8804,"['Science & Technology', 'Sports']","Science & Technology, Sports"
creator_scie_79,Creator 79 (Science & Technology),AU,16057,1758,1980,False,Science & Technology,8.1,3.8,-0.017,True,Instagram,creator_scie_79_p2,Carousel,Science & Technology,Entertaining / Trend,['Entertaining / Trend'],1342,13,1,True,0.0,6,60,True,0,Saturday,21,1,1,AU,IN,35-44,0.484,0.516,0.652,575,36,26,162,0,0.0,0.725,0.107,0.072,0.096,14693,19239,"['Science & Technology', 'Sports']","Science & Technology, Sports"
creator_scie_79,Creator 79 (Science & Technology),AU,16057,1758,1980,False,Science & Technology,5.9,2.4,0.136,True,Instagram,creator_scie_79_p3,Carousel,Sports,Promotional / Sponsored,['Promotional / Sponsored'],303,10,4,True,0.0,6,60,True,0,Wednesday,18,0,1,AU,DE,35-44,0.353,0.647,0.694,569,16,38,110,0,0.0,0.785,0.11,0.06,0.045,10854,15574,"['Science & Technology', 'Sports']","Science & Technology, Sports"
creator_fash_80,Creator 80 (Fashion & Beauty),MX,375850,3424,3763,False,Fashion & Beauty,6.6,10.3,0.018,True,YouTube,creator_fash_80_p1,Community Post,Fashion & Beauty,Educational / How-To,['Educational / How-To'],379,0,5,True,0.0,1,59,True,0,Monday,7,0,0,MX,GB,25-34,0.705,0.295,0.555,11354,483,2831,3287,0,0.0,0.779,0.137,0.02,0.064,111049,180871,['Fashion & Beauty'],Fashion & Beauty
creator_fash_80,Creator 80 (Fashion & Beauty),MX,375850,3424,3763,False,Fashion & Beauty,10.8,4.3,0.092,False,YouTube,creator_fash_80_p2,YouTube Video,Fashion & Beauty,"Inspirational / Storytelling, Promotional / Sponsored, Behind The Scenes","['Inspirational / Storytelling', 'Promotional / Sponsored', 'Behind The Scenes']",1355,17,0,False,1460.3,1,75,False,0,Tuesday,10,0,0,MX,BR,45+,0.605,0.395,0.551,8937,574,790,1497,415166,0.59,0.669,0.21,0.088,0.033,328102,811728,['Fashion & Beauty'],Fashion & Beauty
creator_fash_80,Creator 80 (Fashion & Beauty),MX,375850,3424,3763,False,Fashion & Beauty,9.3,2.9,0.06,True,YouTube,creator_fash_80_p3,YouTube Video,Fashion & Beauty,"Entertaining / Trend, Educational / How-To","['Entertaining / Trend', 'Educational / How-To']",1310,7,4,True,1432.3,1,94,False,0,Tuesday,0,0,0,MX,IT,35-44,0.316,0.684,0.522,9089,629,2026,2753,559018,0.638,0.686,0.21,0.048,0.056,551969,926960,['Fashion & Beauty'],Fashion & Beauty
creator_trav_81,Creator 81 (Travel & Events),ES,2617518,225,592,True,Travel & Events,3.8,12.0,-0.014,True,Snapchat,creator_trav_81_p1,Snapchat Spotlight,Sports,Promotional / Sponsored,['Promotional / Sponsored'],709,21,6,True,14.4,1,60,True,177,Monday,11,0,1,ES,IN,18-24,0.777,0.223,0.819,96826,7966,30407,3897,10476628,0.782,0.432,0.429,0.1,0.039,7078910,10626540,"['Sports', 'Travel & Events']","Sports, Travel & Events"
creator_trav_81,Creator 81 (Travel & Events),ES,2617518,225,592,True,Travel & Events,8.7,7.9,0.09,True,Snapchat,creator_trav_81_p2,Snapchat Story,Sports,Promotional / Sponsored,['Promotional / Sponsored'],1886,19,1,True,7.2,1,60,True,463,Monday,2,0,0,ES,GB,18-24,0.518,0.482,0.762,70564,5492,6291,4864,1258121,0.889,0.76,0.047,0.096,0.097,1116064,1268724,"['Sports', 'Travel & Events']","Sports, Travel & Events"
creator_trav_81,Creator 81 (Travel & Events),ES,2617518,225,592,True,Travel & Events,2.0,6.1,-0.017,False,Snapchat,creator_trav_81_p3,Snapchat Story,Travel & Events,"Inspirational / Storytelling, Educational / How-To","['Inspirational / Storytelling', 'Educational / How-To']",1079,0,7,True,9.2,1,60,True,222,Friday,6,0,0,ES,AE,18-24,0.515,0.485,0.493,66088,5774,22791,10264,973563,0.853,0.878,0.064,0.02,0.038,1044953,1102174,"['Sports', 'Travel & Events']","Sports, Travel & Events"
creator_fina_82,Creator 82 (Finance & Business),FR,515,478,2545,False,Finance & Business,3.2,10.1,0.095,False,Instagram,creator_fina_82_p1,Reel,Finance & Business,Behind The Scenes,['Behind The Scenes'],697,12,1,False,27.7,1,60,True,0,Saturday,13,1,1,FR,IT,45+,0.519,0.481,0.911,18,1,1,1,1334,0.746,0.528,0.363,0.068,0.041,750,1156,"['Finance & Business', 'Music & Entertainment']","Finance & Business, Music & Entertainment"
creator_fina_82,Creator 82 (Finance & Business),FR,515,478,2545,False,Finance & Business,6.7,5.9,0.082,True,Instagram,creator_fina_82_p2,Reel,Finance & Business,"Educational / How-To, Entertaining / Trend","['Educational / How-To', 'Entertaining / Trend']",100,22,2,True,13.5,1,60,True,0,Monday,1,0,0,FR,CA,35-44,0.259,0.741,0.646,24,1,5,8,1296,0.792,0.469,0.4,0.1,0.031,846,1273,"['Finance & Business', 'Music & Entertainment']","Finance & Business, Music & Entertainment"
creator_fina_82,Creator 82 (Finance & Business),FR,515,478,2545,False,Finance & Business,8.3,12.5,0.081,True,Instagram,creator_fina_82_p3,Static Image,Music & Entertainment,"Behind The Scenes, Inspirational / Storytelling","['Behind The Scenes', 'Inspirational / Storytelling']",1075,0,2,False,0.0,1,60,True,0,Friday,12,0,1,FR,CA,18-24,0.737,0.263,0.605,23,1,1,1,0,0.0,0.779,0.106,0.02,0.095,282,412,"['Finance & Business', 'Music & Entertainment']","Finance & Business, Music & Entertainment"
creator_fina_83,Creator 83 (Finance & Business),IT,36136,3549,2345,False,Finance & Business,2.7,3.0,0.126,False,Instagram,creator_fina_83_p1,Carousel,Science & Technology,"Entertaining / Trend, Promotional / Sponsored, Behind The Scenes","['Entertaining / Trend', 'Promotional / Sponsored', 'Behind The Scenes']",650,14,5,True,0.0,10,60,True,0,Tuesday,7,0,0,IT,FR,18-24,0.168,0.832,0.766,1088,63,86,102,0,0.0,0.742,0.112,0.076,0.07,32665,50817,"['Finance & Business', 'Science & Technology']","Finance & Business, Science & Technology"
creator_fina_83,Creator 83 (Finance & Business),IT,36136,3549,2345,False,Finance & Business,10.4,11.3,-0.003,True,Instagram,creator_fina_83_p2,Static Image,Finance & Business,"Behind The Scenes, Promotional / Sponsored","['Behind The Scenes', 'Promotional / Sponsored']",1016,11,3,False,0.0,1,60,True,0,Wednesday,10,0,0,IT,IN,25-34,0.501,0.499,0.746,820,26,74,48,0,0.0,0.739,0.114,0.064,0.083,13680,20745,"['Finance & Business', 'Science & Technology']","Finance & Business, Science & Technology"
creator_fina_83,Creator 83 (Finance & Business),IT,36136,3549,2345,False,Finance & Business,9.8,12.5,0.05,False,Instagram,creator_fina_83_p3,Reel,Finance & Business,Educational / How-To,['Educational / How-To'],2113,2,2,True,49.7,1,60,True,0,Monday,18,0,1,IT,CA,18-24,0.509,0.491,0.426,1047,44,294,360,158192,0.805,0.478,0.42,0.028,0.074,88322,108681,"['Finance & Business', 'Science & Technology']","Finance & Business, Science & Technology"
creator_trav_84,Creator 84 (Travel & Events),GB,439428,145,4177,False,Travel & Events,8.9,10.9,0.124,True,YouTube,creator_trav_84_p1,YouTube Short,Travel & Events,"Inspirational / Storytelling, Behind The Scenes","['Inspirational / Storytelling', 'Behind The Scenes']",1185,11,6,True,27.7,1,59,True,0,Wednesday,12,0,1,GB,DE,45+,0.498,0.502,0.59,17441,1249,1307,1503,1598676,0.641,0.496,0.369,0.064,0.071,835105,1219985,['Travel & Events'],Travel & Events
creator_trav_84,Creator 84 (Travel & Events),GB,439428,145,4177,False,Travel & Events,6.5,3.5,0.088,False,YouTube,creator_trav_84_p2,YouTube Video,Travel & Events,Behind The Scenes,['Behind The Scenes'],685,14,6,True,1432.0,1,60,False,0,Wednesday,18,0,1,GB,FR,25-34,0.452,0.548,0.472,18819,1620,1114,1680,1391350,0.513,0.616,0.213,0.076,0.095,941144,1511308,['Travel & Events'],Travel & Events
creator_trav_84,Creator 84 (Travel & Events),GB,439428,145,4177,False,Travel & Events,11.9,10.4,0.038,True,YouTube,creator_trav_84_p3,YouTube Short,Travel & Events,Educational / How-To,['Educational / How-To'],244,22,6,True,22.9,1,57,True,0,Thursday,19,0,1,GB,AE,35-44,0.248,0.752,0.446,13681,331,3288,5053,1441578,0.559,0.454,0.41,0.1,0.036,1013995,1637911,['Travel & Events'],Travel & Events
creator_fash_85,Creator 85 (Fashion & Beauty),AE,78471451,3345,1917,True,Fashion & Beauty,7.2,6.7,0.04,False,Snapchat,creator_fash_85_p1,Snapchat Spotlight,Fashion & Beauty,Educational / How-To,['Educational / How-To'],523,3,2,True,9.7,1,60,True,171,Tuesday,2,0,0,AE,GB,18-24,0.744,0.256,0.69,1941413,122770,135866,497763,136563738,0.514,0.527,0.367,0.032,0.074,111384907,178460796,['Fashion & Beauty'],Fashion & Beauty
creator_fash_85,Creator 85 (Fashion & Beauty),AE,78471451,3345,1917,True,Fashion & Beauty,1.2,8.8,0.141,True,Snapchat,creator_fash_85_p2,Snapchat Spotlight,Fashion & Beauty,Educational / How-To,['Educational / How-To'],1620,28,7,False,38.5,1,60,True,483,Wednesday,10,0,0,AE,FR,35-44,0.371,0.629,0.706,1379728,26413,134352,93971,148786260,0.509,0.468,0.374,0.1,0.058,78482721,137681896,['Fashion & Beauty'],Fashion & Beauty
creator_fash_85,Creator 85 (Fashion & Beauty),AE,78471451,3345,1917,True,Fashion & Beauty,2.9,4.4,0.135,False,Snapchat,creator_fash_85_p3,Snapchat Story,Fashion & Beauty,"Promotional / Sponsored, Entertaining / Trend, Behind The Scenes","['Promotional / Sponsored', 'Entertaining / Trend', 'Behind The Scenes']",955,22,0,True,7.2,1,60,True,140,Saturday,1,1,0,AE,AU,25-34,0.403,0.597,0.965,2097243,174017,239012,125339,23302078,0.751,0.79,0.034,0.1,0.076,20862775,22185484,['Fashion & Beauty'],Fashion & Beauty
creator_food_86,Creator 86 (Food & Dining),AU,4153,127,4537,False,Food & Dining,6.2,4.7,0.074,True,Instagram,creator_food_86_p1,Carousel,Music & Entertainment,"Inspirational / Storytelling, Entertaining / Trend","['Inspirational / Storytelling', 'Entertaining / Trend']",2116,11,6,True,0.0,8,60,True,0,Sunday,17,1,0,AU,BR,25-34,0.831,0.169,0.607,236,16,31,18,0,0.0,0.782,0.12,0.064,0.034,5060,8219,"['Food & Dining', 'Music & Entertainment']","Food & Dining, Music & Entertainment"
creator_food_86,Creator 86 (Food & Dining),AU,4153,127,4537,False,Food & Dining,8.8,13.6,0.144,False,Instagram,creator_food_86_p2,Carousel,Food & Dining,Inspirational / Storytelling,['Inspirational / Storytelling'],1176,17,6,True,0.0,7,60,True,0,Sunday,8,1,0,AU,ES,25-34,0.53,0.47,0.584,217,14,5,68,0,0.0,0.739,0.103,0.088,0.07,3328,5548,"['Food & Dining', 'Music & Entertainment']","Food & Dining, Music & Entertainment"
creator_food_86,Creator 86 (Food & Dining),AU,4153,127,4537,False,Food & Dining,6.8,12.6,0.057,True,Instagram,creator_food_86_p3,Carousel,Food & Dining,Promotional / Sponsored,['Promotional / Sponsored'],174,22,7,True,0.0,8,60,True,0,Saturday,3,1,0,AU,MX,18-24,0.54,0.46,0.431,162,14,17,46,0,0.0,0.764,0.116,0.1,0.02,4589,7118,"['Food & Dining', 'Music & Entertainment']","Food & Dining, Music & Entertainment"
creator_trav_87,Creator 87 (Travel & Events),FR,11847,3676,4885,False,Travel & Events,10.9,1.0,0.019,False,Instagram,creator_trav_87_p1,Reel,Travel & Events,Inspirational / Storytelling,['Inspirational / Storytelling'],2130,15,0,True,88.9,1,60,True,0,Thursday,23,0,0,FR,CA,25-34,0.471,0.529,0.496,470,13,97,37,33611,0.401,0.44,0.401,0.08,0.079,18408,28707,"['Fashion & Beauty', 'Travel & Events']","Fashion & Beauty, Travel & Events"
creator_trav_87,Creator 87 (Travel & Events),FR,11847,3676,4885,False,Travel & Events,5.2,12.1,0.004,True,Instagram,creator_trav_87_p2,Story,Travel & Events,"Inspirational / Storytelling, Educational / How-To","['Inspirational / Storytelling', 'Educational / How-To']",262,28,7,False,0.0,1,60,True,0,Sunday,7,1,0,FR,GB,18-24,0.618,0.382,0.636,354,27,35,43,0,0.0,0.849,0.03,0.1,0.021,1864,1931,"['Fashion & Beauty', 'Travel & Events']","Fashion & Beauty, Travel & Events"
creator_trav_87,Creator 87 (Travel & Events),FR,11847,3676,4885,False,Travel & Events,10.2,11.3,0.015,True,Instagram,creator_trav_87_p3,Reel,Fashion & Beauty,"Entertaining / Trend, Inspirational / Storytelling","['Entertaining / Trend', 'Inspirational / Storytelling']",82,21,0,False,30.8,1,60,True,0,Friday,9,0,0,FR,CA,45+,0.313,0.687,0.839,330,9,93,6,41361,0.486,0.446,0.42,0.1,0.034,21258,35747,"['Fashion & Beauty', 'Travel & Events']","Fashion & Beauty, Travel & Events"
creator_educ_88,Creator 88 (Education & Careers),GB,301886,2866,2911,False,Education & Careers,8.5,7.9,0.117,True,YouTube,creator_educ_88_p1,YouTube Video,Food & Dining,"Inspirational / Storytelling, Entertaining / Trend","['Inspirational / Storytelling', 'Entertaining / Trend']",555,24,2,True,280.9,1,59,True,0,Saturday,6,1,0,GB,AU,18-24,0.677,0.323,0.8,11668,787,1009,678,312612,0.511,0.638,0.21,0.1,0.052,325326,678107,"['Education & Careers', 'Food & Dining']","Education & Careers, Food & Dining"
creator_educ_88,Creator 88 (Education & Careers),GB,301886,2866,2911,False,Education & Careers,2.7,6.5,0.101,True,YouTube,creator_educ_88_p2,YouTube Short,Education & Careers,Inspirational / Storytelling,['Inspirational / Storytelling'],2195,25,6,False,32.5,1,51,True,0,Thursday,15,0,0,GB,CA,18-24,0.776,0.224,0.894,7653,268,1593,161,522279,0.52,0.417,0.402,0.1,0.081,271459,440049,"['Education & Careers', 'Food & Dining']","Education & Careers, Food & Dining"
creator_educ_88,Creator 88 (Education & Careers),GB,301886,2866,2911,False,Education & Careers,3.2,7.9,-0.016,True,YouTube,creator_educ_88_p3,YouTube Video,Education & Careers,"Educational / How-To, Inspirational / Storytelling","['Educational / How-To', 'Inspirational / Storytelling']",1293,11,6,True,492.8,1,31,True,0,Monday,3,0,0,GB,BR,35-44,0.815,0.185,0.827,10211,691,2929,3593,633717,0.393,0.706,0.21,0.064,0.02,505099,1120275,"['Education & Careers', 'Food & Dining']","Education & Careers, Food & Dining"
creator_scie_89,Creator 89 (Science & Technology),ES,71092205,506,4905,True,Science & Technology,8.8,10.0,0.044,False,Snapchat,creator_scie_89_p1,Snapchat Spotlight,Science & Technology,"Inspirational / Storytelling, Entertaining / Trend","['Inspirational / Storytelling', 'Entertaining / Trend']",194,19,2,False,41.2,1,60,True,461,Wednesday,12,0,1,ES,MX,25-34,0.494,0.506,0.97,1937617,91118,458331,176781,170643440,0.551,0.431,0.409,0.096,0.064,94460498,163230230,"['Fashion & Beauty', 'Science & Technology']","Fashion & Beauty, Science & Technology"
creator_scie_89,Creator 89 (Science & Technology),ES,71092205,506,4905,True,Science & Technology,1.3,5.2,0.013,True,Snapchat,creator_scie_89_p2,Snapchat Spotlight,Fashion & Beauty,"Promotional / Sponsored, Inspirational / Storytelling","['Promotional / Sponsored', 'Inspirational / Storytelling']",1214,24,6,True,44.4,1,60,True,12,Monday,22,0,0,ES,GB,25-34,0.338,0.662,0.576,1347322,48830,280360,37398,104088612,0.448,0.448,0.402,0.1,0.05,73195444,91139198,"['Fashion & Beauty', 'Science & Technology']","Fashion & Beauty, Science & Technology"
creator_scie_89,Creator 89 (Science & Technology),ES,71092205,506,4905,True,Science & Technology,7.7,8.0,-0.012,True,Snapchat,creator_scie_89_p3,Snapchat Story,Science & Technology,"Inspirational / Storytelling, Behind The Scenes","['Inspirational / Storytelling', 'Behind The Scenes']",272,8,3,True,8.6,1,60,True,296,Friday,16,0,0,ES,AE,35-44,0.614,0.386,0.927,1563639,134443,144025,113623,23984924,0.859,0.799,0.063,0.052,0.086,26204836,29636187,"['Fashion & Beauty', 'Science & Technology']","Fashion & Beauty, Science & Technology"
creator_educ_90,Creator 90 (Education & Careers),FR,534,3039,2855,False,Education & Careers,2.5,13.1,0.135,True,Instagram,creator_educ_90_p1,Reel,Education & Careers,"Entertaining / Trend, Inspirational / Storytelling","['Entertaining / Trend', 'Inspirational / Storytelling']",819,10,0,False,65.3,1,60,True,0,Tuesday,18,0,1,FR,AE,35-44,0.438,0.562,0.733,29,1,6,2,1556,0.534,0.499,0.4,0.06,0.041,1122,1434,"['Education & Careers', 'Health & Fitness']","Education & Careers, Health & Fitness"
creator_educ_90,Creator 90 (Education & Careers),FR,534,3039,2855,False,Education & Careers,5.3,6.0,0.028,True,Instagram,creator_educ_90_p2,Static Image,Health & Fitness,"Promotional / Sponsored, Inspirational / Storytelling","['Promotional / Sponsored', 'Inspirational / Storytelling']",1527,11,5,True,0.0,1,60,True,0,Saturday,15,1,0,FR,DE,18-24,0.611,0.389,0.581,25,1,1,1,0,0.0,0.796,0.106,0.064,0.034,401,504,"['Education & Careers', 'Health & Fitness']","Education & Careers, Health & Fitness"
creator_educ_90,Creator 90 (Education & Careers),FR,534,3039,2855,False,Education & Careers,8.2,6.1,0.133,True,Instagram,creator_educ_90_p3,Story,Education & Careers,"Behind The Scenes, Promotional / Sponsored","['Behind The Scenes', 'Promotional / Sponsored']",1091,11,7,True,0.0,1,60,True,0,Sunday,13,1,1,FR,GB,18-24,0.656,0.344,0.683,30,1,2,1,0,0.0,0.816,0.028,0.064,0.092,236,251,"['Education & Careers', 'Health & Fitness']","Education & Careers, Health & Fitness"
creator_heal_91,Creator 91 (Health & Fitness),FR,19277,2545,4401,False,Health & Fitness,9.5,12.7,0.12,False,Instagram,creator_heal_91_p1,Reel,Health & Fitness,"Educational / How-To, Entertaining / Trend","['Educational / How-To', 'Entertaining / Trend']",1074,2,0,False,86.0,1,60,True,0,Friday,13,0,1,FR,IN,18-24,0.508,0.492,0.498,669,40,54,66,67319,0.807,0.508,0.37,0.028,0.094,33939,50128,['Health & Fitness'],Health & Fitness
creator_heal_91,Creator 91 (Health & Fitness),FR,19277,2545,4401,False,Health & Fitness,1.4,3.9,0.024,False,Instagram,creator_heal_91_p2,Reel,Health & Fitness,"Educational / How-To, Inspirational / Storytelling","['Educational / How-To', 'Inspirational / Storytelling']",184,2,7,True,34.8,1,60,True,0,Sunday,13,1,1,FR,GB,25-34,0.492,0.508,0.525,1242,30,113,377,110615,0.778,0.507,0.373,0.028,0.092,57068,71888,['Health & Fitness'],Health & Fitness
creator_heal_91,Creator 91 (Health & Fitness),FR,19277,2545,4401,False,Health & Fitness,10.2,3.7,0.129,True,Instagram,creator_heal_91_p3,Reel,Health & Fitness,"Inspirational / Storytelling, Educational / How-To, Behind The Scenes","['Inspirational / Storytelling', 'Educational / How-To', 'Behind The Scenes']",597,6,4,False,86.5,1,60,True,0,Saturday,13,1,1,FR,BR,18-24,0.493,0.507,0.461,744,48,165,39,58232,0.491,0.491,0.405,0.044,0.06,41660,66159,['Health & Fitness'],Health & Fitness
creator_spor_92,Creator 92 (Sports),IN,153718,3007,3486,False,Sports,8.1,5.8,0.06,True,YouTube,creator_spor_92_p1,YouTube Short,Sports,"Promotional / Sponsored, Behind The Scenes","['Promotional / Sponsored', 'Behind The Scenes']",1588,12,3,False,27.9,1,94,True,0,Monday,5,0,0,IN,FR,18-24,0.535,0.465,0.582,5959,406,1293,135,448175,0.652,0.432,0.404,0.068,0.096,276927,439042,['Sports'],Sports
creator_spor_92,Creator 92 (Sports),IN,153718,3007,3486,False,Sports,6.1,6.0,0.069,True,YouTube,creator_spor_92_p2,YouTube Short,Sports,Entertaining / Trend,['Entertaining / Trend'],1454,22,0,True,57.6,1,41,True,0,Wednesday,0,0,0,IN,CA,25-34,0.693,0.307,0.646,3888,332,892,126,404182,0.601,0.4,0.407,0.1,0.093,191707,268227,['Sports'],Sports
creator_spor_92,Creator 92 (Sports),IN,153718,3007,3486,False,Sports,9.1,3.4,0.055,True,YouTube,creator_spor_92_p3,YouTube Video,Sports,Behind The Scenes,['Behind The Scenes'],322,0,1,True,1414.8,1,44,True,0,Sunday,2,1,0,IN,BR,18-24,0.454,0.546,0.827,6107,290,690,1061,368394,0.589,0.703,0.207,0.02,0.07,249739,499862,['Sports'],Sports
creator_spor_93,Creator 93 (Sports),AU,14057838,2820,2771,False,Sports,1.5,5.3,0.143,True,Snapchat,creator_spor_93_p1,Snapchat Story,Sports,"Entertaining / Trend, Promotional / Sponsored, Behind The Scenes","['Entertaining / Trend', 'Promotional / Sponsored', 'Behind The Scenes']",1213,10,0,False,5.3,1,60,True,244,Thursday,2,0,0,AU,BR,18-24,0.72,0.28,0.877,410866,16389,14534,7799,4105687,0.881,0.861,0.028,0.06,0.051,4187667,4484431,['Sports'],Sports
creator_spor_93,Creator 93 (Sports),AU,14057838,2820,2771,False,Sports,11.1,4.8,0.0,True,Snapchat,creator_spor_93_p2,Snapchat Story,Sports,Inspirational / Storytelling,['Inspirational / Storytelling'],660,3,5,True,11.1,1,60,True,134,Monday,16,0,0,AU,GB,25-34,0.451,0.549,0.572,477582,46421,27413,23246,3713477,0.772,0.803,0.073,0.032,0.092,4076308,4631251,['Sports'],Sports
creator_spor_93,Creator 93 (Sports),AU,14057838,2820,2771,False,Sports,2.6,14.0,0.085,True,Snapchat,creator_spor_93_p3,Snapchat Post,Sports,Behind The Scenes,['Behind The Scenes'],2039,29,4,False,0.0,1,60,True,65,Sunday,17,1,0,AU,US,25-34,0.506,0.494,0.615,280889,19676,9619,21656,0,0.0,0.703,0.105,0.1,0.092,3525624,4985172,['Sports'],Sports
creator_educ_94,Creator 94 (Education & Careers),IT,5679,913,3119,False,Education & Careers,8.3,6.4,0.049,True,Instagram,creator_educ_94_p1,Story,Science & Technology,Behind The Scenes,['Behind The Scenes'],269,29,0,True,0.0,1,60,True,0,Thursday,10,0,0,IT,MX,25-34,0.257,0.743,0.57,260,6,15,29,0,0.0,0.761,0.061,0.1,0.078,1810,2020,"['Education & Careers', 'Science & Technology']","Education & Careers, Science & Technology"
creator_educ_94,Creator 94 (Education & Careers),IT,5679,913,3119,False,Education & Careers,6.5,13.3,0.077,True,Instagram,creator_educ_94_p2,Static Image,Education & Careers,"Entertaining / Trend, Educational / How-To","['Entertaining / Trend', 'Educational / How-To']",346,5,7,True,0.0,1,60,True,0,Sunday,1,1,0,IT,US,25-34,0.696,0.304,0.931,267,21,83,62,0,0.0,0.768,0.146,0.04,0.046,5018,5929,"['Education & Careers', 'Science & Technology']","Education & Careers, Science & Technology"
creator_educ_94,Creator 94 (Education & Careers),IT,5679,913,3119,False,Education & Careers,7.1,6.5,0.149,True,Instagram,creator_educ_94_p3,Static Image,Education & Careers,Educational / How-To,['Educational / How-To'],2152,9,7,True,0.0,1,60,True,0,Friday,20,0,1,IT,BR,18-24,0.497,0.503,0.942,203,7,56,61,0,0.0,0.771,0.141,0.056,0.032,5154,6536,"['Education & Careers', 'Science & Technology']","Education & Careers, Science & Technology"
creator_trav_95,Creator 95 (Travel & Events),CA,59102,1912,1902,False,Travel & Events,8.4,5.9,0.043,False,Instagram,creator_trav_95_p1,Carousel,Travel & Events,"Educational / How-To, Behind The Scenes, Inspirational / Storytelling","['Educational / How-To', 'Behind The Scenes', 'Inspirational / Storytelling']",913,8,2,True,0.0,3,60,True,0,Sunday,12,1,1,CA,AE,25-34,0.488,0.512,0.646,3340,192,1008,152,0,0.0,0.75,0.145,0.052,0.053,123878,184369,"['Finance & Business', 'Travel & Events']","Finance & Business, Travel & Events"
creator_trav_95,Creator 95 (Travel & Events),CA,59102,1912,1902,False,Travel & Events,9.6,6.5,0.02,False,Instagram,creator_trav_95_p2,Reel,Finance & Business,Promotional / Sponsored,['Promotional / Sponsored'],564,17,7,True,52.0,1,60,True,0,Tuesday,22,0,0,CA,DE,35-44,0.666,0.334,0.426,2089,72,398,113,169981,0.765,0.432,0.398,0.088,0.082,97695,141617,"['Finance & Business', 'Travel & Events']","Finance & Business, Travel & Events"
creator_trav_95,Creator 95 (Travel & Events),CA,59102,1912,1902,False,Travel & Events,9.1,6.7,-0.004,True,Instagram,creator_trav_95_p3,Carousel,Travel & Events,Inspirational / Storytelling,['Inspirational / Storytelling'],2093,11,7,False,0.0,3,60,True,0,Sunday,14,1,0,CA,FR,25-34,0.9,0.1,0.666,2270,98,115,204,0,0.0,0.743,0.108,0.064,0.085,34318,48935,"['Finance & Business', 'Travel & Events']","Finance & Business, Travel & Events"
creator_scie_96,Creator 96 (Science & Technology),AU,612037,3647,3514,False,Science & Technology,5.2,13.7,0.098,False,YouTube,creator_scie_96_p1,YouTube Short,Travel & Events,"Entertaining / Trend, Behind The Scenes, Promotional / Sponsored","['Entertaining / Trend', 'Behind The Scenes', 'Promotional / Sponsored']",148,27,4,False,27.4,1,65,True,0,Monday,10,0,0,AU,FR,35-44,0.422,0.578,0.454,19108,602,2183,1218,836805,0.826,0.446,0.379,0.1,0.075,649609,1059567,"['Health & Fitness', 'Science & Technology', 'Travel & Events']","Health & Fitness, Science & Technology, Travel & Events"
creator_scie_96,Creator 96 (Science & Technology),AU,612037,3647,3514,False,Science & Technology,9.1,4.2,0.129,True,YouTube,creator_scie_96_p2,YouTube Short,Health & Fitness,"Behind The Scenes, Educational / How-To","['Behind The Scenes', 'Educational / How-To']",683,7,3,True,44.7,1,56,True,0,Sunday,20,1,1,AU,IN,25-34,0.325,0.675,0.513,24246,1933,4883,2356,2834986,0.527,0.493,0.4,0.048,0.059,1414543,2225926,"['Health & Fitness', 'Science & Technology', 'Travel & Events']","Health & Fitness, Science & Technology, Travel & Events"
creator_scie_96,Creator 96 (Science & Technology),AU,612037,3647,3514,False,Science & Technology,4.5,4.3,0.148,False,YouTube,creator_scie_96_p3,YouTube Short,Science & Technology,Entertaining / Trend,['Entertaining / Trend'],2081,25,4,True,22.5,1,43,True,0,Saturday,13,1,1,AU,AE,18-24,0.495,0.505,0.485,25839,1943,8712,1647,2937581,0.443,0.369,0.434,0.1,0.097,1465602,2254659,"['Health & Fitness', 'Science & Technology', 'Travel & Events']","Health & Fitness, Science & Technology, Travel & Events"
creator_musi_97,Creator 97 (Music & Entertainment),CA,1484236,2759,2118,True,Music & Entertainment,3.9,11.3,0.013,False,Snapchat,creator_musi_97_p1,Snapchat Spotlight,Finance & Business,"Entertaining / Trend, Promotional / Sponsored","['Entertaining / Trend', 'Promotional / Sponsored']",1588,2,3,False,20.2,1,60,True,349,Friday,2,0,0,CA,FR,35-44,0.51,0.49,0.888,29806,1809,5287,2423,2843852,0.656,0.555,0.394,0.028,0.023,1465003,2167819,"['Finance & Business', 'Music & Entertainment']","Finance & Business, Music & Entertainment"
creator_musi_97,Creator 97 (Music & Entertainment),CA,1484236,2759,2118,True,Music & Entertainment,1.3,5.3,0.1,False,Snapchat,creator_musi_97_p2,Snapchat Spotlight,Music & Entertainment,"Inspirational / Storytelling, Entertaining / Trend","['Inspirational / Storytelling', 'Entertaining / Trend']",1523,20,6,False,19.4,1,60,True,449,Monday,20,0,1,CA,US,18-24,0.46,0.54,0.609,34458,1968,7997,3186,3895965,0.46,0.416,0.408,0.1,0.076,2600718,3509633,"['Finance & Business', 'Music & Entertainment']","Finance & Business, Music & Entertainment"
creator_musi_97,Creator 97 (Music & Entertainment),CA,1484236,2759,2118,True,Music & Entertainment,10.1,7.6,0.042,True,Snapchat,creator_musi_97_p3,Snapchat Story,Music & Entertainment,Promotional / Sponsored,['Promotional / Sponsored'],1736,19,3,False,14.5,1,60,True,48,Friday,20,0,1,CA,GB,18-24,0.534,0.466,0.482,49788,3805,4080,4537,560762,0.865,0.761,0.045,0.096,0.098,482579,531051,"['Finance & Business', 'Music & Entertainment']","Finance & Business, Music & Entertainment"
creator_food_98,Creator 98 (Food & Dining),MX,582,3275,4655,False,Food & Dining,3.4,4.0,0.017,True,Instagram,creator_food_98_p1,Carousel,Food & Dining,Inspirational / Storytelling,['Inspirational / Storytelling'],1799,2,1,False,0.0,8,60,True,0,Thursday,5,0,0,MX,US,25-34,0.746,0.254,0.497,17,1,1,1,0,0.0,0.815,0.108,0.028,0.049,394,539,['Food & Dining'],Food & Dining
creator_food_98,Creator 98 (Food & Dining),MX,582,3275,4655,False,Food & Dining,11.4,2.8,0.024,True,Instagram,creator_food_98_p2,Static Image,Food & Dining,"Educational / How-To, Entertaining / Trend","['Educational / How-To', 'Entertaining / Trend']",2055,13,7,True,0.0,1,60,True,0,Friday,14,0,0,MX,IT,25-34,0.599,0.401,0.493,18,1,4,2,0,0.0,0.711,0.132,0.072,0.085,373,464,['Food & Dining'],Food & Dining
creator_food_98,Creator 98 (Food & Dining),MX,582,3275,4655,False,Food & Dining,11.2,13.6,0.111,False,Instagram,creator_food_98_p3,Carousel,Food & Dining,Behind The Scenes,['Behind The Scenes'],498,4,3,False,0.0,6,60,True,0,Tuesday,18,0,1,MX,DE,18-24,0.51,0.49,0.949,36,2,3,5,0,0.0,0.779,0.112,0.036,0.073,857,1487,['Food & Dining'],Food & Dining
creator_educ_99,Creator 99 (Education & Careers),CA,36406,3436,4097,False,Education & Careers,7.5,13.6,0.102,True,Instagram,creator_educ_99_p1,Reel,Education & Careers,Inspirational / Storytelling,['Inspirational / Storytelling'],1112,14,1,True,52.5,1,60,True,0,Tuesday,0,0,0,CA,MX,18-24,0.498,0.502,0.61,955,81,247,70,60437,0.47,0.428,0.415,0.076,0.081,50270,85501,['Education & Careers'],Education & Careers
creator_educ_99,Creator 99 (Education & Careers),CA,36406,3436,4097,False,Education & Careers,1.0,12.3,0.053,True,Instagram,creator_educ_99_p2,Static Image,Education & Careers,"Promotional / Sponsored, Educational / How-To","['Promotional / Sponsored', 'Educational / How-To']",616,13,1,True,0.0,1,60,True,0,Saturday,9,1,0,CA,AE,45+,0.455,0.545,0.886,2070,143,470,332,0,0.0,0.76,0.134,0.072,0.034,34947,48156,['Education & Careers'],Education & Careers
creator_educ_99,Creator 99 (Education & Careers),CA,36406,3436,4097,False,Education & Careers,8.8,12.5,0.09,False,Instagram,creator_educ_99_p3,Carousel,Education & Careers,"Educational / How-To, Promotional / Sponsored","['Educational / How-To', 'Promotional / Sponsored']",552,29,2,True,0.0,6,60,True,0,Sunday,9,1,0,CA,BR,18-24,0.838,0.162,0.838,1794,141,585,423,0,0.0,0.656,0.149,0.1,0.095,51478,70466,['Education & Careers'],Education & Careers
creator_scie_100,Creator 100 (Science & Technology),ES,134121,668,2281,False,Science & Technology,2.9,7.0,-0.003,False,YouTube,creator_scie_100_p1,YouTube Short,Science & Technology,"Entertaining / Trend, Behind The Scenes","['Entertaining / Trend', 'Behind The Scenes']",1015,22,0,False,58.9,1,53,True,0,Friday,23,0,0,ES,IT,45+,0.648,0.352,0.553,4004,80,739,81,341355,0.372,0.415,0.396,0.1,0.089,155854,274698,['Science & Technology'],Science & Technology
creator_scie_100,Creator 100 (Science & Technology),ES,134121,668,2281,False,Science & Technology,7.4,5.3,0.048,True,YouTube,creator_scie_100_p2,YouTube Short,Science & Technology,"Educational / How-To, Behind The Scenes, Promotional / Sponsored","['Educational / How-To', 'Behind The Scenes', 'Promotional / Sponsored']",1659,14,0,False,52.0,1,29,True,0,Tuesday,14,0,0,ES,CA,25-34,0.609,0.391,0.736,3605,115,981,775,359401,0.448,0.41,0.418,0.076,0.096,188119,331348,['Science & Technology'],Science & Technology
creator_scie_100,Creator 100 (Science & Technology),ES,134121,668,2281,False,Science & Technology,7.7,8.6,0.023,False,YouTube,creator_scie_100_p3,YouTube Short,Science & Technology,"Behind The Scenes, Promotional / Sponsored","['Behind The Scenes', 'Promotional / Sponsored']",1446,5,6,False,31.0,1,51,True,0,Wednesday,13,0,1,ES,IN,35-44,0.609,0.391,0.454,6155,221,705,194,312096,0.61,0.515,0.379,0.04,0.066,182212,253196,['Science & Technology'],Science & Technology
creator_musi_101,Creator 101 (Music & Entertainment),FR,15394456,3548,1651,True,Music & Entertainment,10.8,9.1,0.077,True,Snapchat,creator_musi_101_p1,Snapchat Spotlight,Finance & Business,Entertaining / Trend,['Entertaining / Trend'],709,6,7,True,42.8,1,60,True,487,Wednesday,13,0,1,FR,AE,25-34,0.397,0.603,0.627,538295,54376,137737,42596,40432266,0.728,0.481,0.414,0.044,0.061,27794905,34099246,"['Finance & Business', 'Music & Entertainment']","Finance & Business, Music & Entertainment"
creator_musi_101,Creator 101 (Music & Entertainment),FR,15394456,3548,1651,True,Music & Entertainment,11.8,4.4,0.081,False,Snapchat,creator_musi_101_p2,Snapchat Spotlight,Music & Entertainment,Entertaining / Trend,['Entertaining / Trend'],945,24,1,True,11.3,1,60,True,272,Friday,15,0,0,FR,AE,25-34,0.309,0.691,0.615,399071,28849,47363,25099,39103432,0.518,0.449,0.38,0.1,0.071,24473885,29212654,"['Finance & Business', 'Music & Entertainment']","Finance & Business, Music & Entertainment"
creator_musi_101,Creator 101 (Music & Entertainment),FR,15394456,3548,1651,True,Music & Entertainment,2.8,13.3,0.091,False,Snapchat,creator_musi_101_p3,Snapchat Post,Music & Entertainment,"Entertaining / Trend, Inspirational / Storytelling","['Entertaining / Trend', 'Inspirational / Storytelling']",1616,25,1,True,0.0,1,60,True,357,Friday,18,0,1,FR,IT,18-24,0.404,0.596,0.521,585682,27651,75495,24977,0,0.0,0.687,0.119,0.1,0.094,6758768,10900675,"['Finance & Business', 'Music & Entertainment']","Finance & Business, Music & Entertainment"
creator_fina_102,Creator 102 (Finance & Business),AU,7272,80,640,False,Finance & Business,10.2,9.9,0.014,True,Instagram,creator_fina_102_p1,Story,Finance & Business,"Behind The Scenes, Entertaining / Trend","['Behind The Scenes', 'Entertaining / Trend']",177,8,2,True,0.0,1,60,True,0,Wednesday,4,0,0,AU,FR,45+,0.1,0.9,0.841,223,11,6,12,0,0.0,0.845,0.054,0.052,0.049,803,895,"['Education & Careers', 'Finance & Business']","Education & Careers, Finance & Business"
creator_fina_102,Creator 102 (Finance & Business),AU,7272,80,640,False,Finance & Business,6.2,8.7,0.047,True,Instagram,creator_fina_102_p2,Reel,Finance & Business,"Educational / How-To, Inspirational / Storytelling, Behind The Scenes","['Educational / How-To', 'Inspirational / Storytelling', 'Behind The Scenes']",1470,21,6,True,18.3,1,60,True,0,Wednesday,7,0,0,AU,AE,45+,0.727,0.273,0.461,224,11,40,64,20865,0.551,0.413,0.394,0.1,0.093,15256,21042,"['Education & Careers', 'Finance & Business']","Education & Careers, Finance & Business"
creator_fina_102,Creator 102 (Finance & Business),AU,7272,80,640,False,Finance & Business,5.1,13.6,0.132,False,Instagram,creator_fina_102_p3,Reel,Education & Careers,"Educational / How-To, Promotional / Sponsored, Inspirational / Storytelling","['Educational / How-To', 'Promotional / Sponsored', 'Inspirational / Storytelling']",1905,20,0,False,34.3,1,60,True,0,Tuesday,23,0,0,AU,DE,25-34,0.424,0.576,0.418,184,8,41,10,13562,0.452,0.431,0.405,0.1,0.064,8992,14331,"['Education & Careers', 'Finance & Business']","Education & Careers, Finance & Business"
creator_fash_103,Creator 103 (Fashion & Beauty),AE,74188,2987,1598,False,Fashion & Beauty,10.1,2.4,0.048,True,Instagram,creator_fash_103_p1,Carousel,Sports,Promotional / Sponsored,['Promotional / Sponsored'],1677,6,6,True,0.0,8,60,True,0,Friday,19,0,1,AE,CA,45+,0.724,0.276,0.729,2744,201,88,644,0,0.0,0.777,0.105,0.044,0.074,68153,109362,"['Fashion & Beauty', 'Sports']","Fashion & Beauty, Sports"
creator_fash_103,Creator 103 (Fashion & Beauty),AE,74188,2987,1598,False,Fashion & Beauty,10.9,7.3,0.043,True,Instagram,creator_fash_103_p2,Reel,Fashion & Beauty,"Educational / How-To, Entertaining / Trend","['Educational / How-To', 'Entertaining / Trend']",75,1,5,True,73.6,1,60,True,0,Sunday,17,1,0,AE,BR,18-24,0.587,0.413,0.969,2967,227,269,1008,172928,0.728,0.556,0.373,0.024,0.047,131043,168588,"['Fashion & Beauty', 'Sports']","Fashion & Beauty, Sports"
creator_fash_103,Creator 103 (Fashion & Beauty),AE,74188,2987,1598,False,Fashion & Beauty,7.4,6.6,0.076,True,Instagram,creator_fash_103_p3,Reel,Fashion & Beauty,"Entertaining / Trend, Inspirational / Storytelling","['Entertaining / Trend', 'Inspirational / Storytelling']",921,6,5,True,39.8,1,60,True,0,Wednesday,10,0,0,AE,IN,25-34,0.593,0.407,0.66,2885,82,425,91,231586,0.38,0.506,0.387,0.044,0.063,121798,217224,"['Fashion & Beauty', 'Sports']","Fashion & Beauty, Sports"
creator_fash_104,Creator 104 (Fashion & Beauty),AU,571152,2211,4372,False,Fashion & Beauty,2.0,4.6,0.123,True,YouTube,creator_fash_104_p1,YouTube Video,Food & Dining,"Promotional / Sponsored, Behind The Scenes","['Promotional / Sponsored', 'Behind The Scenes']",693,21,6,True,1290.9,1,93,True,0,Sunday,3,1,0,AU,CA,35-44,0.467,0.533,0.961,16901,456,2796,4009,916627,0.471,0.613,0.204,0.1,0.083,881477,1616552,"['Education & Careers', 'Fashion & Beauty', 'Food & Dining']","Education & Careers, Fashion & Beauty, Food & Dining"
creator_fash_104,Creator 104 (Fashion & Beauty),AU,571152,2211,4372,False,Fashion & Beauty,5.8,9.8,-0.001,True,YouTube,creator_fash_104_p2,YouTube Short,Education & Careers,Promotional / Sponsored,['Promotional / Sponsored'],1946,19,6,True,49.9,1,64,True,0,Wednesday,22,0,0,AU,AE,25-34,0.532,0.468,0.453,20342,925,3049,1198,1075929,0.837,0.481,0.387,0.096,0.036,795248,949267,"['Education & Careers', 'Fashion & Beauty', 'Food & Dining']","Education & Careers, Fashion & Beauty, Food & Dining"
creator_fash_104,Creator 104 (Fashion & Beauty),AU,571152,2211,4372,False,Fashion & Beauty,4.1,4.0,0.115,True,YouTube,creator_fash_104_p3,YouTube Short,Fashion & Beauty,"Inspirational / Storytelling, Promotional / Sponsored","['Inspirational / Storytelling', 'Promotional / Sponsored']",2026,10,6,True,35.2,1,90,True,0,Monday,9,0,0,AU,US,25-34,0.561,0.439,0.87,19705,985,3671,2023,1149256,0.437,0.457,0.397,0.06,0.086,942619,1127228,"['Education & Careers', 'Fashion & Beauty', 'Food & Dining']","Education & Careers, Fashion & Beauty, Food & Dining"
creator_fina_105,Creator 105 (Finance & Business),IT,29670518,2225,3504,True,Finance & Business,4.1,8.4,0.021,True,Snapchat,creator_fina_105_p1,Snapchat Spotlight,Finance & Business,"Entertaining / Trend, Inspirational / Storytelling","['Entertaining / Trend', 'Inspirational / Storytelling']",2053,26,4,True,13.8,1,60,True,420,Tuesday,21,0,1,IT,CA,25-34,0.491,0.509,0.567,613510,12911,172438,18845,90749483,0.6,0.383,0.42,0.1,0.097,52492320,84106912,['Finance & Business'],Finance & Business
creator_fina_105,Creator 105 (Finance & Business),IT,29670518,2225,3504,True,Finance & Business,11.3,10.6,0.019,False,Snapchat,creator_fina_105_p2,Snapchat Spotlight,Finance & Business,"Inspirational / Storytelling, Educational / How-To, Behind The Scenes","['Inspirational / Storytelling', 'Educational / How-To', 'Behind The Scenes']",277,22,7,True,12.5,1,60,True,431,Monday,20,0,1,IT,BR,25-34,0.822,0.178,0.465,1083689,89701,144786,275466,103689764,0.441,0.496,0.383,0.1,0.021,71163198,92659599,['Finance & Business'],Finance & Business
creator_fina_105,Creator 105 (Finance & Business),IT,29670518,2225,3504,True,Finance & Business,10.6,5.0,0.021,True,Snapchat,creator_fina_105_p3,Snapchat Spotlight,Finance & Business,Promotional / Sponsored,['Promotional / Sponsored'],1134,27,5,True,38.5,1,60,True,474,Wednesday,15,0,0,IT,IN,25-34,0.432,0.568,0.641,834294,72087,82894,74033,81549936,0.799,0.469,0.375,0.1,0.056,52011448,71046555,['Finance & Business'],Finance & Business
creator_fina_106,Creator 106 (Finance & Business),IT,5395,2792,1817,False,Finance & Business,5.8,7.3,0.088,True,Instagram,creator_fina_106_p1,Story,Finance & Business,Behind The Scenes,['Behind The Scenes'],1511,0,5,True,0.0,1,60,True,0,Tuesday,0,0,0,IT,IN,45+,0.588,0.412,0.425,169,10,3,18,0,0.0,0.851,0.072,0.02,0.057,949,985,"['Finance & Business', 'Travel & Events']","Finance & Business, Travel & Events"
creator_fina_106,Creator 106 (Finance & Business),IT,5395,2792,1817,False,Finance & Business,8.1,1.9,-0.0,True,Instagram,creator_fina_106_p2,Reel,Finance & Business,"Behind The Scenes, Inspirational / Storytelling","['Behind The Scenes', 'Inspirational / Storytelling']",967,22,0,False,89.0,1,60,True,0,Thursday,15,0,0,IT,DE,25-34,0.462,0.538,0.798,139,8,15,3,7637,0.713,0.428,0.377,0.1,0.095,5542,9045,"['Finance & Business', 'Travel & Events']","Finance & Business, Travel & Events"
creator_fina_106,Creator 106 (Finance & Business),IT,5395,2792,1817,False,Finance & Business,1.2,4.7,0.148,False,Instagram,creator_fina_106_p3,Carousel,Travel & Events,"Promotional / Sponsored, Entertaining / Trend","['Promotional / Sponsored', 'Entertaining / Trend']",155,7,3,True,0.0,4,60,True,0,Thursday,7,0,0,IT,CA,18-24,0.464,0.536,0.585,255,7,19,31,0,0.0,0.795,0.111,0.048,0.046,3346,5062,"['Finance & Business', 'Travel & Events']","Finance & Business, Travel & Events"
creator_educ_107,Creator 107 (Education & Careers),ES,48392,564,1313,False,Education & Careers,8.2,6.9,0.097,True,Instagram,creator_educ_107_p1,Carousel,Education & Careers,Behind The Scenes,['Behind The Scenes'],2089,6,2,False,0.0,3,60,True,0,Tuesday,15,0,0,ES,FR,45+,0.629,0.371,0.916,1495,48,67,423,0,0.0,0.824,0.107,0.044,0.025,36304,44547,"['Education & Careers', 'Sports']","Education & Careers, Sports"
creator_educ_107,Creator 107 (Education & Careers),ES,48392,564,1313,False,Education & Careers,1.4,11.7,0.066,False,Instagram,creator_educ_107_p2,Reel,Education & Careers,Entertaining / Trend,['Entertaining / Trend'],323,6,5,True,64.0,1,60,True,0,Tuesday,3,0,0,ES,BR,25-34,0.581,0.419,0.42,2280,211,292,61,202663,0.595,0.542,0.382,0.044,0.032,101707,136191,"['Education & Careers', 'Sports']","Education & Careers, Sports"
creator_educ_107,Creator 107 (Education & Careers),ES,48392,564,1313,False,Education & Careers,1.0,1.3,0.013,False,Instagram,creator_educ_107_p3,Reel,Sports,Promotional / Sponsored,['Promotional / Sponsored'],644,20,2,True,40.7,1,60,True,0,Friday,3,0,0,ES,IN,25-34,0.668,0.332,0.423,1183,58,312,32,104359,0.596,0.406,0.416,0.1,0.078,52111,84613,"['Education & Careers', 'Sports']","Education & Careers, Sports"
creator_scie_108,Creator 108 (Science & Technology),GB,321191,3015,2261,False,Science & Technology,7.2,6.2,0.098,True,YouTube,creator_scie_108_p1,Community Post,Education & Careers,Entertaining / Trend,['Entertaining / Trend'],1649,14,7,False,0.0,1,89,True,0,Saturday,18,1,1,GB,FR,25-34,0.512,0.488,0.852,15440,873,305,1018,0,0.0,0.757,0.103,0.076,0.064,102027,166219,"['Education & Careers', 'Science & Technology']","Education & Careers, Science & Technology"
creator_scie_108,Creator 108 (Science & Technology),GB,321191,3015,2261,False,Science & Technology,1.9,2.3,0.145,True,YouTube,creator_scie_108_p2,YouTube Video,Science & Technology,Promotional / Sponsored,['Promotional / Sponsored'],1106,4,1,False,1144.8,1,56,True,0,Wednesday,0,0,0,GB,IN,18-24,0.551,0.449,0.836,10671,436,882,1658,446104,0.322,0.702,0.206,0.036,0.056,350426,723653,"['Education & Careers', 'Science & Technology']","Education & Careers, Science & Technology"
creator_scie_108,Creator 108 (Science & Technology),GB,321191,3015,2261,False,Science & Technology,6.3,8.8,0.003,True,YouTube,creator_scie_108_p3,YouTube Video,Science & Technology,Inspirational / Storytelling,['Inspirational / Storytelling'],1078,21,1,True,1248.0,1,46,False,0,Tuesday,10,0,0,GB,ES,45+,0.525,0.475,0.503,12556,1152,1073,2416,551436,0.301,0.649,0.214,0.1,0.037,553610,1158499,"['Education & Careers', 'Science & Technology']","Education & Careers, Science & Technology"
creator_fash_109,Creator 109 (Fashion & Beauty),IT,11127260,3152,215,True,Fashion & Beauty,11.5,3.3,0.142,False,Snapchat,creator_fash_109_p1,Snapchat Post,Fashion & Beauty,"Inspirational / Storytelling, Entertaining / Trend, Promotional / Sponsored","['Inspirational / Storytelling', 'Entertaining / Trend', 'Promotional / Sponsored']",1173,25,4,True,0.0,1,60,True,464,Saturday,17,1,0,IT,MX,45+,0.377,0.623,0.722,292287,21507,31522,32581,0,0.0,0.757,0.116,0.1,0.027,4071596,6625425,['Fashion & Beauty'],Fashion & Beauty
creator_fash_109,Creator 109 (Fashion & Beauty),IT,11127260,3152,215,True,Fashion & Beauty,2.5,8.8,0.073,False,Snapchat,creator_fash_109_p2,Snapchat Story,Fashion & Beauty,"Entertaining / Trend, Behind The Scenes","['Entertaining / Trend', 'Behind The Scenes']",424,11,1,False,10.2,1,60,True,426,Wednesday,18,0,1,IT,GB,25-34,0.422,0.578,0.955,441042,23571,41786,41013,4833141,0.625,0.85,0.035,0.064,0.051,5023717,5222116,['Fashion & Beauty'],Fashion & Beauty
creator_fash_109,Creator 109 (Fashion & Beauty),IT,11127260,3152,215,True,Fashion & Beauty,6.4,10.4,0.139,True,Snapchat,creator_fash_109_p3,Snapchat Story,Fashion & Beauty,Promotional / Sponsored,['Promotional / Sponsored'],1066,14,3,True,9.6,1,60,True,442,Tuesday,20,0,1,IT,IN,18-24,0.564,0.436,0.69,481139,10303,27902,53628,3397333,0.759,0.813,0.029,0.076,0.082,3715638,3873030,['Fashion & Beauty'],Fashion & Beauty
creator_spor_110,Creator 110 (Sports),FR,5228,192,497,False,Sports,5.9,4.1,0.043,True,Instagram,creator_spor_110_p1,Static Image,Food & Dining,Promotional / Sponsored,['Promotional / Sponsored'],307,28,2,False,0.0,1,60,True,0,Monday,4,0,0,FR,BR,18-24,0.464,0.536,0.635,206,7,22,6,0,0.0,0.729,0.116,0.1,0.055,3131,5273,"['Finance & Business', 'Food & Dining', 'Sports']","Finance & Business, Food & Dining, Sports"
creator_spor_110,Creator 110 (Sports),FR,5228,192,497,False,Sports,2.6,13.5,0.118,True,Instagram,creator_spor_110_p2,Reel,Sports,Behind The Scenes,['Behind The Scenes'],1071,12,5,False,34.3,1,60,True,0,Saturday,16,1,0,FR,ES,35-44,0.318,0.682,0.526,234,18,32,9,10355,0.569,0.453,0.384,0.068,0.095,8503,11516,"['Finance & Business', 'Food & Dining', 'Sports']","Finance & Business, Food & Dining, Sports"
creator_spor_110,Creator 110 (Sports),FR,5228,192,497,False,Sports,7.8,4.2,0.044,True,Instagram,creator_spor_110_p3,Reel,Finance & Business,"Educational / How-To, Inspirational / Storytelling","['Educational / How-To', 'Inspirational / Storytelling']",1994,21,3,False,30.1,1,60,True,0,Thursday,0,0,0,FR,CA,25-34,0.639,0.361,0.723,217,9,29,43,12555,0.434,0.457,0.383,0.1,0.06,8004,9456,"['Finance & Business', 'Food & Dining', 'Sports']","Finance & Business, Food & Dining, Sports"
creator_fash_111,Creator 111 (Fashion & Beauty),GB,81832,3087,2718,False,Fashion & Beauty,11.7,1.4,0.046,True,Instagram,creator_fash_111_p1,Story,Fashion & Beauty,"Educational / How-To, Behind The Scenes","['Educational / How-To', 'Behind The Scenes']",690,5,7,True,0.0,1,60,True,0,Wednesday,15,0,0,GB,AE,18-24,0.585,0.415,0.482,3330,244,982,795,0,0.0,0.864,0.042,0.04,0.054,22946,24243,['Fashion & Beauty'],Fashion & Beauty
creator_fash_111,Creator 111 (Fashion & Beauty),GB,81832,3087,2718,False,Fashion & Beauty,10.8,4.9,0.146,True,Instagram,creator_fash_111_p2,Story,Fashion & Beauty,"Educational / How-To, Inspirational / Storytelling","['Educational / How-To', 'Inspirational / Storytelling']",358,7,0,False,0.0,1,60,True,0,Thursday,15,0,0,GB,US,25-34,0.285,0.715,0.777,2033,102,432,74,0,0.0,0.831,0.044,0.048,0.077,14308,15866,['Fashion & Beauty'],Fashion & Beauty
creator_fash_111,Creator 111 (Fashion & Beauty),GB,81832,3087,2718,False,Fashion & Beauty,7.2,5.7,-0.012,False,Instagram,creator_fash_111_p3,Static Image,Fashion & Beauty,"Entertaining / Trend, Promotional / Sponsored, Behind The Scenes","['Entertaining / Trend', 'Promotional / Sponsored', 'Behind The Scenes']",1604,0,6,False,0.0,1,60,True,0,Friday,1,0,0,GB,BR,25-34,0.507,0.493,0.612,2781,113,287,136,0,0.0,0.796,0.115,0.02,0.069,32670,56793,['Fashion & Beauty'],Fashion & Beauty
creator_heal_112,Creator 112 (Health & Fitness),US,116286,1264,2417,False,Health & Fitness,7.6,5.7,0.081,True,YouTube,creator_heal_112_p1,YouTube Short,Health & Fitness,Entertaining / Trend,['Entertaining / Trend'],1299,8,6,True,41.8,1,43,True,0,Tuesday,23,0,0,US,BR,35-44,0.64,0.36,0.525,5196,477,1668,344,285022,0.682,0.444,0.43,0.052,0.074,187307,243677,['Health & Fitness'],Health & Fitness
creator_heal_112,Creator 112 (Health & Fitness),US,116286,1264,2417,False,Health & Fitness,3.4,3.9,0.082,True,YouTube,creator_heal_112_p2,YouTube Video,Health & Fitness,"Promotional / Sponsored, Educational / How-To","['Promotional / Sponsored', 'Educational / How-To']",771,25,0,False,219.8,1,49,False,0,Monday,2,0,0,US,BR,25-34,0.739,0.261,0.723,4127,203,612,818,190075,0.376,0.631,0.207,0.1,0.062,128509,209664,['Health & Fitness'],Health & Fitness
creator_heal_112,Creator 112 (Health & Fitness),US,116286,1264,2417,False,Health & Fitness,11.6,12.3,0.039,True,YouTube,creator_heal_112_p3,YouTube Short,Health & Fitness,"Entertaining / Trend, Inspirational / Storytelling","['Entertaining / Trend', 'Inspirational / Storytelling']",1015,20,7,False,34.9,1,52,True,0,Saturday,11,1,1,US,FR,35-44,0.503,0.497,0.549,5388,135,982,336,473121,0.491,0.432,0.396,0.1,0.072,261363,407126,['Health & Fitness'],Health & Fitness
creator_educ_113,Creator 113 (Education & Careers),US,24958924,419,243,True,Education & Careers,6.7,13.6,0.06,True,Snapchat,creator_educ_113_p1,Snapchat Spotlight,Education & Careers,"Behind The Scenes, Inspirational / Storytelling","['Behind The Scenes', 'Inspirational / Storytelling']",728,0,7,False,42.2,1,60,True,215,Thursday,1,0,0,US,IT,18-24,0.416,0.584,0.462,433073,19206,58396,8292,39758756,0.554,0.55,0.384,0.02,0.046,27800354,38839248,['Education & Careers'],Education & Careers
creator_educ_113,Creator 113 (Education & Careers),US,24958924,419,243,True,Education & Careers,5.7,2.3,0.048,True,Snapchat,creator_educ_113_p2,Snapchat Story,Education & Careers,"Promotional / Sponsored, Entertaining / Trend","['Promotional / Sponsored', 'Entertaining / Trend']",904,21,2,False,11.1,1,60,True,236,Wednesday,0,0,0,US,GB,25-34,0.21,0.79,0.971,675910,53964,44151,35048,5839939,0.814,0.762,0.065,0.1,0.073,5395197,5528483,['Education & Careers'],Education & Careers
creator_educ_113,Creator 113 (Education & Careers),US,24958924,419,243,True,Education & Careers,3.7,10.7,0.141,True,Snapchat,creator_educ_113_p3,Snapchat Story,Education & Careers,Promotional / Sponsored,['Promotional / Sponsored'],899,16,2,False,9.0,1,60,True,379,Tuesday,11,0,1,US,BR,25-34,0.551,0.449,0.478,673733,25533,14669,54975,10310488,0.81,0.79,0.027,0.084,0.099,11431855,12279328,['Education & Careers'],Education & Careers
creator_educ_114,Creator 114 (Education & Careers),AE,5238,2906,894,False,Education & Careers,8.5,11.2,0.143,False,Instagram,creator_educ_114_p1,Video,Education & Careers,Educational / How-To,['Educational / How-To'],1527,27,7,True,241.1,1,60,True,0,Tuesday,9,0,0,AE,IT,18-24,0.618,0.382,0.417,231,16,73,17,5646,0.418,0.619,0.213,0.1,0.068,4902,6880,['Education & Careers'],Education & Careers
creator_educ_114,Creator 114 (Education & Careers),AE,5238,2906,894,False,Education & Careers,10.4,3.0,0.101,True,Instagram,creator_educ_114_p2,Carousel,Education & Careers,"Entertaining / Trend, Educational / How-To","['Entertaining / Trend', 'Educational / How-To']",1302,21,7,True,0.0,9,60,True,0,Tuesday,5,0,0,AE,DE,18-24,0.371,0.629,0.926,245,12,44,90,0,0.0,0.683,0.127,0.1,0.09,5400,8734,['Education & Careers'],Education & Careers
creator_educ_114,Creator 114 (Education & Careers),AE,5238,2906,894,False,Education & Careers,1.9,6.3,0.127,True,Instagram,creator_educ_114_p3,Reel,Education & Careers,"Promotional / Sponsored, Educational / How-To, Behind The Scenes","['Promotional / Sponsored', 'Educational / How-To', 'Behind The Scenes']",435,1,3,True,85.7,1,60,True,0,Wednesday,5,0,0,AE,MX,18-24,0.678,0.322,0.448,159,9,13,52,11234,0.546,0.578,0.37,0.024,0.028,8261,11819,['Education & Careers'],Education & Careers
creator_food_115,Creator 115 (Food & Dining),AE,44904,2060,564,False,Food & Dining,10.8,5.4,0.112,False,Instagram,creator_food_115_p1,Static Image,Food & Dining,Inspirational / Storytelling,['Inspirational / Storytelling'],1275,16,6,True,0.0,1,60,True,0,Thursday,8,0,0,AE,IN,18-24,0.681,0.319,0.564,1245,83,65,95,0,0.0,0.777,0.108,0.084,0.031,20564,36265,['Food & Dining'],Food & Dining
creator_food_115,Creator 115 (Food & Dining),AE,44904,2060,564,False,Food & Dining,1.6,1.1,0.122,False,Instagram,creator_food_115_p2,Static Image,Food & Dining,"Promotional / Sponsored, Inspirational / Storytelling","['Promotional / Sponsored', 'Inspirational / Storytelling']",1931,18,0,False,0.0,1,60,True,0,Friday,23,0,0,AE,ES,18-24,0.389,0.611,0.766,1441,99,84,81,0,0.0,0.733,0.109,0.092,0.066,21058,28922,['Food & Dining'],Food & Dining
creator_food_115,Creator 115 (Food & Dining),AE,44904,2060,564,False,Food & Dining,9.4,4.4,0.099,True,Instagram,creator_food_115_p3,Reel,Food & Dining,"Educational / How-To, Promotional / Sponsored","['Educational / How-To', 'Promotional / Sponsored']",1719,20,5,True,31.4,1,60,True,0,Saturday,23,1,0,AE,MX,25-34,0.369,0.631,0.847,1760,44,242,331,190344,0.392,0.44,0.384,0.1,0.076,91139,136518,['Food & Dining'],Food & Dining
creator_food_116,Creator 116 (Food & Dining),IN,374671,3876,4315,False,Food & Dining,3.3,10.6,0.094,True,YouTube,creator_food_116_p1,Community Post,Food & Dining,Inspirational / Storytelling,['Inspirational / Storytelling'],1048,14,7,True,0.0,1,40,False,0,Saturday,12,1,1,IN,MX,25-34,0.69,0.31,0.855,21248,844,520,1770,0,0.0,0.747,0.104,0.076,0.073,265411,404159,['Food & Dining'],Food & Dining
creator_food_116,Creator 116 (Food & Dining),IN,374671,3876,4315,False,Food & Dining,11.7,1.7,-0.014,True,YouTube,creator_food_116_p2,YouTube Video,Food & Dining,"Inspirational / Storytelling, Behind The Scenes","['Inspirational / Storytelling', 'Behind The Scenes']",1362,11,5,True,734.4,1,85,True,0,Friday,8,0,0,IN,CA,25-34,0.521,0.479,0.75,16987,1565,2081,1959,704744,0.305,0.667,0.214,0.064,0.055,523197,1060901,['Food & Dining'],Food & Dining
creator_food_116,Creator 116 (Food & Dining),IN,374671,3876,4315,False,Food & Dining,7.0,7.8,0.022,False,YouTube,creator_food_116_p3,YouTube Video,Food & Dining,Behind The Scenes,['Behind The Scenes'],1309,5,4,False,1402.1,1,39,True,0,Tuesday,12,0,1,IN,GB,25-34,0.542,0.458,0.545,14500,1111,1746,1016,666251,0.517,0.686,0.211,0.04,0.063,489632,872821,['Food & Dining'],Food & Dining
creator_educ_117,Creator 117 (Education & Careers),US,2450848,593,279,True,Education & Careers,11.7,8.1,0.108,False,Snapchat,creator_educ_117_p1,Snapchat Post,Education & Careers,Educational / How-To,['Educational / How-To'],638,6,1,False,0.0,1,60,True,97,Saturday,14,1,0,US,AE,18-24,0.715,0.285,0.96,61561,3605,4342,2060,0,0.0,0.796,0.111,0.044,0.049,704267,990353,"['Education & Careers', 'Science & Technology']","Education & Careers, Science & Technology"
creator_educ_117,Creator 117 (Education & Careers),US,2450848,593,279,True,Education & Careers,3.3,10.0,0.088,True,Snapchat,creator_educ_117_p2,Snapchat Post,Education & Careers,"Behind The Scenes, Entertaining / Trend","['Behind The Scenes', 'Entertaining / Trend']",1432,22,7,False,0.0,1,60,True,362,Wednesday,22,0,0,US,GB,25-34,0.394,0.606,0.736,62834,1277,2153,1009,0,0.0,0.725,0.105,0.1,0.07,849174,1516378,"['Education & Careers', 'Science & Technology']","Education & Careers, Science & Technology"
creator_educ_117,Creator 117 (Education & Careers),US,2450848,593,279,True,Education & Careers,1.9,8.5,0.067,False,Snapchat,creator_educ_117_p3,Snapchat Story,Science & Technology,Behind The Scenes,['Behind The Scenes'],337,7,0,False,14.2,1,60,True,111,Saturday,19,1,1,US,MX,25-34,0.572,0.428,0.873,81930,1961,8688,5174,821559,0.774,0.819,0.036,0.048,0.097,773272,840105,"['Education & Careers', 'Science & Technology']","Education & Careers, Science & Technology"
creator_fina_118,Creator 118 (Finance & Business),CA,7805,3343,1838,False,Finance & Business,2.1,2.9,-0.017,True,Instagram,creator_fina_118_p1,Story,Finance & Business,Behind The Scenes,['Behind The Scenes'],646,13,3,True,0.0,1,60,True,0,Thursday,0,0,0,CA,GB,45+,0.772,0.228,0.771,378,24,15,43,0,0.0,0.803,0.051,0.072,0.074,1797,1979,"['Finance & Business', 'Science & Technology']","Finance & Business, Science & Technology"
creator_fina_118,Creator 118 (Finance & Business),CA,7805,3343,1838,False,Finance & Business,2.3,2.0,0.101,False,Instagram,creator_fina_118_p2,Static Image,Science & Technology,"Educational / How-To, Inspirational / Storytelling","['Educational / How-To', 'Inspirational / Storytelling']",1497,24,2,True,0.0,1,60,True,0,Monday,15,0,0,CA,IN,25-34,0.758,0.242,0.53,268,21,19,60,0,0.0,0.703,0.111,0.1,0.086,4303,6898,"['Finance & Business', 'Science & Technology']","Finance & Business, Science & Technology"
creator_fina_118,Creator 118 (Finance & Business),CA,7805,3343,1838,False,Finance & Business,6.8,3.5,0.097,True,Instagram,creator_fina_118_p3,Static Image,Finance & Business,Educational / How-To,['Educational / How-To'],1185,22,5,False,0.0,1,60,True,0,Monday,21,0,1,CA,MX,35-44,0.547,0.453,0.947,302,14,27,35,0,0.0,0.726,0.113,0.1,0.061,5576,8449,"['Finance & Business', 'Science & Technology']","Finance & Business, Science & Technology"
creator_heal_119,Creator 119 (Health & Fitness),IN,95800,2135,1084,False,Health & Fitness,5.0,13.3,0.092,True,Instagram,creator_heal_119_p1,Story,Health & Fitness,"Promotional / Sponsored, Entertaining / Trend","['Promotional / Sponsored', 'Entertaining / Trend']",352,0,5,True,0.0,1,60,True,0,Monday,22,0,0,IN,DE,18-24,0.411,0.589,0.962,3575,356,387,360,0,0.0,0.9,0.034,0.02,0.046,14732,15457,"['Education & Careers', 'Health & Fitness']","Education & Careers, Health & Fitness"
creator_heal_119,Creator 119 (Health & Fitness),IN,95800,2135,1084,False,Health & Fitness,2.8,9.8,0.126,True,Instagram,creator_heal_119_p2,Carousel,Education & Careers,"Promotional / Sponsored, Behind The Scenes","['Promotional / Sponsored', 'Behind The Scenes']",441,4,7,False,0.0,10,60,True,0,Sunday,20,1,1,IN,US,18-24,0.396,0.604,0.428,4078,193,155,594,0,0.0,0.764,0.106,0.036,0.094,94976,159236,"['Education & Careers', 'Health & Fitness']","Education & Careers, Health & Fitness"
creator_heal_119,Creator 119 (Health & Fitness),IN,95800,2135,1084,False,Health & Fitness,8.7,6.3,0.049,True,Instagram,creator_heal_119_p3,Reel,Health & Fitness,"Promotional / Sponsored, Entertaining / Trend","['Promotional / Sponsored', 'Entertaining / Trend']",1892,22,2,True,83.5,1,60,True,0,Sunday,19,1,1,IN,MX,35-44,0.349,0.651,0.416,5565,544,1174,321,474326,0.495,0.466,0.403,0.1,0.031,219813,339873,"['Education & Careers', 'Health & Fitness']","Education & Careers, Health & Fitness"
creator_educ_120,Creator 120 (Education & Careers),US,719268,2915,4329,False,Education & Careers,9.7,9.0,0.118,True,YouTube,creator_educ_120_p1,YouTube Short,Health & Fitness,"Promotional / Sponsored, Educational / How-To","['Promotional / Sponsored', 'Educational / How-To']",1231,7,3,False,21.0,1,25,True,0,Wednesday,1,0,0,US,IN,25-34,0.69,0.31,0.863,27333,907,3291,1670,1011314,0.594,0.531,0.38,0.048,0.041,841553,1475215,"['Education & Careers', 'Health & Fitness', 'Sports']","Education & Careers, Health & Fitness, Sports"
creator_educ_120,Creator 120 (Education & Careers),US,719268,2915,4329,False,Education & Careers,7.8,9.6,0.067,True,YouTube,creator_educ_120_p2,YouTube Short,Sports,"Educational / How-To, Inspirational / Storytelling, Promotional / Sponsored","['Educational / How-To', 'Inspirational / Storytelling', 'Promotional / Sponsored']",186,7,2,True,57.0,1,85,True,0,Tuesday,16,0,0,US,ES,25-34,0.337,0.663,0.734,33698,1158,2683,7971,2146372,0.752,0.499,0.37,0.048,0.083,1164364,1504205,"['Education & Careers', 'Health & Fitness', 'Sports']","Education & Careers, Health & Fitness, Sports"
creator_educ_120,Creator 120 (Education & Careers),US,719268,2915,4329,False,Education & Careers,8.2,10.0,-0.006,True,YouTube,creator_educ_120_p3,YouTube Video,Education & Careers,"Entertaining / Trend, Behind The Scenes, Promotional / Sponsored","['Entertaining / Trend', 'Behind The Scenes', 'Promotional / Sponsored']",93,29,5,True,303.9,1,93,True,0,Saturday,5,1,0,US,AU,25-34,0.366,0.634,0.819,15003,1226,1188,1903,1064816,0.561,0.659,0.212,0.1,0.029,901453,1577616,"['Education & Careers', 'Health & Fitness', 'Sports']","Education & Careers, Health & Fitness, Sports"
creator_food_121,Creator 121 (Food & Dining),ES,17834515,516,4111,True,Food & Dining,1.6,6.2,-0.012,True,Snapchat,creator_food_121_p1,Snapchat Spotlight,Food & Dining,"Entertaining / Trend, Promotional / Sponsored","['Entertaining / Trend', 'Promotional / Sponsored']",1161,17,3,False,54.7,1,60,True,349,Friday,5,0,0,ES,IN,25-34,0.711,0.289,0.824,267817,4799,24907,16471,16453547,0.784,0.464,0.373,0.088,0.075,11551672,15684643,"['Food & Dining', 'Travel & Events']","Food & Dining, Travel & Events"
creator_food_121,Creator 121 (Food & Dining),ES,17834515,516,4111,True,Food & Dining,1.5,12.8,0.064,True,Snapchat,creator_food_121_p2,Snapchat Spotlight,Food & Dining,"Entertaining / Trend, Behind The Scenes","['Entertaining / Trend', 'Behind The Scenes']",870,10,7,False,6.5,1,60,True,347,Saturday,0,1,0,ES,DE,25-34,0.596,0.404,0.861,619655,42312,163657,34166,36640467,0.705,0.447,0.416,0.06,0.077,25722156,36505753,"['Food & Dining', 'Travel & Events']","Food & Dining, Travel & Events"
creator_food_121,Creator 121 (Food & Dining),ES,17834515,516,4111,True,Food & Dining,2.7,2.4,-0.004,True,Snapchat,creator_food_121_p3,Snapchat Story,Travel & Events,"Educational / How-To, Inspirational / Storytelling","['Educational / How-To', 'Inspirational / Storytelling']",1796,6,7,True,5.5,1,60,True,262,Tuesday,13,0,1,ES,AU,45+,0.712,0.288,0.755,588594,30301,39959,72546,10605341,0.604,0.845,0.051,0.044,0.06,10099383,10774535,"['Food & Dining', 'Travel & Events']","Food & Dining, Travel & Events"
creator_fina_122,Creator 122 (Finance & Business),US,8007,2846,384,False,Finance & Business,8.1,5.5,0.018,True,Instagram,creator_fina_122_p1,Carousel,Finance & Business,Behind The Scenes,['Behind The Scenes'],2039,24,2,False,0.0,7,60,True,0,Saturday,4,1,0,US,GB,35-44,0.435,0.565,0.849,328,23,11,39,0,0.0,0.772,0.105,0.1,0.023,4898,6152,['Finance & Business'],Finance & Business
creator_fina_122,Creator 122 (Finance & Business),US,8007,2846,384,False,Finance & Business,7.0,11.2,0.034,True,Instagram,creator_fina_122_p2,Story,Finance & Business,"Educational / How-To, Promotional / Sponsored","['Educational / How-To', 'Promotional / Sponsored']",2057,24,4,True,0.0,1,60,True,0,Friday,9,0,0,US,DE,35-44,0.442,0.558,0.462,237,8,62,48,0,0.0,0.751,0.058,0.1,0.091,2246,2497,['Finance & Business'],Finance & Business
creator_fina_122,Creator 122 (Finance & Business),US,8007,2846,384,False,Finance & Business,1.8,9.8,0.065,False,Instagram,creator_fina_122_p3,Reel,Finance & Business,Entertaining / Trend,['Entertaining / Trend'],1263,23,7,False,50.4,1,60,True,0,Thursday,14,0,0,US,GB,25-34,0.213,0.787,0.569,182,14,37,2,10546,0.486,0.418,0.401,0.1,0.081,7104,10622,['Finance & Business'],Finance & Business
creator_musi_123,Creator 123 (Music & Entertainment),ES,80009,2839,4042,False,Music & Entertainment,5.9,5.4,0.058,True,Instagram,creator_musi_123_p1,Static Image,Music & Entertainment,Entertaining / Trend,['Entertaining / Trend'],1451,7,0,True,0.0,1,60,True,0,Friday,23,0,0,ES,US,18-24,0.646,0.354,0.483,3593,217,363,237,0,0.0,0.739,0.115,0.048,0.098,66060,83452,"['Music & Entertainment', 'Sports']","Music & Entertainment, Sports"
creator_musi_123,Creator 123 (Music & Entertainment),ES,80009,2839,4042,False,Music & Entertainment,7.6,8.9,0.143,True,Instagram,creator_musi_123_p2,Reel,Sports,"Behind The Scenes, Entertaining / Trend","['Behind The Scenes', 'Entertaining / Trend']",1488,2,7,False,59.6,1,60,True,0,Sunday,22,1,0,ES,IN,25-34,0.665,0.335,0.872,3006,65,232,100,172592,0.517,0.56,0.369,0.028,0.043,112109,200826,"['Music & Entertainment', 'Sports']","Music & Entertainment, Sports"
creator_musi_123,Creator 123 (Music & Entertainment),ES,80009,2839,4042,False,Music & Entertainment,3.0,5.1,0.103,True,Instagram,creator_musi_123_p3,Reel,Music & Entertainment,Entertaining / Trend,['Entertaining / Trend'],815,21,1,False,45.9,1,60,True,0,Monday,17,0,0,ES,US,25-34,0.337,0.663,0.494,1907,33,228,43,216038,0.402,0.449,0.38,0.1,0.071,101177,180822,"['Music & Entertainment', 'Sports']","Music & Entertainment, Sports"
creator_spor_124,Creator 124 (Sports),FR,184263,3179,2695,False,Sports,1.2,7.5,0.086,True,YouTube,creator_spor_124_p1,YouTube Short,Sports,"Educational / How-To, Inspirational / Storytelling, Entertaining / Trend","['Educational / How-To', 'Inspirational / Storytelling', 'Entertaining / Trend']",2040,6,5,True,47.6,1,75,False,0,Sunday,17,1,0,FR,IN,18-24,0.523,0.477,0.673,9496,940,2993,2350,652643,0.564,0.43,0.429,0.044,0.097,355410,537555,"['Finance & Business', 'Sports']","Finance & Business, Sports"
creator_spor_124,Creator 124 (Sports),FR,184263,3179,2695,False,Sports,3.4,2.4,0.069,True,YouTube,creator_spor_124_p2,YouTube Video,Finance & Business,Behind The Scenes,['Behind The Scenes'],1467,0,7,True,1754.2,1,48,False,0,Wednesday,19,0,1,FR,MX,35-44,0.393,0.607,0.581,8334,212,1036,1941,500213,0.318,0.696,0.204,0.02,0.08,367774,904761,"['Finance & Business', 'Sports']","Finance & Business, Sports"
creator_spor_124,Creator 124 (Sports),FR,184263,3179,2695,False,Sports,1.4,13.6,0.004,False,YouTube,creator_spor_124_p3,YouTube Video,Sports,"Inspirational / Storytelling, Educational / How-To","['Inspirational / Storytelling', 'Educational / How-To']",329,19,4,True,1523.7,1,64,True,0,Saturday,17,1,0,FR,IN,18-24,0.572,0.428,0.965,7396,208,744,1859,402885,0.625,0.615,0.204,0.096,0.085,300723,649686,"['Finance & Business', 'Sports']","Finance & Business, Sports"
creator_musi_125,Creator 125 (Music & Entertainment),AU,3479605,3086,1701,True,Music & Entertainment,1.1,13.4,0.001,True,Snapchat,creator_musi_125_p1,Snapchat Story,Music & Entertainment,Entertaining / Trend,['Entertaining / Trend'],989,0,0,True,9.5,1,60,True,149,Thursday,6,0,0,AU,ES,18-24,0.829,0.171,0.91,64809,2493,2164,1733,741518,0.846,0.889,0.026,0.02,0.065,709532,751581,['Music & Entertainment'],Music & Entertainment
creator_musi_125,Creator 125 (Music & Entertainment),AU,3479605,3086,1701,True,Music & Entertainment,4.7,5.6,0.038,True,Snapchat,creator_musi_125_p2,Snapchat Spotlight,Music & Entertainment,Behind The Scenes,['Behind The Scenes'],872,24,5,False,33.5,1,60,True,163,Wednesday,4,0,0,AU,AE,18-24,0.511,0.489,0.859,61020,2569,12694,3063,4222602,0.722,0.466,0.402,0.1,0.032,2781903,3358681,['Music & Entertainment'],Music & Entertainment
creator_musi_125,Creator 125 (Music & Entertainment),AU,3479605,3086,1701,True,Music & Entertainment,8.3,12.3,0.084,False,Snapchat,creator_musi_125_p3,Snapchat Story,Music & Entertainment,Entertaining / Trend,['Entertaining / Trend'],1046,24,7,False,9.0,1,60,True,183,Sunday,22,1,0,AU,GB,45+,0.481,0.519,0.429,70782,2073,5962,1210,1051110,0.753,0.829,0.023,0.1,0.048,1134320,1196544,['Music & Entertainment'],Music & Entertainment
creator_fash_126,Creator 126 (Fashion & Beauty),BR,964,497,4748,False,Fashion & Beauty,4.9,1.1,0.051,False,Instagram,creator_fash_126_p1,Reel,Fashion & Beauty,"Educational / How-To, Behind The Scenes","['Educational / How-To', 'Behind The Scenes']",2030,29,5,True,60.4,1,60,True,0,Sunday,18,1,1,BR,US,18-24,0.681,0.319,0.808,50,3,11,10,4391,0.697,0.476,0.404,0.1,0.02,2492,3339,['Fashion & Beauty'],Fashion & Beauty
creator_fash_126,Creator 126 (Fashion & Beauty),BR,964,497,4748,False,Fashion & Beauty,10.0,3.3,0.041,True,Instagram,creator_fash_126_p2,Reel,Fashion & Beauty,"Promotional / Sponsored, Entertaining / Trend","['Promotional / Sponsored', 'Entertaining / Trend']",1653,22,3,True,11.3,1,60,True,0,Saturday,10,1,0,BR,US,25-34,0.726,0.274,0.574,41,3,6,1,1986,0.468,0.467,0.386,0.1,0.047,1651,2203,['Fashion & Beauty'],Fashion & Beauty
creator_fash_126,Creator 126 (Fashion & Beauty),BR,964,497,4748,False,Fashion & Beauty,11.6,1.9,0.021,False,Instagram,creator_fash_126_p3,Reel,Fashion & Beauty,Inspirational / Storytelling,['Inspirational / Storytelling'],886,1,6,True,82.4,1,60,True,0,Sunday,7,1,0,BR,IT,18-24,0.632,0.368,0.674,37,3,6,2,3011,0.745,0.549,0.389,0.024,0.038,2019,3429,['Fashion & Beauty'],Fashion & Beauty
creator_fash_127,Creator 127 (Fashion & Beauty),DE,71082,2801,4231,False,Fashion & Beauty,4.4,10.8,0.124,False,Instagram,creator_fash_127_p1,Reel,Travel & Events,Educational / How-To,['Educational / How-To'],1649,24,7,True,76.8,1,60,True,0,Saturday,10,1,0,DE,IT,25-34,0.596,0.404,0.786,2041,71,639,690,317778,0.562,0.405,0.428,0.1,0.067,163846,206116,"['Fashion & Beauty', 'Science & Technology', 'Sports', 'Travel & Events']","Fashion & Beauty, Science & Technology, Sports, Travel & Events"
creator_fash_127,Creator 127 (Fashion & Beauty),DE,71082,2801,4231,False,Fashion & Beauty,6.6,13.7,0.051,True,Instagram,creator_fash_127_p2,Video,Sports,"Entertaining / Trend, Behind The Scenes","['Entertaining / Trend', 'Behind The Scenes']",1230,4,4,False,219.9,1,60,True,0,Tuesday,3,0,0,DE,IT,35-44,0.372,0.628,0.53,2256,117,256,158,61167,0.348,0.771,0.173,0.036,0.02,45368,63277,"['Fashion & Beauty', 'Science & Technology', 'Sports', 'Travel & Events']","Fashion & Beauty, Science & Technology, Sports, Travel & Events"
creator_fash_127,Creator 127 (Fashion & Beauty),DE,71082,2801,4231,False,Fashion & Beauty,11.5,6.1,0.122,True,Instagram,creator_fash_127_p3,Reel,Science & Technology,Educational / How-To,['Educational / How-To'],1960,20,4,False,21.0,1,60,True,0,Friday,22,0,0,DE,US,25-34,0.445,0.555,0.608,2605,91,567,590,282170,0.482,0.437,0.404,0.1,0.059,139105,165711,"['Fashion & Beauty', 'Science & Technology', 'Sports', 'Travel & Events']","Fashion & Beauty, Science & Technology, Sports, Travel & Events"
creator_trav_128,Creator 128 (Travel & Events),GB,552739,2262,1233,False,Travel & Events,9.0,11.1,0.076,False,YouTube,creator_trav_128_p1,YouTube Video,Travel & Events,"Inspirational / Storytelling, Behind The Scenes","['Inspirational / Storytelling', 'Behind The Scenes']",1820,23,5,False,534.7,1,58,True,0,Sunday,19,1,1,GB,AE,25-34,0.4,0.6,0.409,19373,1533,1121,432,840607,0.496,0.666,0.212,0.1,0.022,658133,1148114,['Travel & Events'],Travel & Events
creator_trav_128,Creator 128 (Travel & Events),GB,552739,2262,1233,False,Travel & Events,6.6,8.6,0.016,False,YouTube,creator_trav_128_p2,YouTube Video,Travel & Events,"Behind The Scenes, Inspirational / Storytelling","['Behind The Scenes', 'Inspirational / Storytelling']",357,25,7,True,1099.9,1,61,True,0,Friday,15,0,0,GB,IN,18-24,0.414,0.586,0.79,12353,654,2188,2546,835525,0.357,0.631,0.208,0.1,0.061,666803,1102113,['Travel & Events'],Travel & Events
creator_trav_128,Creator 128 (Travel & Events),GB,552739,2262,1233,False,Travel & Events,7.7,1.1,0.086,False,YouTube,creator_trav_128_p3,YouTube Short,Travel & Events,Behind The Scenes,['Behind The Scenes'],2126,28,0,True,18.6,1,79,False,0,Friday,4,0,0,GB,BR,25-34,0.204,0.796,0.573,14127,1011,2784,353,1717625,0.465,0.408,0.399,0.1,0.093,782068,1129331,['Travel & Events'],Travel & Events
creator_scie_129,Creator 129 (Science & Technology),FR,6327062,3675,369,True,Science & Technology,7.9,13.7,0.093,False,Snapchat,creator_scie_129_p1,Snapchat Post,Science & Technology,"Promotional / Sponsored, Educational / How-To","['Promotional / Sponsored', 'Educational / How-To']",1872,27,2,True,0.0,1,60,True,158,Friday,21,0,1,FR,AU,18-24,0.4,0.6,0.546,169618,8640,47801,36534,0,0.0,0.669,0.142,0.1,0.089,3868945,5515390,"['Finance & Business', 'Science & Technology']","Finance & Business, Science & Technology"
creator_scie_129,Creator 129 (Science & Technology),FR,6327062,3675,369,True,Science & Technology,3.9,9.3,0.002,False,Snapchat,creator_scie_129_p2,Snapchat Spotlight,Finance & Business,Promotional / Sponsored,['Promotional / Sponsored'],75,23,5,False,8.7,1,60,True,355,Saturday,11,1,1,FR,CA,18-24,0.275,0.725,0.976,146267,10713,40788,2036,18438743,0.477,0.424,0.42,0.1,0.056,10040866,15868025,"['Finance & Business', 'Science & Technology']","Finance & Business, Science & Technology"
creator_scie_129,Creator 129 (Science & Technology),FR,6327062,3675,369,True,Science & Technology,9.6,3.1,0.049,True,Snapchat,creator_scie_129_p3,Snapchat Post,Science & Technology,"Inspirational / Storytelling, Behind The Scenes, Entertaining / Trend","['Inspirational / Storytelling', 'Behind The Scenes', 'Entertaining / Trend']",440,10,5,False,0.0,1,60,True,331,Monday,18,0,1,FR,AU,25-34,0.495,0.505,0.5,250895,13282,6787,2754,0,0.0,0.811,0.104,0.06,0.025,3631017,5521373,"['Finance & Business', 'Science & Technology']","Finance & Business, Science & Technology"
creator_fash_130,Creator 130 (Fashion & Beauty),AU,2967,1840,4764,False,Fashion & Beauty,8.6,11.1,0.068,True,Instagram,creator_fash_130_p1,Story,Fashion & Beauty,Behind The Scenes,['Behind The Scenes'],1082,21,7,True,0.0,1,60,True,0,Monday,2,0,0,AU,CA,35-44,0.39,0.61,0.675,126,3,7,11,0,0.0,0.788,0.03,0.1,0.082,565,601,['Fashion & Beauty'],Fashion & Beauty
creator_fash_130,Creator 130 (Fashion & Beauty),AU,2967,1840,4764,False,Fashion & Beauty,9.9,3.5,0.087,True,Instagram,creator_fash_130_p2,Reel,Fashion & Beauty,"Educational / How-To, Behind The Scenes","['Educational / How-To', 'Behind The Scenes']",1505,27,1,True,7.7,1,60,True,0,Tuesday,3,0,0,AU,IT,25-34,0.639,0.361,0.501,104,2,30,33,14555,0.512,0.384,0.421,0.1,0.095,7165,10758,['Fashion & Beauty'],Fashion & Beauty
creator_fash_130,Creator 130 (Fashion & Beauty),AU,2967,1840,4764,False,Fashion & Beauty,11.7,2.8,0.077,False,Instagram,creator_fash_130_p3,Carousel,Fashion & Beauty,Entertaining / Trend,['Entertaining / Trend'],911,12,6,True,0.0,2,60,True,0,Tuesday,17,0,0,AU,US,35-44,0.601,0.399,0.869,118,7,9,21,0,0.0,0.752,0.111,0.068,0.069,3019,4701,['Fashion & Beauty'],Fashion & Beauty
creator_educ_131,Creator 131 (Education & Careers),CA,63420,310,2329,False,Education & Careers,2.6,8.6,0.044,False,Instagram,creator_educ_131_p1,Reel,Education & Careers,Entertaining / Trend,['Entertaining / Trend'],1980,9,6,True,41.7,1,60,True,0,Friday,2,0,0,CA,IN,25-34,0.506,0.494,0.957,3066,305,853,108,232878,0.593,0.469,0.42,0.056,0.055,117756,203183,['Education & Careers'],Education & Careers
creator_educ_131,Creator 131 (Education & Careers),CA,63420,310,2329,False,Education & Careers,4.4,10.1,0.122,True,Instagram,creator_educ_131_p2,Story,Education & Careers,"Promotional / Sponsored, Educational / How-To","['Promotional / Sponsored', 'Educational / How-To']",738,25,4,False,0.0,1,60,True,0,Friday,23,0,0,CA,GB,18-24,0.436,0.564,0.967,2075,116,134,574,0,0.0,0.796,0.058,0.1,0.046,16550,18059,['Education & Careers'],Education & Careers
creator_educ_131,Creator 131 (Education & Careers),CA,63420,310,2329,False,Education & Careers,9.6,3.9,0.086,False,Instagram,creator_educ_131_p3,Carousel,Education & Careers,Educational / How-To,['Educational / How-To'],547,6,6,False,0.0,7,60,True,0,Wednesday,20,0,1,CA,BR,25-34,0.464,0.536,0.418,3133,139,504,195,0,0.0,0.798,0.124,0.044,0.034,80455,144435,['Education & Careers'],Education & Careers
creator_trav_132,Creator 132 (Travel & Events),IN,157011,2722,3998,False,Travel & Events,1.8,3.9,0.112,False,YouTube,creator_trav_132_p1,YouTube Short,Travel & Events,"Behind The Scenes, Educational / How-To","['Behind The Scenes', 'Educational / How-To']",1498,14,3,True,52.4,1,30,True,0,Saturday,22,1,0,IN,DE,18-24,0.419,0.581,0.672,7450,695,1457,2757,721144,0.789,0.437,0.399,0.076,0.088,399559,597936,['Travel & Events'],Travel & Events
creator_trav_132,Creator 132 (Travel & Events),IN,157011,2722,3998,False,Travel & Events,7.2,3.3,0.027,False,YouTube,creator_trav_132_p2,YouTube Video,Travel & Events,Promotional / Sponsored,['Promotional / Sponsored'],1686,16,4,True,1525.2,1,79,False,0,Friday,20,0,1,IN,CA,25-34,0.675,0.325,0.498,4942,353,394,688,382207,0.649,0.627,0.211,0.084,0.078,256405,389112,['Travel & Events'],Travel & Events
creator_trav_132,Creator 132 (Travel & Events),IN,157011,2722,3998,False,Travel & Events,6.5,11.9,0.052,False,YouTube,creator_trav_132_p3,YouTube Video,Travel & Events,Behind The Scenes,['Behind The Scenes'],1201,7,3,False,812.6,1,47,True,0,Thursday,0,0,0,IN,DE,25-34,0.779,0.221,0.581,6278,416,190,998,184180,0.522,0.708,0.21,0.048,0.034,186864,376810,['Travel & Events'],Travel & Events
creator_musi_133,Creator 133 (Music & Entertainment),AU,7705077,2232,4214,True,Music & Entertainment,10.7,7.2,0.107,True,Snapchat,creator_musi_133_p1,Snapchat Post,Education & Careers,"Entertaining / Trend, Inspirational / Storytelling","['Entertaining / Trend', 'Inspirational / Storytelling']",1820,17,1,True,0.0,1,60,True,169,Friday,19,0,1,AU,MX,25-34,0.565,0.435,0.761,176371,7944,12633,13823,0,0.0,0.76,0.111,0.088,0.041,3614262,5016145,"['Education & Careers', 'Music & Entertainment']","Education & Careers, Music & Entertainment"
creator_musi_133,Creator 133 (Music & Entertainment),AU,7705077,2232,4214,True,Music & Entertainment,7.5,1.8,0.074,True,Snapchat,creator_musi_133_p2,Snapchat Spotlight,Music & Entertainment,"Behind The Scenes, Educational / How-To, Promotional / Sponsored","['Behind The Scenes', 'Educational / How-To', 'Promotional / Sponsored']",114,8,6,True,58.3,1,60,True,237,Tuesday,3,0,0,AU,US,18-24,0.557,0.443,0.57,169015,7672,55401,55866,16122976,0.818,0.465,0.432,0.052,0.051,11282073,15058376,"['Education & Careers', 'Music & Entertainment']","Education & Careers, Music & Entertainment"
creator_musi_133,Creator 133 (Music & Entertainment),AU,7705077,2232,4214,True,Music & Entertainment,5.8,10.9,-0.013,False,Snapchat,creator_musi_133_p3,Snapchat Story,Music & Entertainment,"Promotional / Sponsored, Educational / How-To","['Promotional / Sponsored', 'Educational / How-To']",204,3,2,False,14.5,1,60,True,152,Sunday,2,1,0,AU,BR,25-34,0.436,0.564,0.591,212733,7091,42895,43746,1914315,0.799,0.913,0.025,0.032,0.03,1907631,2097355,"['Education & Careers', 'Music & Entertainment']","Education & Careers, Music & Entertainment"
creator_food_134,Creator 134 (Food & Dining),AE,5103,2912,2157,False,Food & Dining,6.4,6.1,0.11,False,Instagram,creator_food_134_p1,Reel,Food & Dining,Behind The Scenes,['Behind The Scenes'],885,1,6,True,43.5,1,60,True,0,Saturday,5,1,0,AE,ES,35-44,0.419,0.581,0.521,245,23,33,20,19195,0.484,0.569,0.384,0.024,0.023,10995,17574,"['Finance & Business', 'Food & Dining']","Finance & Business, Food & Dining"
creator_food_134,Creator 134 (Food & Dining),AE,5103,2912,2157,False,Food & Dining,6.7,12.0,0.044,False,Instagram,creator_food_134_p2,Reel,Food & Dining,"Inspirational / Storytelling, Behind The Scenes, Entertaining / Trend","['Inspirational / Storytelling', 'Behind The Scenes', 'Entertaining / Trend']",1808,7,4,False,47.2,1,60,True,0,Tuesday,8,0,0,AE,AU,18-24,0.683,0.317,0.54,133,9,30,11,17661,0.582,0.471,0.406,0.048,0.075,8532,11283,"['Finance & Business', 'Food & Dining']","Finance & Business, Food & Dining"
creator_food_134,Creator 134 (Food & Dining),AE,5103,2912,2157,False,Food & Dining,8.2,13.1,0.144,True,Instagram,creator_food_134_p3,Video,Finance & Business,"Entertaining / Trend, Educational / How-To","['Entertaining / Trend', 'Educational / How-To']",273,20,3,True,96.2,1,60,True,0,Tuesday,1,0,0,AE,FR,18-24,0.426,0.574,0.866,135,11,43,37,5568,0.487,0.615,0.213,0.1,0.072,5565,8833,"['Finance & Business', 'Food & Dining']","Finance & Business, Food & Dining"
creator_trav_135,Creator 135 (Travel & Events),IN,23376,2882,3881,False,Travel & Events,11.3,13.5,0.143,True,Instagram,creator_trav_135_p1,Reel,Travel & Events,"Entertaining / Trend, Educational / How-To, Inspirational / Storytelling","['Entertaining / Trend', 'Educational / How-To', 'Inspirational / Storytelling']",1366,21,0,False,15.5,1,60,True,0,Thursday,23,0,0,IN,IT,18-24,0.586,0.414,0.668,640,47,130,170,49680,0.542,0.404,0.401,0.1,0.095,35227,51497,"['Finance & Business', 'Travel & Events']","Finance & Business, Travel & Events"
creator_trav_135,Creator 135 (Travel & Events),IN,23376,2882,3881,False,Travel & Events,10.7,12.9,0.048,True,Instagram,creator_trav_135_p2,Reel,Travel & Events,"Promotional / Sponsored, Behind The Scenes, Educational / How-To","['Promotional / Sponsored', 'Behind The Scenes', 'Educational / How-To']",1243,10,1,False,86.9,1,60,True,0,Wednesday,16,0,0,IN,CA,25-34,0.669,0.331,0.662,591,28,160,108,45582,0.616,0.456,0.418,0.06,0.066,32103,48850,"['Finance & Business', 'Travel & Events']","Finance & Business, Travel & Events"
creator_trav_135,Creator 135 (Travel & Events),IN,23376,2882,3881,False,Travel & Events,9.4,8.1,0.135,True,Instagram,creator_trav_135_p3,Reel,Finance & Business,Behind The Scenes,['Behind The Scenes'],350,9,0,True,27.1,1,60,True,0,Wednesday,21,0,1,IN,AU,25-34,0.351,0.649,0.91,1369,91,149,147,158340,0.721,0.537,0.377,0.056,0.03,73016,101989,"['Finance & Business', 'Travel & Events']","Finance & Business, Travel & Events"
creator_spor_136,Creator 136 (Sports),CA,444108,3239,3926,False,Sports,6.4,13.2,0.044,False,YouTube,creator_spor_136_p1,YouTube Video,Sports,"Behind The Scenes, Entertaining / Trend","['Behind The Scenes', 'Entertaining / Trend']",2146,29,3,False,1291.7,1,48,True,0,Friday,10,0,0,CA,AU,25-34,0.531,0.469,0.708,15280,991,899,2161,794785,0.614,0.629,0.21,0.1,0.061,565995,1316731,['Sports'],Sports
creator_spor_136,Creator 136 (Sports),CA,444108,3239,3926,False,Sports,3.8,13.2,-0.006,True,YouTube,creator_spor_136_p2,YouTube Short,Sports,"Entertaining / Trend, Educational / How-To, Inspirational / Storytelling","['Entertaining / Trend', 'Educational / How-To', 'Inspirational / Storytelling']",663,23,7,True,28.5,1,94,True,0,Friday,6,0,0,CA,BR,25-34,0.471,0.529,0.534,12983,1209,2309,1877,821525,0.461,0.458,0.394,0.1,0.048,554705,728695,['Sports'],Sports
creator_spor_136,Creator 136 (Sports),CA,444108,3239,3926,False,Sports,4.4,14.0,0.104,True,YouTube,creator_spor_136_p3,YouTube Video,Sports,Behind The Scenes,['Behind The Scenes'],2122,12,2,True,690.7,1,65,True,0,Sunday,1,1,0,CA,FR,18-24,0.362,0.638,0.742,13503,1122,1863,2423,642134,0.345,0.646,0.212,0.068,0.074,541007,1194884,['Sports'],Sports
creator_musi_137,Creator 137 (Music & Entertainment),AE,1207786,1529,4627,False,Music & Entertainment,5.0,6.8,0.094,True,Snapchat,creator_musi_137_p1,Snapchat Story,Education & Careers,"Entertaining / Trend, Promotional / Sponsored, Educational / How-To","['Entertaining / Trend', 'Promotional / Sponsored', 'Educational / How-To']",513,5,1,True,8.1,1,60,True,409,Saturday,1,1,0,AE,GB,25-34,0.298,0.702,0.719,45452,1296,8168,11705,442712,0.884,0.854,0.061,0.04,0.045,479564,499493,"['Education & Careers', 'Finance & Business', 'Music & Entertainment']","Education & Careers, Finance & Business, Music & Entertainment"
creator_musi_137,Creator 137 (Music & Entertainment),AE,1207786,1529,4627,False,Music & Entertainment,8.5,2.6,-0.012,False,Snapchat,creator_musi_137_p2,Snapchat Spotlight,Finance & Business,"Entertaining / Trend, Behind The Scenes","['Entertaining / Trend', 'Behind The Scenes']",657,10,6,True,52.4,1,60,True,12,Thursday,21,0,1,AE,CA,18-24,0.241,0.759,0.481,40513,1909,5735,3774,2856572,0.465,0.475,0.385,0.06,0.08,2121788,2690567,"['Education & Careers', 'Finance & Business', 'Music & Entertainment']","Education & Careers, Finance & Business, Music & Entertainment"
creator_musi_137,Creator 137 (Music & Entertainment),AE,1207786,1529,4627,False,Music & Entertainment,7.4,7.6,0.052,True,Snapchat,creator_musi_137_p3,Snapchat Spotlight,Music & Entertainment,"Behind The Scenes, Educational / How-To, Promotional / Sponsored","['Behind The Scenes', 'Educational / How-To', 'Promotional / Sponsored']",699,7,6,True,37.4,1,60,True,348,Sunday,19,1,1,AE,US,18-24,0.4,0.6,0.934,64582,5559,5047,17865,7832359,0.464,0.561,0.37,0.048,0.021,4351903,7716419,"['Education & Careers', 'Finance & Business', 'Music & Entertainment']","Education & Careers, Finance & Business, Music & Entertainment"
creator_scie_138,Creator 138 (Science & Technology),AU,6665,2113,423,False,Science & Technology,3.0,2.5,0.008,True,Instagram,creator_scie_138_p1,Reel,Science & Technology,"Promotional / Sponsored, Entertaining / Trend","['Promotional / Sponsored', 'Entertaining / Trend']",810,23,5,True,60.1,1,60,True,0,Tuesday,14,0,0,AU,AE,25-34,0.63,0.37,0.871,200,6,17,19,8078,0.658,0.447,0.371,0.1,0.082,6081,9694,"['Music & Entertainment', 'Science & Technology', 'Travel & Events']","Music & Entertainment, Science & Technology, Travel & Events"
creator_scie_138,Creator 138 (Science & Technology),AU,6665,2113,423,False,Science & Technology,9.2,1.8,0.149,False,Instagram,creator_scie_138_p2,Reel,Travel & Events,Inspirational / Storytelling,['Inspirational / Storytelling'],246,13,4,True,36.6,1,60,True,0,Wednesday,15,0,0,AU,AE,35-44,0.527,0.473,0.829,283,7,36,12,16041,0.569,0.465,0.382,0.072,0.081,8953,14306,"['Music & Entertainment', 'Science & Technology', 'Travel & Events']","Music & Entertainment, Science & Technology, Travel & Events"
creator_scie_138,Creator 138 (Science & Technology),AU,6665,2113,423,False,Science & Technology,1.6,4.0,0.04,True,Instagram,creator_scie_138_p3,Static Image,Music & Entertainment,"Behind The Scenes, Educational / How-To","['Behind The Scenes', 'Educational / How-To']",1126,4,3,False,0.0,1,60,True,0,Saturday,11,1,1,AU,US,25-34,0.375,0.625,0.725,323,14,75,29,0,0.0,0.739,0.135,0.036,0.09,4327,6377,"['Music & Entertainment', 'Science & Technology', 'Travel & Events']","Music & Entertainment, Science & Technology, Travel & Events"
creator_fina_139,Creator 139 (Finance & Business),CA,19357,2197,3648,False,Finance & Business,1.8,12.2,0.028,True,Instagram,creator_fina_139_p1,Reel,Finance & Business,"Entertaining / Trend, Educational / How-To","['Entertaining / Trend', 'Educational / How-To']",1731,9,1,False,10.3,1,60,True,0,Sunday,21,1,1,CA,GB,18-24,0.567,0.433,0.94,662,27,79,34,42751,0.464,0.477,0.38,0.056,0.087,26162,39008,"['Finance & Business', 'Travel & Events']","Finance & Business, Travel & Events"
creator_fina_139,Creator 139 (Finance & Business),CA,19357,2197,3648,False,Finance & Business,5.4,8.6,0.075,False,Instagram,creator_fina_139_p2,Reel,Travel & Events,"Promotional / Sponsored, Inspirational / Storytelling","['Promotional / Sponsored', 'Inspirational / Storytelling']",2156,22,2,True,88.9,1,60,True,0,Friday,13,0,1,CA,AE,25-34,0.523,0.477,0.461,1005,68,132,111,77441,0.524,0.496,0.383,0.1,0.021,54447,71925,"['Finance & Business', 'Travel & Events']","Finance & Business, Travel & Events"
creator_fina_139,Creator 139 (Finance & Business),CA,19357,2197,3648,False,Finance & Business,1.4,4.2,0.061,True,Instagram,creator_fina_139_p3,Static Image,Travel & Events,Entertaining / Trend,['Entertaining / Trend'],1463,4,1,True,0.0,1,60,True,0,Wednesday,11,0,1,CA,US,25-34,0.9,0.1,0.526,1246,88,165,73,0,0.0,0.775,0.12,0.036,0.069,22359,27856,"['Finance & Business', 'Travel & Events']","Finance & Business, Travel & Events"
creator_fina_140,Creator 140 (Finance & Business),BR,211939,1053,1058,False,Finance & Business,4.4,9.2,0.137,False,YouTube,creator_fina_140_p1,YouTube Video,Science & Technology,Entertaining / Trend,['Entertaining / Trend'],2128,24,0,False,929.3,1,82,True,0,Saturday,3,1,0,BR,GB,18-24,0.458,0.542,0.766,7970,223,325,1276,343469,0.318,0.641,0.204,0.1,0.055,250879,597747,"['Finance & Business', 'Music & Entertainment', 'Science & Technology']","Finance & Business, Music & Entertainment, Science & Technology"
creator_fina_140,Creator 140 (Finance & Business),BR,211939,1053,1058,False,Finance & Business,5.7,12.3,0.096,True,YouTube,creator_fina_140_p2,YouTube Short,Music & Entertainment,"Entertaining / Trend, Behind The Scenes, Educational / How-To","['Entertaining / Trend', 'Behind The Scenes', 'Educational / How-To']",1117,5,3,True,26.7,1,81,True,0,Thursday,18,0,1,BR,GB,18-24,0.556,0.444,0.815,10719,361,1516,1620,570077,0.839,0.492,0.385,0.04,0.083,422708,682923,"['Finance & Business', 'Music & Entertainment', 'Science & Technology']","Finance & Business, Music & Entertainment, Science & Technology"
creator_fina_140,Creator 140 (Finance & Business),BR,211939,1053,1058,False,Finance & Business,8.9,2.4,0.091,False,YouTube,creator_fina_140_p3,YouTube Video,Finance & Business,Educational / How-To,['Educational / How-To'],732,15,0,False,302.5,1,78,False,0,Tuesday,1,0,0,BR,MX,25-34,0.313,0.687,0.445,8796,560,2023,1399,440153,0.584,0.677,0.21,0.08,0.033,342524,836465,"['Finance & Business', 'Music & Entertainment', 'Science & Technology']","Finance & Business, Music & Entertainment, Science & Technology"
creator_fina_141,Creator 141 (Finance & Business),US,48655601,2426,747,False,Finance & Business,11.6,5.8,-0.005,True,Snapchat,creator_fina_141_p1,Snapchat Story,Finance & Business,"Promotional / Sponsored, Behind The Scenes","['Promotional / Sponsored', 'Behind The Scenes']",1947,25,2,False,6.2,1,60,True,83,Wednesday,17,0,0,US,IN,18-24,0.528,0.472,0.412,683221,45260,29592,46806,7965026,0.864,0.847,0.033,0.1,0.02,8695679,9816293,['Finance & Business'],Finance & Business
creator_fina_141,Creator 141 (Finance & Business),US,48655601,2426,747,False,Finance & Business,9.8,12.0,0.086,True,Snapchat,creator_fina_141_p2,Snapchat Story,Finance & Business,Promotional / Sponsored,['Promotional / Sponsored'],1941,12,6,True,12.1,1,60,True,343,Wednesday,7,0,0,US,CA,35-44,0.685,0.315,0.472,906242,23928,26462,13817,9914543,0.732,0.774,0.062,0.068,0.096,10075674,11399904,['Finance & Business'],Finance & Business
creator_fina_141,Creator 141 (Finance & Business),US,48655601,2426,747,False,Finance & Business,4.3,7.3,-0.019,True,Snapchat,creator_fina_141_p3,Snapchat Story,Finance & Business,Entertaining / Trend,['Entertaining / Trend'],2146,5,3,False,3.2,1,60,True,242,Friday,11,0,1,US,AE,18-24,0.489,0.511,0.577,1302759,63477,89105,64753,20763033,0.755,0.894,0.036,0.04,0.03,17313188,19652744,['Finance & Business'],Finance & Business
creator_educ_142,Creator 142 (Education & Careers),GB,1440,2011,4931,False,Education & Careers,2.2,4.1,0.065,False,Instagram,creator_educ_142_p1,Carousel,Travel & Events,Promotional / Sponsored,['Promotional / Sponsored'],1419,0,4,True,0.0,10,60,True,0,Saturday,1,1,0,GB,DE,18-24,0.253,0.747,0.868,66,4,5,3,0,0.0,0.782,0.111,0.02,0.087,1260,2054,"['Education & Careers', 'Travel & Events']","Education & Careers, Travel & Events"
creator_educ_142,Creator 142 (Education & Careers),GB,1440,2011,4931,False,Education & Careers,7.5,12.0,0.072,True,Instagram,creator_educ_142_p2,Reel,Education & Careers,"Inspirational / Storytelling, Behind The Scenes","['Inspirational / Storytelling', 'Behind The Scenes']",1440,10,3,True,16.4,1,60,True,0,Tuesday,0,0,0,GB,MX,25-34,0.57,0.43,0.51,46,3,8,1,3461,0.566,0.491,0.393,0.06,0.056,2558,4159,"['Education & Careers', 'Travel & Events']","Education & Careers, Travel & Events"
creator_educ_142,Creator 142 (Education & Careers),GB,1440,2011,4931,False,Education & Careers,10.5,13.6,0.112,False,Instagram,creator_educ_142_p3,Static Image,Education & Careers,"Inspirational / Storytelling, Educational / How-To","['Inspirational / Storytelling', 'Educational / How-To']",2185,15,6,False,0.0,1,60,True,0,Friday,8,0,0,GB,AE,18-24,0.59,0.41,0.521,59,3,9,13,0,0.0,0.744,0.122,0.08,0.054,672,952,"['Education & Careers', 'Travel & Events']","Education & Careers, Travel & Events"
creator_heal_143,Creator 143 (Health & Fitness),BR,79622,984,3869,False,Health & Fitness,6.8,4.0,0.112,True,Instagram,creator_heal_143_p1,Carousel,Food & Dining,Entertaining / Trend,['Entertaining / Trend'],1073,4,6,False,0.0,10,60,True,0,Tuesday,23,0,0,BR,AE,25-34,0.279,0.721,0.484,1860,105,104,96,0,0.0,0.809,0.108,0.036,0.047,30846,37912,"['Fashion & Beauty', 'Food & Dining', 'Health & Fitness', 'Travel & Events']","Fashion & Beauty, Food & Dining, Health & Fitness, Travel & Events"
creator_heal_143,Creator 143 (Health & Fitness),BR,79622,984,3869,False,Health & Fitness,9.5,10.2,0.135,True,Instagram,creator_heal_143_p2,Reel,Travel & Events,"Promotional / Sponsored, Educational / How-To","['Promotional / Sponsored', 'Educational / How-To']",108,24,1,False,88.2,1,60,True,0,Wednesday,3,0,0,BR,ES,25-34,0.618,0.382,0.822,2354,113,239,152,142223,0.553,0.456,0.375,0.1,0.069,111416,166764,"['Fashion & Beauty', 'Food & Dining', 'Health & Fitness', 'Travel & Events']","Fashion & Beauty, Food & Dining, Health & Fitness, Travel & Events"
creator_heal_143,Creator 143 (Health & Fitness),BR,79622,984,3869,False,Health & Fitness,5.6,4.9,0.046,True,Instagram,creator_heal_143_p3,Carousel,Fashion & Beauty,Promotional / Sponsored,['Promotional / Sponsored'],1292,12,5,True,0.0,6,60,True,0,Tuesday,13,0,1,BR,IT,18-24,0.596,0.404,0.807,3941,188,387,341,0,0.0,0.726,0.115,0.068,0.091,85234,141374,"['Fashion & Beauty', 'Food & Dining', 'Health & Fitness', 'Travel & Events']","Fashion & Beauty, Food & Dining, Health & Fitness, Travel & Events"
creator_trav_144,Creator 144 (Travel & Events),GB,467219,1852,2434,False,Travel & Events,8.2,3.6,0.107,False,YouTube,creator_trav_144_p1,YouTube Video,Travel & Events,Promotional / Sponsored,['Promotional / Sponsored'],513,7,4,False,835.0,1,55,True,0,Sunday,10,1,0,GB,AU,18-24,0.679,0.321,0.578,20357,1422,2820,1079,1001339,0.543,0.68,0.21,0.048,0.062,719253,1507589,['Travel & Events'],Travel & Events
creator_trav_144,Creator 144 (Travel & Events),GB,467219,1852,2434,False,Travel & Events,8.9,8.5,0.147,False,YouTube,creator_trav_144_p2,YouTube Video,Travel & Events,"Behind The Scenes, Entertaining / Trend","['Behind The Scenes', 'Entertaining / Trend']",1131,3,4,False,929.4,1,43,True,0,Saturday,15,1,0,GB,US,18-24,0.596,0.404,0.744,10431,221,764,1701,512989,0.269,0.741,0.203,0.032,0.024,505225,914261,['Travel & Events'],Travel & Events
creator_trav_144,Creator 144 (Travel & Events),GB,467219,1852,2434,False,Travel & Events,5.5,12.7,0.029,False,YouTube,creator_trav_144_p3,YouTube Short,Travel & Events,Promotional / Sponsored,['Promotional / Sponsored'],1894,16,0,True,55.4,1,63,True,0,Monday,19,0,1,GB,AU,25-34,0.288,0.712,0.84,16202,1292,3630,976,2711569,0.407,0.44,0.406,0.084,0.07,1316389,1790396,['Travel & Events'],Travel & Events
creator_fina_145,Creator 145 (Finance & Business),AE,18740551,2290,3833,True,Finance & Business,1.3,1.0,0.039,True,Snapchat,creator_fina_145_p1,Snapchat Spotlight,Health & Fitness,Promotional / Sponsored,['Promotional / Sponsored'],1992,4,1,False,37.5,1,60,True,338,Sunday,0,1,0,AE,DE,25-34,0.576,0.424,0.95,401859,15877,67459,15554,18815713,0.615,0.506,0.392,0.036,0.066,15115685,19958243,"['Finance & Business', 'Health & Fitness', 'Travel & Events']","Finance & Business, Health & Fitness, Travel & Events"
creator_fina_145,Creator 145 (Finance & Business),AE,18740551,2290,3833,True,Finance & Business,8.7,10.6,0.095,True,Snapchat,creator_fina_145_p2,Snapchat Story,Travel & Events,"Entertaining / Trend, Promotional / Sponsored","['Entertaining / Trend', 'Promotional / Sponsored']",1711,29,5,True,5.1,1,60,True,219,Monday,16,0,0,AE,AU,18-24,0.713,0.287,0.701,471094,22735,19858,21256,7791614,0.887,0.811,0.032,0.1,0.057,6758620,7253500,"['Finance & Business', 'Health & Fitness', 'Travel & Events']","Finance & Business, Health & Fitness, Travel & Events"
creator_fina_145,Creator 145 (Finance & Business),AE,18740551,2290,3833,True,Finance & Business,2.0,2.6,0.016,True,Snapchat,creator_fina_145_p3,Snapchat Post,Finance & Business,"Inspirational / Storytelling, Behind The Scenes","['Inspirational / Storytelling', 'Behind The Scenes']",1434,28,3,True,0.0,1,60,True,309,Monday,7,0,0,AE,US,18-24,0.63,0.37,0.555,523407,40968,29237,34220,0,0.0,0.703,0.108,0.1,0.089,7555789,10070959,"['Finance & Business', 'Health & Fitness', 'Travel & Events']","Finance & Business, Health & Fitness, Travel & Events"
creator_fash_146,Creator 146 (Fashion & Beauty),MX,7941,2124,531,False,Fashion & Beauty,7.8,7.9,0.142,True,Instagram,creator_fash_146_p1,Reel,Fashion & Beauty,"Entertaining / Trend, Inspirational / Storytelling, Behind The Scenes","['Entertaining / Trend', 'Inspirational / Storytelling', 'Behind The Scenes']",1826,23,2,False,9.9,1,60,True,0,Thursday,20,0,1,MX,IN,25-34,0.9,0.1,0.886,282,20,29,10,21663,0.533,0.458,0.376,0.1,0.066,10803,16402,['Fashion & Beauty'],Fashion & Beauty
creator_fash_146,Creator 146 (Fashion & Beauty),MX,7941,2124,531,False,Fashion & Beauty,11.4,5.1,0.048,True,Instagram,creator_fash_146_p2,Reel,Fashion & Beauty,Inspirational / Storytelling,['Inspirational / Storytelling'],515,16,5,False,48.4,1,60,True,0,Thursday,9,0,0,MX,DE,18-24,0.329,0.671,0.862,179,3,34,10,14428,0.593,0.487,0.397,0.084,0.032,11909,18425,['Fashion & Beauty'],Fashion & Beauty
creator_fash_146,Creator 146 (Fashion & Beauty),MX,7941,2124,531,False,Fashion & Beauty,5.5,8.9,0.132,True,Instagram,creator_fash_146_p3,Carousel,Fashion & Beauty,Educational / How-To,['Educational / How-To'],1556,7,7,True,0.0,5,60,True,0,Thursday,2,0,0,MX,GB,18-24,0.286,0.714,0.556,314,13,43,87,0,0.0,0.733,0.12,0.048,0.099,7136,12016,['Fashion & Beauty'],Fashion & Beauty
creator_educ_147,Creator 147 (Education & Careers),DE,62345,3274,3171,False,Education & Careers,10.9,14.0,0.041,True,Instagram,creator_educ_147_p1,Video,Education & Careers,"Promotional / Sponsored, Inspirational / Storytelling","['Promotional / Sponsored', 'Inspirational / Storytelling']",1952,5,7,False,232.0,1,60,True,0,Wednesday,12,0,1,DE,AU,25-34,0.524,0.476,0.713,2989,160,96,190,113384,0.358,0.764,0.156,0.04,0.04,89070,140620,"['Education & Careers', 'Sports']","Education & Careers, Sports"
creator_educ_147,Creator 147 (Education & Careers),DE,62345,3274,3171,False,Education & Careers,3.0,10.8,0.022,False,Instagram,creator_educ_147_p2,Reel,Education & Careers,Inspirational / Storytelling,['Inspirational / Storytelling'],977,22,6,True,12.0,1,60,True,0,Thursday,23,0,0,DE,ES,25-34,0.485,0.515,0.818,2306,192,217,227,171965,0.609,0.479,0.374,0.1,0.047,114962,170507,"['Education & Careers', 'Sports']","Education & Careers, Sports"
creator_educ_147,Creator 147 (Education & Careers),DE,62345,3274,3171,False,Education & Careers,11.3,9.7,0.137,False,Instagram,creator_educ_147_p3,Static Image,Sports,"Inspirational / Storytelling, Entertaining / Trend, Educational / How-To","['Inspirational / Storytelling', 'Entertaining / Trend', 'Educational / How-To']",566,23,2,True,0.0,1,60,True,0,Friday,12,0,1,DE,CA,18-24,0.62,0.38,0.61,2643,95,287,367,0,0.0,0.752,0.116,0.1,0.032,37221,48274,"['Education & Careers', 'Sports']","Education & Careers, Sports"
creator_musi_148,Creator 148 (Music & Entertainment),ES,114722,3228,4600,False,Music & Entertainment,12.0,12.9,0.079,False,YouTube,creator_musi_148_p1,YouTube Video,Music & Entertainment,Inspirational / Storytelling,['Inspirational / Storytelling'],211,12,2,False,1650.9,1,53,True,0,Monday,18,0,1,ES,AE,45+,0.372,0.628,0.661,6141,113,893,180,211091,0.259,0.656,0.203,0.068,0.073,205753,319741,['Music & Entertainment'],Music & Entertainment
creator_musi_148,Creator 148 (Music & Entertainment),ES,114722,3228,4600,False,Music & Entertainment,1.6,2.6,0.099,True,YouTube,creator_musi_148_p2,YouTube Video,Music & Entertainment,Inspirational / Storytelling,['Inspirational / Storytelling'],1149,12,6,False,695.8,1,44,True,0,Saturday,20,1,1,ES,IT,18-24,0.519,0.481,0.713,4955,306,512,153,251698,0.452,0.692,0.209,0.068,0.031,194762,471876,['Music & Entertainment'],Music & Entertainment
creator_musi_148,Creator 148 (Music & Entertainment),ES,114722,3228,4600,False,Music & Entertainment,2.7,5.7,-0.013,True,YouTube,creator_musi_148_p3,YouTube Short,Music & Entertainment,"Educational / How-To, Entertaining / Trend","['Educational / How-To', 'Entertaining / Trend']",2003,1,0,True,45.0,1,51,True,0,Wednesday,19,0,1,ES,AE,25-34,0.528,0.472,0.649,4471,150,1496,297,573668,0.413,0.491,0.434,0.024,0.051,261948,423637,['Music & Entertainment'],Music & Entertainment
creator_educ_149,Creator 149 (Education & Careers),CA,46604772,3612,1137,True,Education & Careers,5.6,8.8,0.084,True,Snapchat,creator_educ_149_p1,Snapchat Story,Education & Careers,"Educational / How-To, Promotional / Sponsored","['Educational / How-To', 'Promotional / Sponsored']",206,23,1,False,7.7,1,60,True,168,Wednesday,11,0,1,CA,US,25-34,0.521,0.479,0.46,1163143,26197,294365,214888,13969629,0.709,0.808,0.038,0.1,0.054,15432570,16591612,['Education & Careers'],Education & Careers
creator_educ_149,Creator 149 (Education & Careers),CA,46604772,3612,1137,True,Education & Careers,6.7,3.3,0.036,True,Snapchat,creator_educ_149_p2,Snapchat Story,Education & Careers,Behind The Scenes,['Behind The Scenes'],1589,2,4,False,11.6,1,60,True,351,Wednesday,7,0,0,CA,BR,25-34,0.278,0.722,0.905,1277946,87193,60667,84677,15975833,0.813,0.835,0.051,0.028,0.086,15301153,17340281,['Education & Careers'],Education & Careers
creator_educ_149,Creator 149 (Education & Careers),CA,46604772,3612,1137,True,Education & Careers,11.8,1.3,0.087,False,Snapchat,creator_educ_149_p3,Snapchat Story,Education & Careers,"Educational / How-To, Entertaining / Trend, Inspirational / Storytelling","['Educational / How-To', 'Entertaining / Trend', 'Inspirational / Storytelling']",1592,23,7,True,3.4,1,60,True,216,Tuesday,10,0,0,CA,MX,18-24,0.611,0.389,0.817,1137672,90034,99405,367192,18271708,0.713,0.776,0.024,0.1,0.1,19767511,20471150,['Education & Careers'],Education & Careers
creator_trav_150,Creator 150 (Travel & Events),GB,3132,734,2641,False,Travel & Events,8.2,2.8,-0.005,True,Instagram,creator_trav_150_p1,Static Image,Finance & Business,"Inspirational / Storytelling, Entertaining / Trend, Behind The Scenes","['Inspirational / Storytelling', 'Entertaining / Trend', 'Behind The Scenes']",1226,11,1,True,0.0,1,60,True,0,Wednesday,15,0,0,GB,AE,35-44,0.445,0.555,0.544,143,7,3,4,0,0.0,0.801,0.103,0.064,0.032,1736,2173,"['Finance & Business', 'Science & Technology', 'Travel & Events']","Finance & Business, Science & Technology, Travel & Events"
creator_trav_150,Creator 150 (Travel & Events),GB,3132,734,2641,False,Travel & Events,1.8,6.6,0.038,True,Instagram,creator_trav_150_p2,Reel,Travel & Events,"Promotional / Sponsored, Inspirational / Storytelling","['Promotional / Sponsored', 'Inspirational / Storytelling']",1107,27,2,True,40.0,1,60,True,0,Thursday,0,0,0,GB,ES,35-44,0.529,0.471,0.801,90,7,6,7,7973,0.608,0.457,0.366,0.1,0.077,4150,6176,"['Finance & Business', 'Science & Technology', 'Travel & Events']","Finance & Business, Science & Technology, Travel & Events"
creator_trav_150,Creator 150 (Travel & Events),GB,3132,734,2641,False,Travel & Events,8.4,3.9,0.067,True,Instagram,creator_trav_150_p3,Static Image,Science & Technology,Entertaining / Trend,['Entertaining / Trend'],1436,18,1,True,0.0,1,60,True,0,Thursday,14,0,0,GB,IN,25-34,0.518,0.482,0.899,150,14,15,6,0,0.0,0.728,0.115,0.092,0.065,1636,2706,"['Finance & Business', 'Science & Technology', 'Travel & Events']","Finance & Business, Science & Technology, Travel & Events"
creator_fina_151,Creator 151 (Finance & Business),FR,49851,1913,2688,False,Finance & Business,2.9,1.6,0.004,True,Instagram,creator_fina_151_p1,Carousel,Music & Entertainment,"Inspirational / Storytelling, Educational / How-To","['Inspirational / Storytelling', 'Educational / How-To']",1697,21,6,False,0.0,2,60,True,0,Friday,18,0,1,FR,CA,18-24,0.584,0.416,0.561,1765,79,168,376,0,0.0,0.755,0.114,0.1,0.031,38955,58218,"['Finance & Business', 'Music & Entertainment', 'Science & Technology']","Finance & Business, Music & Entertainment, Science & Technology"
creator_fina_151,Creator 151 (Finance & Business),FR,49851,1913,2688,False,Finance & Business,3.4,9.2,0.091,True,Instagram,creator_fina_151_p2,Static Image,Finance & Business,"Educational / How-To, Behind The Scenes, Promotional / Sponsored","['Educational / How-To', 'Behind The Scenes', 'Promotional / Sponsored']",1898,28,5,False,0.0,1,60,True,0,Sunday,14,1,0,FR,AU,25-34,0.646,0.354,0.98,1606,104,434,185,0,0.0,0.736,0.141,0.1,0.023,22548,36622,"['Finance & Business', 'Music & Entertainment', 'Science & Technology']","Finance & Business, Music & Entertainment, Science & Technology"
creator_fina_151,Creator 151 (Finance & Business),FR,49851,1913,2688,False,Finance & Business,6.9,7.1,0.126,True,Instagram,creator_fina_151_p3,Reel,Science & Technology,"Educational / How-To, Inspirational / Storytelling","['Educational / How-To', 'Inspirational / Storytelling']",349,11,7,True,60.7,1,60,True,0,Wednesday,15,0,0,FR,GB,25-34,0.555,0.445,0.64,1978,70,388,524,156589,0.531,0.485,0.399,0.064,0.052,120110,204564,"['Finance & Business', 'Music & Entertainment', 'Science & Technology']","Finance & Business, Music & Entertainment, Science & Technology"
creator_educ_152,Creator 152 (Education & Careers),BR,387099,3220,804,False,Education & Careers,11.1,4.0,0.129,True,YouTube,creator_educ_152_p1,YouTube Short,Education & Careers,"Educational / How-To, Promotional / Sponsored","['Educational / How-To', 'Promotional / Sponsored']",360,2,7,True,41.0,1,76,False,0,Thursday,20,0,1,BR,CA,18-24,0.244,0.756,0.668,11491,1078,3304,2058,1776781,0.458,0.496,0.422,0.028,0.054,976516,1246656,['Education & Careers'],Education & Careers
creator_educ_152,Creator 152 (Education & Careers),BR,387099,3220,804,False,Education & Careers,3.0,3.5,-0.007,True,YouTube,creator_educ_152_p2,Community Post,Education & Careers,Entertaining / Trend,['Entertaining / Trend'],1750,18,4,True,0.0,1,25,True,0,Sunday,8,1,0,BR,AE,25-34,0.638,0.362,0.852,13255,521,1675,450,0,0.0,0.749,0.119,0.092,0.04,87660,104099,['Education & Careers'],Education & Careers
creator_educ_152,Creator 152 (Education & Careers),BR,387099,3220,804,False,Education & Careers,8.4,11.3,0.091,True,YouTube,creator_educ_152_p3,YouTube Video,Education & Careers,"Promotional / Sponsored, Entertaining / Trend","['Promotional / Sponsored', 'Entertaining / Trend']",1628,22,4,False,1020.3,1,26,True,0,Saturday,7,1,0,BR,IT,18-24,0.404,0.596,0.942,7896,311,444,655,296028,0.461,0.657,0.206,0.1,0.037,226247,473310,['Education & Careers'],Education & Careers
creator_educ_153,Creator 153 (Education & Careers),AU,13368953,3259,3448,True,Education & Careers,10.4,2.5,0.146,True,Snapchat,creator_educ_153_p1,Snapchat Post,Education & Careers,"Behind The Scenes, Promotional / Sponsored, Inspirational / Storytelling","['Behind The Scenes', 'Promotional / Sponsored', 'Inspirational / Storytelling']",2025,8,3,True,0.0,1,60,True,468,Wednesday,2,0,0,AU,US,25-34,0.487,0.513,0.692,265588,19778,33269,33132,0,0.0,0.801,0.119,0.052,0.028,3537955,4745414,"['Education & Careers', 'Music & Entertainment']","Education & Careers, Music & Entertainment"
creator_educ_153,Creator 153 (Education & Careers),AU,13368953,3259,3448,True,Education & Careers,3.5,6.2,0.115,False,Snapchat,creator_educ_153_p2,Snapchat Spotlight,Education & Careers,"Promotional / Sponsored, Entertaining / Trend","['Promotional / Sponsored', 'Entertaining / Trend']",307,14,6,True,38.3,1,60,True,403,Tuesday,12,0,1,AU,IT,25-34,0.241,0.759,0.869,432504,39001,110790,39792,42847877,0.413,0.484,0.414,0.076,0.026,27597584,47553583,"['Education & Careers', 'Music & Entertainment']","Education & Careers, Music & Entertainment"
creator_educ_153,Creator 153 (Education & Careers),AU,13368953,3259,3448,True,Education & Careers,1.9,11.5,0.079,True,Snapchat,creator_educ_153_p3,Snapchat Story,Music & Entertainment,Entertaining / Trend,['Entertaining / Trend'],581,16,1,False,3.4,1,60,True,313,Friday,14,0,0,AU,MX,18-24,0.23,0.77,0.654,341678,17753,37850,17056,4340543,0.55,0.802,0.073,0.084,0.041,4499701,4967585,"['Education & Careers', 'Music & Entertainment']","Education & Careers, Music & Entertainment"
creator_heal_154,Creator 154 (Health & Fitness),AU,5853,1975,3906,False,Health & Fitness,3.3,4.4,0.099,True,Instagram,creator_heal_154_p1,Story,Health & Fitness,Behind The Scenes,['Behind The Scenes'],2009,22,3,False,0.0,1,60,True,0,Monday,9,0,0,AU,MX,18-24,0.38,0.62,0.834,128,7,8,10,0,0.0,0.803,0.051,0.1,0.046,850,867,"['Education & Careers', 'Health & Fitness']","Education & Careers, Health & Fitness"
creator_heal_154,Creator 154 (Health & Fitness),AU,5853,1975,3906,False,Health & Fitness,7.0,12.1,0.093,False,Instagram,creator_heal_154_p2,Reel,Education & Careers,"Entertaining / Trend, Promotional / Sponsored","['Entertaining / Trend', 'Promotional / Sponsored']",54,4,0,False,60.8,1,60,True,0,Friday,17,0,0,AU,IN,18-24,0.442,0.558,0.72,200,7,31,7,9250,0.623,0.52,0.389,0.036,0.055,7210,9807,"['Education & Careers', 'Health & Fitness']","Education & Careers, Health & Fitness"
creator_heal_154,Creator 154 (Health & Fitness),AU,5853,1975,3906,False,Health & Fitness,4.7,10.7,0.14,True,Instagram,creator_heal_154_p3,Static Image,Health & Fitness,Promotional / Sponsored,['Promotional / Sponsored'],225,2,3,True,0.0,1,60,True,0,Friday,12,0,1,AU,CA,25-34,0.6,0.4,0.644,265,7,15,21,0,0.0,0.816,0.108,0.028,0.048,5129,6907,"['Education & Careers', 'Health & Fitness']","Education & Careers, Health & Fitness"
creator_heal_155,Creator 155 (Health & Fitness),ES,29098,3960,316,False,Health & Fitness,6.2,7.6,0.111,True,Instagram,creator_heal_155_p1,Story,Health & Fitness,Behind The Scenes,['Behind The Scenes'],1575,12,1,False,0.0,1,60,True,0,Sunday,1,1,0,ES,FR,25-34,0.577,0.423,0.905,820,44,74,52,0,0.0,0.816,0.067,0.068,0.049,3047,3131,['Health & Fitness'],Health & Fitness
creator_heal_155,Creator 155 (Health & Fitness),ES,29098,3960,316,False,Health & Fitness,8.7,3.1,0.115,True,Instagram,creator_heal_155_p2,Carousel,Health & Fitness,"Promotional / Sponsored, Inspirational / Storytelling, Entertaining / Trend","['Promotional / Sponsored', 'Inspirational / Storytelling', 'Entertaining / Trend']",894,4,7,False,0.0,2,60,True,0,Tuesday,22,0,0,ES,IT,25-34,0.577,0.423,0.677,1286,45,128,262,0,0.0,0.807,0.115,0.036,0.042,24049,30263,['Health & Fitness'],Health & Fitness
creator_heal_155,Creator 155 (Health & Fitness),ES,29098,3960,316,False,Health & Fitness,9.7,7.8,0.063,True,Instagram,creator_heal_155_p3,Video,Health & Fitness,"Behind The Scenes, Entertaining / Trend","['Behind The Scenes', 'Entertaining / Trend']",1305,13,4,False,106.1,1,60,True,0,Monday,17,0,0,ES,AU,45+,0.317,0.683,0.588,1113,85,67,19,25832,0.437,0.674,0.162,0.072,0.092,22100,26208,['Health & Fitness'],Health & Fitness
creator_scie_156,Creator 156 (Science & Technology),AU,211234,584,342,False,Science & Technology,8.7,6.4,0.132,False,YouTube,creator_scie_156_p1,YouTube Short,Science & Technology,Entertaining / Trend,['Entertaining / Trend'],1480,5,1,True,57.4,1,38,False,0,Wednesday,5,0,0,AU,CA,18-24,0.605,0.395,0.482,6640,442,1721,231,793981,0.504,0.51,0.415,0.04,0.035,439400,536970,['Science & Technology'],Science & Technology
creator_scie_156,Creator 156 (Science & Technology),AU,211234,584,342,False,Science & Technology,9.3,11.0,0.072,True,YouTube,creator_scie_156_p2,YouTube Short,Science & Technology,"Behind The Scenes, Entertaining / Trend, Inspirational / Storytelling","['Behind The Scenes', 'Entertaining / Trend', 'Inspirational / Storytelling']",312,13,5,False,17.3,1,89,True,0,Saturday,17,1,0,AU,DE,18-24,0.255,0.745,0.817,7660,579,893,408,530164,0.685,0.498,0.379,0.072,0.051,279380,449484,['Science & Technology'],Science & Technology
creator_scie_156,Creator 156 (Science & Technology),AU,211234,584,342,False,Science & Technology,2.1,2.6,0.128,True,YouTube,creator_scie_156_p3,YouTube Video,Science & Technology,Entertaining / Trend,['Entertaining / Trend'],1927,19,3,False,598.6,1,29,False,0,Thursday,0,0,0,AU,CA,25-34,0.2,0.8,0.653,5349,161,352,188,253740,0.624,0.671,0.205,0.096,0.028,202294,500299,['Science & Technology'],Science & Technology
creator_fash_157,Creator 157 (Fashion & Beauty),BR,43373960,204,3925,True,Fashion & Beauty,9.8,4.0,0.031,True,Snapchat,creator_fash_157_p1,Snapchat Spotlight,Fashion & Beauty,"Behind The Scenes, Inspirational / Storytelling","['Behind The Scenes', 'Inspirational / Storytelling']",1398,17,6,False,51.8,1,60,True,81,Saturday,23,1,0,BR,ES,18-24,0.329,0.671,0.635,865158,64234,67969,50698,79404803,0.632,0.488,0.37,0.088,0.054,39361085,69107385,"['Fashion & Beauty', 'Science & Technology']","Fashion & Beauty, Science & Technology"
creator_fash_157,Creator 157 (Fashion & Beauty),BR,43373960,204,3925,True,Fashion & Beauty,9.1,8.6,0.066,True,Snapchat,creator_fash_157_p2,Snapchat Story,Science & Technology,Behind The Scenes,['Behind The Scenes'],750,16,4,False,11.3,1,60,True,443,Tuesday,0,0,0,BR,AU,25-34,0.496,0.504,0.812,659664,24066,13509,32724,10800449,0.644,0.777,0.067,0.084,0.072,9528683,9843402,"['Fashion & Beauty', 'Science & Technology']","Fashion & Beauty, Science & Technology"
creator_fash_157,Creator 157 (Fashion & Beauty),BR,43373960,204,3925,True,Fashion & Beauty,4.2,10.3,0.093,False,Snapchat,creator_fash_157_p3,Snapchat Spotlight,Fashion & Beauty,Inspirational / Storytelling,['Inspirational / Storytelling'],466,14,4,True,56.3,1,60,True,174,Tuesday,15,0,0,BR,MX,25-34,0.684,0.316,0.52,941409,68931,112489,110083,70922355,0.827,0.456,0.38,0.076,0.088,45150221,79833114,"['Fashion & Beauty', 'Science & Technology']","Fashion & Beauty, Science & Technology"
creator_fina_158,Creator 158 (Finance & Business),IT,2446,1209,1783,False,Finance & Business,12.0,8.4,0.05,True,Instagram,creator_fina_158_p1,Reel,Health & Fitness,"Promotional / Sponsored, Behind The Scenes","['Promotional / Sponsored', 'Behind The Scenes']",1852,10,5,False,36.8,1,60,True,0,Saturday,12,1,1,IT,DE,35-44,0.57,0.43,0.504,93,3,7,8,5155,0.564,0.487,0.369,0.06,0.084,2971,4428,"['Finance & Business', 'Health & Fitness', 'Science & Technology']","Finance & Business, Health & Fitness, Science & Technology"
creator_fina_158,Creator 158 (Finance & Business),IT,2446,1209,1783,False,Finance & Business,2.7,3.2,0.133,False,Instagram,creator_fina_158_p2,Reel,Finance & Business,"Educational / How-To, Inspirational / Storytelling","['Educational / How-To', 'Inspirational / Storytelling']",573,1,1,True,53.2,1,60,True,0,Monday,4,0,0,IT,FR,18-24,0.536,0.464,0.414,80,2,18,26,10356,0.531,0.518,0.406,0.024,0.052,5244,8402,"['Finance & Business', 'Health & Fitness', 'Science & Technology']","Finance & Business, Health & Fitness, Science & Technology"
creator_fina_158,Creator 158 (Finance & Business),IT,2446,1209,1783,False,Finance & Business,2.3,9.1,0.08,False,Instagram,creator_fina_158_p3,Static Image,Science & Technology,Behind The Scenes,['Behind The Scenes'],704,9,3,True,0.0,1,60,True,0,Sunday,1,1,0,IT,MX,18-24,0.727,0.273,0.739,97,9,7,8,0,0.0,0.75,0.111,0.056,0.083,1314,1776,"['Finance & Business', 'Health & Fitness', 'Science & Technology']","Finance & Business, Health & Fitness, Science & Technology"
creator_fash_159,Creator 159 (Fashion & Beauty),ES,17470,102,3652,False,Fashion & Beauty,4.1,9.2,0.075,True,Instagram,creator_fash_159_p1,Static Image,Fashion & Beauty,Educational / How-To,['Educational / How-To'],1961,8,2,False,0.0,1,60,True,0,Wednesday,12,0,1,ES,FR,35-44,0.318,0.682,0.519,636,47,53,170,0,0.0,0.74,0.112,0.052,0.096,9957,16924,"['Fashion & Beauty', 'Science & Technology']","Fashion & Beauty, Science & Technology"
creator_fash_159,Creator 159 (Fashion & Beauty),ES,17470,102,3652,False,Fashion & Beauty,7.7,11.8,0.067,True,Instagram,creator_fash_159_p2,Reel,Fashion & Beauty,Educational / How-To,['Educational / How-To'],1154,16,3,True,68.1,1,60,True,0,Friday,3,0,0,ES,AE,18-24,0.649,0.351,0.555,543,25,150,84,45926,0.481,0.41,0.419,0.084,0.087,26765,38981,"['Fashion & Beauty', 'Science & Technology']","Fashion & Beauty, Science & Technology"
creator_fash_159,Creator 159 (Fashion & Beauty),ES,17470,102,3652,False,Fashion & Beauty,5.1,1.8,0.047,True,Instagram,creator_fash_159_p3,Reel,Science & Technology,"Educational / How-To, Entertaining / Trend","['Educational / How-To', 'Entertaining / Trend']",859,12,6,True,17.7,1,60,True,0,Sunday,21,1,1,ES,AU,18-24,0.486,0.514,0.89,1153,70,308,270,87361,0.385,0.441,0.417,0.068,0.074,70791,85993,"['Fashion & Beauty', 'Science & Technology']","Fashion & Beauty, Science & Technology"
creator_musi_160,Creator 160 (Music & Entertainment),CA,141045,518,4047,False,Music & Entertainment,7.0,6.0,0.1,True,YouTube,creator_musi_160_p1,YouTube Short,Music & Entertainment,Educational / How-To,['Educational / How-To'],1727,1,1,False,33.7,1,33,True,0,Friday,16,0,0,CA,ES,25-34,0.464,0.536,0.68,3096,207,426,792,249040,0.639,0.525,0.384,0.024,0.067,153216,260562,"['Education & Careers', 'Music & Entertainment']","Education & Careers, Music & Entertainment"
creator_musi_160,Creator 160 (Music & Entertainment),CA,141045,518,4047,False,Music & Entertainment,6.2,4.2,0.039,False,YouTube,creator_musi_160_p2,YouTube Short,Music & Entertainment,"Behind The Scenes, Inspirational / Storytelling","['Behind The Scenes', 'Inspirational / Storytelling']",1667,5,6,True,29.4,1,46,True,0,Friday,9,0,0,CA,BR,18-24,0.9,0.1,0.604,4915,348,441,121,316899,0.414,0.568,0.372,0.04,0.02,240226,338179,"['Education & Careers', 'Music & Entertainment']","Education & Careers, Music & Entertainment"
creator_musi_160,Creator 160 (Music & Entertainment),CA,141045,518,4047,False,Music & Entertainment,1.3,8.4,0.048,True,YouTube,creator_musi_160_p3,YouTube Video,Education & Careers,"Promotional / Sponsored, Entertaining / Trend, Behind The Scenes","['Promotional / Sponsored', 'Entertaining / Trend', 'Behind The Scenes']",281,5,6,True,1169.5,1,83,True,0,Friday,23,0,0,CA,BR,25-34,0.781,0.219,0.946,4105,368,228,456,140795,0.634,0.699,0.213,0.04,0.048,115982,202208,"['Education & Careers', 'Music & Entertainment']","Education & Careers, Music & Entertainment"
creator_fina_161,Creator 161 (Finance & Business),US,30677408,59,3725,False,Finance & Business,4.9,2.7,0.127,True,Snapchat,creator_fina_161_p1,Snapchat Story,Finance & Business,Behind The Scenes,['Behind The Scenes'],1237,21,6,True,12.4,1,60,True,415,Sunday,17,1,0,US,AU,18-24,0.562,0.438,0.8,781806,43490,43313,64756,14092434,0.687,0.787,0.05,0.1,0.063,12490064,13923160,"['Finance & Business', 'Science & Technology']","Finance & Business, Science & Technology"
creator_fina_161,Creator 161 (Finance & Business),US,30677408,59,3725,False,Finance & Business,2.2,11.9,0.072,True,Snapchat,creator_fina_161_p2,Snapchat Spotlight,Science & Technology,Behind The Scenes,['Behind The Scenes'],1997,12,0,False,46.0,1,60,True,181,Saturday,10,1,0,US,MX,18-24,0.571,0.429,0.712,941754,21893,137618,16802,59643716,0.442,0.482,0.387,0.068,0.063,32615162,39790725,"['Finance & Business', 'Science & Technology']","Finance & Business, Science & Technology"
creator_fina_161,Creator 161 (Finance & Business),US,30677408,59,3725,False,Finance & Business,8.7,1.1,0.011,True,Snapchat,creator_fina_161_p3,Snapchat Spotlight,Finance & Business,Inspirational / Storytelling,['Inspirational / Storytelling'],318,16,6,True,48.9,1,60,True,417,Monday,3,0,0,US,ES,25-34,0.503,0.497,0.634,589263,57832,52439,21179,42014095,0.832,0.512,0.372,0.084,0.032,34263278,57973121,"['Finance & Business', 'Science & Technology']","Finance & Business, Science & Technology"
creator_food_162,Creator 162 (Food & Dining),FR,1052,726,3713,False,Food & Dining,6.1,4.0,0.149,False,Instagram,creator_food_162_p1,Static Image,Food & Dining,"Inspirational / Storytelling, Entertaining / Trend","['Inspirational / Storytelling', 'Entertaining / Trend']",1801,14,7,False,0.0,1,60,True,0,Monday,0,0,0,FR,GB,25-34,0.675,0.325,0.673,48,1,2,3,0,0.0,0.788,0.106,0.076,0.03,421,575,"['Food & Dining', 'Science & Technology']","Food & Dining, Science & Technology"
creator_food_162,Creator 162 (Food & Dining),FR,1052,726,3713,False,Food & Dining,3.0,5.6,0.044,True,Instagram,creator_food_162_p2,Reel,Food & Dining,Inspirational / Storytelling,['Inspirational / Storytelling'],1444,13,1,False,20.6,1,60,True,0,Sunday,2,1,0,FR,AU,18-24,0.561,0.439,0.905,33,1,2,2,2191,0.355,0.51,0.365,0.072,0.053,1077,1924,"['Food & Dining', 'Science & Technology']","Food & Dining, Science & Technology"
creator_food_162,Creator 162 (Food & Dining),FR,1052,726,3713,False,Food & Dining,7.4,9.0,0.068,True,Instagram,creator_food_162_p3,Static Image,Science & Technology,Promotional / Sponsored,['Promotional / Sponsored'],2080,11,4,True,0.0,1,60,True,0,Sunday,17,1,0,FR,MX,25-34,0.459,0.541,0.787,45,2,3,4,0,0.0,0.754,0.11,0.064,0.072,644,1133,"['Food & Dining', 'Science & Technology']","Food & Dining, Science & Technology"
creator_fina_163,Creator 163 (Finance & Business),BR,38232,262,1837,False,Finance & Business,2.7,4.9,0.137,True,Instagram,creator_fina_163_p1,Carousel,Finance & Business,Educational / How-To,['Educational / How-To'],1629,22,5,True,0.0,4,60,True,0,Saturday,21,1,1,BR,GB,25-34,0.679,0.321,0.533,1960,77,177,160,0,0.0,0.696,0.114,0.1,0.09,33190,59572,['Finance & Business'],Finance & Business
creator_fina_163,Creator 163 (Finance & Business),BR,38232,262,1837,False,Finance & Business,8.0,6.6,0.053,True,Instagram,creator_fina_163_p2,Reel,Finance & Business,Promotional / Sponsored,['Promotional / Sponsored'],924,2,0,True,64.2,1,60,True,0,Tuesday,1,0,0,BR,DE,18-24,0.694,0.306,0.761,1184,39,144,59,137756,0.461,0.522,0.38,0.028,0.07,65820,98503,['Finance & Business'],Finance & Business
creator_fina_163,Creator 163 (Finance & Business),BR,38232,262,1837,False,Finance & Business,3.1,1.1,0.024,True,Instagram,creator_fina_163_p3,Story,Finance & Business,"Educational / How-To, Entertaining / Trend, Behind The Scenes","['Educational / How-To', 'Entertaining / Trend', 'Behind The Scenes']",1017,29,2,True,0.0,1,60,True,0,Tuesday,15,0,0,BR,DE,18-24,0.514,0.486,0.532,1711,115,590,507,0,0.0,0.776,0.051,0.1,0.073,14892,16457,['Finance & Business'],Finance & Business
creator_musi_164,Creator 164 (Music & Entertainment),AU,783004,3587,4834,False,Music & Entertainment,9.6,13.8,0.092,True,YouTube,creator_musi_164_p1,YouTube Video,Music & Entertainment,Behind The Scenes,['Behind The Scenes'],1666,17,3,False,1440.4,1,38,False,0,Friday,11,0,1,AU,IN,18-24,0.49,0.51,0.927,22060,807,2817,573,810654,0.277,0.646,0.205,0.088,0.061,828494,1261232,"['Music & Entertainment', 'Sports']","Music & Entertainment, Sports"
creator_musi_164,Creator 164 (Music & Entertainment),AU,783004,3587,4834,False,Music & Entertainment,9.1,12.6,0.104,True,YouTube,creator_musi_164_p2,YouTube Short,Music & Entertainment,"Promotional / Sponsored, Entertaining / Trend","['Promotional / Sponsored', 'Entertaining / Trend']",97,21,1,False,14.8,1,86,True,0,Monday,3,0,0,AU,US,18-24,0.846,0.154,0.866,14396,1009,3515,1100,1137736,0.457,0.462,0.411,0.1,0.027,647783,1054957,"['Music & Entertainment', 'Sports']","Music & Entertainment, Sports"
creator_musi_164,Creator 164 (Music & Entertainment),AU,783004,3587,4834,False,Music & Entertainment,9.2,11.3,0.127,False,YouTube,creator_musi_164_p3,YouTube Short,Sports,Promotional / Sponsored,['Promotional / Sponsored'],2135,26,3,False,43.7,1,53,False,0,Friday,15,0,0,AU,GB,25-34,0.355,0.645,0.528,20174,350,4203,1805,941771,0.68,0.443,0.402,0.1,0.055,769227,1005796,"['Music & Entertainment', 'Sports']","Music & Entertainment, Sports"
creator_scie_165,Creator 165 (Science & Technology),AU,40936908,1030,4858,True,Science & Technology,2.3,3.6,0.117,False,Snapchat,creator_scie_165_p1,Snapchat Story,Science & Technology,"Educational / How-To, Behind The Scenes","['Educational / How-To', 'Behind The Scenes']",189,14,3,True,5.5,1,60,True,252,Monday,5,0,0,AU,IN,35-44,0.48,0.52,0.558,1058038,81120,83674,214206,11782700,0.858,0.838,0.034,0.076,0.052,11904767,13081841,"['Science & Technology', 'Sports']","Science & Technology, Sports"
creator_scie_165,Creator 165 (Science & Technology),AU,40936908,1030,4858,True,Science & Technology,6.5,5.3,0.031,False,Snapchat,creator_scie_165_p2,Snapchat Spotlight,Science & Technology,Behind The Scenes,['Behind The Scenes'],1748,12,3,False,58.5,1,60,True,371,Tuesday,11,0,1,AU,DE,45+,0.548,0.452,0.852,1564396,121173,236199,61433,82553868,0.549,0.457,0.388,0.068,0.087,63261615,107160934,"['Science & Technology', 'Sports']","Science & Technology, Sports"
creator_scie_165,Creator 165 (Science & Technology),AU,40936908,1030,4858,True,Science & Technology,7.2,4.5,0.095,False,Snapchat,creator_scie_165_p3,Snapchat Spotlight,Sports,Inspirational / Storytelling,['Inspirational / Storytelling'],342,12,4,False,34.4,1,60,True,67,Friday,7,0,0,AU,BR,35-44,0.612,0.388,0.521,756061,50464,140740,38336,80626557,0.424,0.495,0.397,0.068,0.04,41612665,61997048,"['Science & Technology', 'Sports']","Science & Technology, Sports"
creator_food_166,Creator 166 (Food & Dining),AU,4437,2827,352,False,Food & Dining,9.6,11.7,0.048,True,Instagram,creator_food_166_p1,Reel,Food & Dining,"Promotional / Sponsored, Educational / How-To","['Promotional / Sponsored', 'Educational / How-To']",1441,11,2,False,27.4,1,60,True,0,Sunday,3,1,0,AU,FR,35-44,0.707,0.293,0.552,214,8,17,34,12719,0.398,0.489,0.37,0.064,0.077,7822,10142,"['Food & Dining', 'Music & Entertainment']","Food & Dining, Music & Entertainment"
creator_food_166,Creator 166 (Food & Dining),AU,4437,2827,352,False,Food & Dining,2.1,6.4,0.078,True,Instagram,creator_food_166_p2,Static Image,Food & Dining,"Inspirational / Storytelling, Entertaining / Trend","['Inspirational / Storytelling', 'Entertaining / Trend']",365,4,3,False,0.0,1,60,True,0,Saturday,6,1,0,AU,MX,18-24,0.441,0.559,0.885,164,10,11,4,0,0.0,0.791,0.11,0.036,0.063,2041,2838,"['Food & Dining', 'Music & Entertainment']","Food & Dining, Music & Entertainment"
creator_food_166,Creator 166 (Food & Dining),AU,4437,2827,352,False,Food & Dining,2.8,4.5,-0.004,True,Instagram,creator_food_166_p3,Reel,Music & Entertainment,"Promotional / Sponsored, Educational / How-To","['Promotional / Sponsored', 'Educational / How-To']",266,23,3,False,82.3,1,60,True,0,Monday,2,0,0,AU,FR,25-34,0.392,0.608,0.971,172,12,18,44,9441,0.513,0.482,0.376,0.1,0.042,6307,11265,"['Food & Dining', 'Music & Entertainment']","Food & Dining, Music & Entertainment"
creator_educ_167,Creator 167 (Education & Careers),IN,61297,277,397,False,Education & Careers,4.6,1.8,0.143,True,Instagram,creator_educ_167_p1,Video,Education & Careers,Promotional / Sponsored,['Promotional / Sponsored'],1188,7,5,False,48.5,1,60,True,0,Tuesday,19,0,1,IN,CA,45+,0.754,0.246,0.881,2743,172,162,59,76229,0.693,0.701,0.162,0.048,0.089,61145,105172,['Education & Careers'],Education & Careers
creator_educ_167,Creator 167 (Education & Careers),IN,61297,277,397,False,Education & Careers,4.6,11.7,0.038,True,Instagram,creator_educ_167_p2,Reel,Education & Careers,Promotional / Sponsored,['Promotional / Sponsored'],1565,15,7,True,71.6,1,60,True,0,Sunday,22,1,0,IN,DE,25-34,0.544,0.456,0.758,1727,129,418,45,125478,0.561,0.472,0.41,0.08,0.038,100158,147185,['Education & Careers'],Education & Careers
creator_educ_167,Creator 167 (Education & Careers),IN,61297,277,397,False,Education & Careers,7.1,11.2,0.149,False,Instagram,creator_educ_167_p3,Reel,Education & Careers,Behind The Scenes,['Behind The Scenes'],2133,26,7,True,57.2,1,60,True,0,Wednesday,16,0,0,IN,ES,25-34,0.665,0.335,0.816,1544,40,529,20,181369,0.796,0.407,0.436,0.1,0.057,120436,187742,['Education & Careers'],Education & Careers
creator_trav_168,Creator 168 (Travel & Events),AE,715166,699,1493,False,Travel & Events,2.9,6.0,0.037,False,YouTube,creator_trav_168_p1,YouTube Short,Sports,Educational / How-To,['Educational / How-To'],228,3,2,True,17.4,1,91,True,0,Saturday,1,1,0,AE,BR,35-44,0.545,0.455,0.953,29476,2470,2523,5662,2711256,0.654,0.567,0.371,0.032,0.03,1610872,2166286,"['Sports', 'Travel & Events']","Sports, Travel & Events"
creator_trav_168,Creator 168 (Travel & Events),AE,715166,699,1493,False,Travel & Events,2.9,2.9,-0.015,True,YouTube,creator_trav_168_p2,YouTube Video,Travel & Events,"Inspirational / Storytelling, Promotional / Sponsored","['Inspirational / Storytelling', 'Promotional / Sponsored']",861,18,0,True,1679.2,1,28,True,0,Friday,13,0,1,AE,BR,25-34,0.331,0.669,0.589,29031,3008,3225,2887,974394,0.455,0.646,0.216,0.092,0.046,1061460,1660543,"['Sports', 'Travel & Events']","Sports, Travel & Events"
creator_trav_168,Creator 168 (Travel & Events),AE,715166,699,1493,False,Travel & Events,6.1,13.3,0.007,False,YouTube,creator_trav_168_p3,YouTube Short,Travel & Events,Entertaining / Trend,['Entertaining / Trend'],331,9,2,False,22.2,1,33,False,0,Tuesday,2,0,0,AE,US,18-24,0.741,0.259,0.748,18815,398,3224,377,2523804,0.543,0.479,0.393,0.056,0.072,1157786,1410389,"['Sports', 'Travel & Events']","Sports, Travel & Events"
creator_fina_169,Creator 169 (Finance & Business),IN,16620208,3688,1338,True,Finance & Business,11.4,9.2,0.072,True,Snapchat,creator_fina_169_p1,Snapchat Spotlight,Science & Technology,"Behind The Scenes, Promotional / Sponsored","['Behind The Scenes', 'Promotional / Sponsored']",1873,23,5,False,54.8,1,60,True,322,Saturday,14,1,0,IN,FR,45+,0.273,0.727,0.814,374964,24098,92034,29463,34168861,0.788,0.4,0.411,0.1,0.089,19489596,27482492,"['Finance & Business', 'Food & Dining', 'Science & Technology']","Finance & Business, Food & Dining, Science & Technology"
creator_fina_169,Creator 169 (Finance & Business),IN,16620208,3688,1338,True,Finance & Business,8.3,5.9,0.037,True,Snapchat,creator_fina_169_p2,Snapchat Spotlight,Food & Dining,"Promotional / Sponsored, Inspirational / Storytelling","['Promotional / Sponsored', 'Inspirational / Storytelling']",1194,8,1,True,28.4,1,60,True,318,Sunday,18,1,1,IN,GB,35-44,0.776,0.224,0.952,623132,39508,84980,29705,53655284,0.653,0.502,0.384,0.052,0.062,33634508,52655238,"['Finance & Business', 'Food & Dining', 'Science & Technology']","Finance & Business, Food & Dining, Science & Technology"
creator_fina_169,Creator 169 (Finance & Business),IN,16620208,3688,1338,True,Finance & Business,8.0,4.2,0.088,False,Snapchat,creator_fina_169_p3,Snapchat Story,Finance & Business,"Inspirational / Storytelling, Entertaining / Trend","['Inspirational / Storytelling', 'Entertaining / Trend']",601,29,4,False,13.1,1,60,True,378,Saturday,12,1,1,IN,DE,25-34,0.492,0.508,0.627,423551,10464,33332,19955,6763757,0.661,0.788,0.03,0.1,0.082,6252432,6590742,"['Finance & Business', 'Food & Dining', 'Science & Technology']","Finance & Business, Food & Dining, Science & Technology"
creator_fash_170,Creator 170 (Fashion & Beauty),IN,2646,2789,3009,False,Fashion & Beauty,2.0,9.8,0.038,True,Instagram,creator_fash_170_p1,Reel,Science & Technology,"Entertaining / Trend, Inspirational / Storytelling","['Entertaining / Trend', 'Inspirational / Storytelling']",2047,20,2,True,87.2,1,60,True,0,Friday,18,0,1,IN,FR,18-24,0.385,0.615,0.639,105,9,36,12,9592,0.466,0.442,0.435,0.1,0.023,7934,13524,"['Fashion & Beauty', 'Science & Technology']","Fashion & Beauty, Science & Technology"
creator_fash_170,Creator 170 (Fashion & Beauty),IN,2646,2789,3009,False,Fashion & Beauty,6.4,7.3,0.026,True,Instagram,creator_fash_170_p2,Carousel,Fashion & Beauty,"Entertaining / Trend, Behind The Scenes","['Entertaining / Trend', 'Behind The Scenes']",1785,3,4,False,0.0,10,60,True,0,Friday,1,0,0,IN,DE,25-34,0.526,0.474,0.508,112,2,10,9,0,0.0,0.789,0.113,0.032,0.066,2280,3036,"['Fashion & Beauty', 'Science & Technology']","Fashion & Beauty, Science & Technology"
creator_fash_170,Creator 170 (Fashion & Beauty),IN,2646,2789,3009,False,Fashion & Beauty,10.9,7.8,0.027,False,Instagram,creator_fash_170_p3,Story,Fashion & Beauty,"Inspirational / Storytelling, Educational / How-To","['Inspirational / Storytelling', 'Educational / How-To']",1022,25,3,False,0.0,1,60,True,0,Friday,2,0,0,IN,AE,35-44,0.634,0.366,0.853,104,2,27,12,0,0.0,0.785,0.039,0.1,0.076,592,672,"['Fashion & Beauty', 'Science & Technology']","Fashion & Beauty, Science & Technology"
creator_fina_171,Creator 171 (Finance & Business),MX,30095,821,3485,False,Finance & Business,8.1,7.6,-0.011,True,Instagram,creator_fina_171_p1,Carousel,Finance & Business,"Entertaining / Trend, Inspirational / Storytelling, Promotional / Sponsored","['Entertaining / Trend', 'Inspirational / Storytelling', 'Promotional / Sponsored']",1245,26,3,True,0.0,9,60,True,0,Tuesday,4,0,0,MX,IT,18-24,0.576,0.424,0.661,960,46,65,217,0,0.0,0.734,0.11,0.1,0.056,25158,40447,['Finance & Business'],Finance & Business
creator_fina_171,Creator 171 (Finance & Business),MX,30095,821,3485,False,Finance & Business,5.4,5.2,0.1,True,Instagram,creator_fina_171_p2,Reel,Finance & Business,Promotional / Sponsored,['Promotional / Sponsored'],2069,29,3,False,52.8,1,60,True,0,Friday,13,0,1,MX,GB,35-44,0.299,0.701,0.892,1300,62,194,123,144894,0.641,0.455,0.387,0.1,0.058,82629,123830,['Finance & Business'],Finance & Business
creator_fina_171,Creator 171 (Finance & Business),MX,30095,821,3485,False,Finance & Business,10.9,11.8,0.146,True,Instagram,creator_fina_171_p3,Static Image,Finance & Business,"Entertaining / Trend, Behind The Scenes, Promotional / Sponsored","['Entertaining / Trend', 'Behind The Scenes', 'Promotional / Sponsored']",1969,16,5,False,0.0,1,60,True,0,Monday,1,0,0,MX,DE,35-44,0.151,0.849,0.626,1071,17,116,51,0,0.0,0.72,0.116,0.084,0.08,18142,30272,['Finance & Business'],Finance & Business
creator_fina_172,Creator 172 (Finance & Business),AE,850828,670,3013,False,Finance & Business,9.9,10.1,0.146,True,YouTube,creator_fina_172_p1,YouTube Video,Finance & Business,"Entertaining / Trend, Promotional / Sponsored, Inspirational / Storytelling","['Entertaining / Trend', 'Promotional / Sponsored', 'Inspirational / Storytelling']",537,3,2,False,878.6,1,39,True,0,Sunday,4,1,0,AE,CA,35-44,0.418,0.582,0.979,23159,1767,3609,4039,1565444,0.339,0.679,0.211,0.032,0.078,1128830,1995125,['Finance & Business'],Finance & Business
creator_fina_172,Creator 172 (Finance & Business),AE,850828,670,3013,False,Finance & Business,8.0,12.6,0.056,True,YouTube,creator_fina_172_p2,YouTube Short,Finance & Business,Behind The Scenes,['Behind The Scenes'],575,1,1,True,38.9,1,29,True,0,Sunday,17,1,0,AE,DE,18-24,0.463,0.537,0.862,23706,540,7038,2622,2724143,0.539,0.509,0.424,0.024,0.043,1685977,2992644,['Finance & Business'],Finance & Business
creator_fina_172,Creator 172 (Finance & Business),AE,850828,670,3013,False,Finance & Business,11.0,5.0,0.124,False,YouTube,creator_fina_172_p3,YouTube Short,Finance & Business,Entertaining / Trend,['Entertaining / Trend'],1579,29,2,True,46.5,1,91,True,0,Thursday,17,0,0,AE,IN,25-34,0.453,0.547,0.88,23446,1825,2957,1552,2711802,0.781,0.433,0.382,0.1,0.085,1410084,2264057,['Finance & Business'],Finance & Business
creator_scie_173,Creator 173 (Science & Technology),ES,77561792,1141,3689,True,Science & Technology,9.3,9.4,0.106,True,Snapchat,creator_scie_173_p1,Snapchat Spotlight,Science & Technology,"Entertaining / Trend, Inspirational / Storytelling","['Entertaining / Trend', 'Inspirational / Storytelling']",1838,29,4,False,11.8,1,60,True,469,Sunday,2,1,0,ES,US,25-34,0.709,0.291,0.688,1344584,86048,185760,63004,111657088,0.581,0.463,0.385,0.1,0.052,63195672,112190186,['Science & Technology'],Science & Technology
creator_scie_173,Creator 173 (Science & Technology),ES,77561792,1141,3689,True,Science & Technology,8.2,1.4,0.045,True,Snapchat,creator_scie_173_p2,Snapchat Spotlight,Science & Technology,Entertaining / Trend,['Entertaining / Trend'],1295,20,2,False,43.9,1,60,True,348,Wednesday,7,0,0,ES,US,25-34,0.382,0.618,0.936,1119553,52960,103298,57981,87928568,0.396,0.488,0.373,0.1,0.039,50854843,89440014,['Science & Technology'],Science & Technology
creator_scie_173,Creator 173 (Science & Technology),ES,77561792,1141,3689,True,Science & Technology,6.2,4.7,0.048,True,Snapchat,creator_scie_173_p3,Snapchat Post,Science & Technology,"Educational / How-To, Entertaining / Trend, Inspirational / Storytelling","['Educational / How-To', 'Entertaining / Trend', 'Inspirational / Storytelling']",527,25,7,True,0.0,1,60,True,137,Thursday,11,0,1,ES,GB,25-34,0.808,0.192,0.945,2215391,54997,674239,100524,0,0.0,0.707,0.146,0.1,0.047,34608136,46700130,['Science & Technology'],Science & Technology
creator_trav_174,Creator 174 (Travel & Events),US,7449,2360,2087,False,Travel & Events,11.1,9.4,0.117,False,Instagram,creator_trav_174_p1,Story,Travel & Events,"Entertaining / Trend, Promotional / Sponsored","['Entertaining / Trend', 'Promotional / Sponsored']",1034,17,3,False,0.0,1,60,True,0,Sunday,20,1,1,US,IT,25-34,0.9,0.1,0.659,246,13,23,14,0,0.0,0.813,0.075,0.088,0.024,1624,1733,"['Sports', 'Travel & Events']","Sports, Travel & Events"
creator_trav_174,Creator 174 (Travel & Events),US,7449,2360,2087,False,Travel & Events,7.8,8.2,0.019,True,Instagram,creator_trav_174_p2,Carousel,Travel & Events,"Inspirational / Storytelling, Promotional / Sponsored","['Inspirational / Storytelling', 'Promotional / Sponsored']",1639,15,4,True,0.0,6,60,True,0,Friday,21,0,1,US,BR,45+,0.743,0.257,0.718,394,32,33,118,0,0.0,0.722,0.113,0.08,0.085,9843,13232,"['Sports', 'Travel & Events']","Sports, Travel & Events"
creator_trav_174,Creator 174 (Travel & Events),US,7449,2360,2087,False,Travel & Events,3.1,5.1,0.139,True,Instagram,creator_trav_174_p3,Carousel,Sports,"Entertaining / Trend, Promotional / Sponsored","['Entertaining / Trend', 'Promotional / Sponsored']",1224,4,2,True,0.0,4,60,True,0,Saturday,17,1,0,US,AU,18-24,0.641,0.359,0.931,232,20,24,78,0,0.0,0.759,0.115,0.036,0.09,7754,12887,"['Sports', 'Travel & Events']","Sports, Travel & Events"
creator_scie_175,Creator 175 (Science & Technology),CA,76251,2923,1057,False,Science & Technology,10.4,13.4,0.052,True,Instagram,creator_scie_175_p1,Static Image,Science & Technology,Educational / How-To,['Educational / How-To'],1355,15,7,False,0.0,1,60,True,0,Monday,14,0,0,CA,GB,18-24,0.562,0.438,0.408,3044,176,675,97,0,0.0,0.741,0.133,0.08,0.046,37307,51373,['Science & Technology'],Science & Technology
creator_scie_175,Creator 175 (Science & Technology),CA,76251,2923,1057,False,Science & Technology,7.4,6.3,-0.019,True,Instagram,creator_scie_175_p2,Static Image,Science & Technology,"Entertaining / Trend, Educational / How-To, Inspirational / Storytelling","['Entertaining / Trend', 'Educational / How-To', 'Inspirational / Storytelling']",483,16,7,True,0.0,1,60,True,0,Wednesday,15,0,0,CA,IN,18-24,0.417,0.583,0.536,1866,46,547,219,0,0.0,0.695,0.144,0.084,0.077,27144,42294,['Science & Technology'],Science & Technology
creator_scie_175,Creator 175 (Science & Technology),CA,76251,2923,1057,False,Science & Technology,10.7,13.9,0.049,True,Instagram,creator_scie_175_p3,Reel,Science & Technology,"Behind The Scenes, Promotional / Sponsored, Educational / How-To","['Behind The Scenes', 'Promotional / Sponsored', 'Educational / How-To']",2145,16,2,False,11.6,1,60,True,0,Friday,9,0,0,CA,DE,25-34,0.429,0.571,0.799,2646,184,522,440,190383,0.668,0.463,0.399,0.084,0.054,138547,232313,['Science & Technology'],Science & Technology
creator_educ_176,Creator 176 (Education & Careers),CA,151404,2808,3749,False,Education & Careers,7.9,4.6,0.138,True,YouTube,creator_educ_176_p1,YouTube Video,Education & Careers,Promotional / Sponsored,['Promotional / Sponsored'],948,26,3,True,1597.1,1,94,False,0,Wednesday,10,0,0,CA,ES,18-24,0.325,0.675,0.555,3690,185,175,557,326414,0.419,0.642,0.208,0.1,0.05,218866,472083,['Education & Careers'],Education & Careers
creator_educ_176,Creator 176 (Education & Careers),CA,151404,2808,3749,False,Education & Careers,7.8,2.0,-0.014,False,YouTube,creator_educ_176_p2,YouTube Short,Education & Careers,"Inspirational / Storytelling, Entertaining / Trend, Educational / How-To","['Inspirational / Storytelling', 'Entertaining / Trend', 'Educational / How-To']",1393,15,1,True,53.2,1,73,True,0,Friday,9,0,0,CA,GB,25-34,0.76,0.24,0.471,5962,274,649,2167,427388,0.765,0.496,0.377,0.08,0.047,262331,347403,['Education & Careers'],Education & Careers
creator_educ_176,Creator 176 (Education & Careers),CA,151404,2808,3749,False,Education & Careers,2.4,6.9,0.007,False,YouTube,creator_educ_176_p3,YouTube Short,Education & Careers,Behind The Scenes,['Behind The Scenes'],1396,0,2,True,53.1,1,33,True,0,Sunday,6,1,0,CA,US,18-24,0.503,0.497,0.961,5179,142,1686,516,529657,0.48,0.467,0.431,0.02,0.082,298883,531326,['Education & Careers'],Education & Careers
creator_spor_177,Creator 177 (Sports),MX,55754877,3850,4671,True,Sports,4.7,1.7,0.096,True,Snapchat,creator_spor_177_p1,Snapchat Story,Sports,Entertaining / Trend,['Entertaining / Trend'],1828,8,1,True,8.9,1,60,True,447,Friday,22,0,0,MX,FR,18-24,0.351,0.649,0.658,1693077,47420,48401,143319,18898899,0.627,0.801,0.074,0.052,0.073,16854990,18084671,['Sports'],Sports
creator_spor_177,Creator 177 (Sports),MX,55754877,3850,4671,True,Sports,7.6,12.2,0.106,True,Snapchat,creator_spor_177_p2,Snapchat Spotlight,Sports,Educational / How-To,['Educational / How-To'],802,22,1,True,22.2,1,60,True,382,Sunday,19,1,1,MX,FR,18-24,0.535,0.465,0.521,2122075,103864,122823,146856,226729982,0.633,0.484,0.364,0.1,0.052,106820249,131611439,['Sports'],Sports
creator_spor_177,Creator 177 (Sports),MX,55754877,3850,4671,True,Sports,3.4,9.4,0.001,False,Snapchat,creator_spor_177_p3,Snapchat Post,Sports,Entertaining / Trend,['Entertaining / Trend'],616,20,7,True,0.0,1,60,True,494,Wednesday,11,0,1,MX,DE,18-24,0.481,0.519,0.756,1209562,102668,48287,110136,0,0.0,0.747,0.106,0.1,0.047,27758810,44936845,['Sports'],Sports
creator_trav_178,Creator 178 (Travel & Events),DE,3893,948,3146,False,Travel & Events,3.2,4.9,0.139,False,Instagram,creator_trav_178_p1,Static Image,Travel & Events,"Promotional / Sponsored, Entertaining / Trend, Educational / How-To","['Promotional / Sponsored', 'Entertaining / Trend', 'Educational / How-To']",1659,3,2,True,0.0,1,60,True,0,Wednesday,8,0,0,DE,AE,18-24,0.58,0.42,0.482,175,13,22,51,0,0.0,0.826,0.119,0.032,0.023,3069,3870,['Travel & Events'],Travel & Events
creator_trav_178,Creator 178 (Travel & Events),DE,3893,948,3146,False,Travel & Events,8.8,12.5,0.132,False,Instagram,creator_trav_178_p2,Carousel,Travel & Events,"Educational / How-To, Promotional / Sponsored","['Educational / How-To', 'Promotional / Sponsored']",1733,23,5,True,0.0,8,60,True,0,Friday,6,0,0,DE,ES,18-24,0.431,0.569,0.979,162,5,47,23,0,0.0,0.717,0.143,0.1,0.04,3583,5928,['Travel & Events'],Travel & Events
creator_trav_178,Creator 178 (Travel & Events),DE,3893,948,3146,False,Travel & Events,7.1,8.9,0.084,False,Instagram,creator_trav_178_p3,Carousel,Travel & Events,Behind The Scenes,['Behind The Scenes'],2008,26,1,True,0.0,7,60,True,0,Friday,18,0,1,DE,AU,35-44,0.232,0.768,0.759,197,19,26,71,0,0.0,0.735,0.12,0.1,0.045,4139,6509,['Travel & Events'],Travel & Events
creator_spor_179,Creator 179 (Sports),GB,15611,1240,2682,False,Sports,10.7,1.8,0.074,True,Instagram,creator_spor_179_p1,Video,Sports,"Behind The Scenes, Inspirational / Storytelling, Promotional / Sponsored","['Behind The Scenes', 'Inspirational / Storytelling', 'Promotional / Sponsored']",632,2,5,False,276.5,1,60,True,0,Friday,2,0,0,GB,AU,18-24,0.351,0.649,0.422,657,50,61,50,15075,0.26,0.759,0.169,0.028,0.044,14328,22241,"['Finance & Business', 'Sports']","Finance & Business, Sports"
creator_spor_179,Creator 179 (Sports),GB,15611,1240,2682,False,Sports,11.8,13.7,0.035,False,Instagram,creator_spor_179_p2,Reel,Sports,"Promotional / Sponsored, Behind The Scenes","['Promotional / Sponsored', 'Behind The Scenes']",1498,13,1,False,48.9,1,60,True,0,Friday,22,0,0,GB,IN,18-24,0.319,0.681,0.681,631,39,109,41,42952,0.674,0.509,0.393,0.072,0.026,30168,40633,"['Finance & Business', 'Sports']","Finance & Business, Sports"
creator_spor_179,Creator 179 (Sports),GB,15611,1240,2682,False,Sports,3.2,4.6,0.069,True,Instagram,creator_spor_179_p3,Reel,Finance & Business,"Inspirational / Storytelling, Entertaining / Trend","['Inspirational / Storytelling', 'Entertaining / Trend']",1062,13,2,True,29.3,1,60,True,0,Wednesday,15,0,0,GB,AE,25-34,0.397,0.603,0.904,796,81,222,91,56940,0.813,0.417,0.42,0.072,0.091,32366,51324,"['Finance & Business', 'Sports']","Finance & Business, Sports"
creator_food_180,Creator 180 (Food & Dining),DE,169636,3403,1392,False,Food & Dining,7.1,10.3,0.059,False,YouTube,creator_food_180_p1,YouTube Video,Fashion & Beauty,Entertaining / Trend,['Entertaining / Trend'],839,1,2,True,838.9,1,62,True,0,Wednesday,12,0,1,DE,IN,18-24,0.684,0.316,0.427,7224,740,1103,1783,477141,0.576,0.728,0.215,0.024,0.033,344059,778122,"['Fashion & Beauty', 'Food & Dining']","Fashion & Beauty, Food & Dining"
creator_food_180,Creator 180 (Food & Dining),DE,169636,3403,1392,False,Food & Dining,11.9,5.3,0.039,False,YouTube,creator_food_180_p2,YouTube Video,Food & Dining,"Inspirational / Storytelling, Behind The Scenes, Promotional / Sponsored","['Inspirational / Storytelling', 'Behind The Scenes', 'Promotional / Sponsored']",517,4,1,False,1535.2,1,90,True,0,Sunday,8,1,0,DE,MX,25-34,0.701,0.299,0.775,6303,139,533,778,227532,0.566,0.7,0.203,0.036,0.061,201151,324147,"['Fashion & Beauty', 'Food & Dining']","Fashion & Beauty, Food & Dining"
creator_food_180,Creator 180 (Food & Dining),DE,169636,3403,1392,False,Food & Dining,8.9,6.1,0.136,False,YouTube,creator_food_180_p3,YouTube Short,Food & Dining,Promotional / Sponsored,['Promotional / Sponsored'],1437,5,3,True,57.6,1,70,False,0,Thursday,7,0,0,DE,US,18-24,0.464,0.536,0.739,6990,211,1680,766,725620,0.786,0.457,0.41,0.04,0.093,369149,649630,"['Fashion & Beauty', 'Food & Dining']","Fashion & Beauty, Food & Dining"
creator_scie_181,Creator 181 (Science & Technology),IN,24085514,1244,1100,True,Science & Technology,8.2,1.6,0.07,True,Snapchat,creator_scie_181_p1,Snapchat Story,Science & Technology,"Educational / How-To, Inspirational / Storytelling","['Educational / How-To', 'Inspirational / Storytelling']",1151,17,0,False,3.3,1,60,True,127,Monday,19,0,1,IN,ES,45+,0.473,0.527,0.42,657124,39318,59203,120138,9914145,0.629,0.794,0.04,0.088,0.078,8521794,8897187,['Science & Technology'],Science & Technology
creator_scie_181,Creator 181 (Science & Technology),IN,24085514,1244,1100,True,Science & Technology,9.5,8.1,0.14,True,Snapchat,creator_scie_181_p2,Snapchat Story,Science & Technology,"Promotional / Sponsored, Educational / How-To","['Promotional / Sponsored', 'Educational / How-To']",813,22,6,False,11.9,1,60,True,36,Tuesday,3,0,0,IN,DE,45+,0.102,0.898,0.608,629004,30081,81954,144883,7334483,0.863,0.817,0.048,0.1,0.035,6177968,6708932,['Science & Technology'],Science & Technology
creator_scie_181,Creator 181 (Science & Technology),IN,24085514,1244,1100,True,Science & Technology,8.8,6.9,0.031,True,Snapchat,creator_scie_181_p3,Snapchat Spotlight,Science & Technology,"Promotional / Sponsored, Inspirational / Storytelling, Entertaining / Trend","['Promotional / Sponsored', 'Inspirational / Storytelling', 'Entertaining / Trend']",178,12,7,True,35.8,1,60,True,328,Wednesday,8,0,0,IN,GB,35-44,0.591,0.409,0.45,850715,22066,169564,28975,61710976,0.474,0.439,0.4,0.068,0.093,31383346,42427852,['Science & Technology'],Science & Technology
creator_musi_182,Creator 182 (Music & Entertainment),US,2649,3385,3149,False,Music & Entertainment,7.6,1.8,0.095,False,Instagram,creator_musi_182_p1,Carousel,Music & Entertainment,Educational / How-To,['Educational / How-To'],943,1,3,True,0.0,2,60,True,0,Saturday,3,1,0,US,IT,35-44,0.501,0.499,0.44,133,7,32,26,0,0.0,0.771,0.136,0.024,0.069,3372,5696,['Music & Entertainment'],Music & Entertainment
creator_musi_182,Creator 182 (Music & Entertainment),US,2649,3385,3149,False,Music & Entertainment,7.4,5.9,0.135,True,Instagram,creator_musi_182_p2,Static Image,Music & Entertainment,Behind The Scenes,['Behind The Scenes'],1290,14,2,True,0.0,1,60,True,0,Friday,0,0,0,US,CA,18-24,0.419,0.581,0.892,109,9,14,7,0,0.0,0.777,0.119,0.076,0.028,1174,1417,['Music & Entertainment'],Music & Entertainment
creator_musi_182,Creator 182 (Music & Entertainment),US,2649,3385,3149,False,Music & Entertainment,1.4,3.2,0.016,True,Instagram,creator_musi_182_p3,Carousel,Music & Entertainment,Behind The Scenes,['Behind The Scenes'],247,6,3,False,0.0,10,60,True,0,Monday,14,0,0,US,AE,25-34,0.656,0.344,0.48,103,1,2,13,0,0.0,0.785,0.103,0.044,0.068,1563,2441,['Music & Entertainment'],Music & Entertainment
creator_fina_183,Creator 183 (Finance & Business),US,48446,2988,4061,False,Finance & Business,11.3,12.3,0.078,True,Instagram,creator_fina_183_p1,Story,Finance & Business,"Educational / How-To, Entertaining / Trend","['Educational / How-To', 'Entertaining / Trend']",1383,7,2,False,0.0,1,60,True,0,Friday,23,0,0,US,BR,18-24,0.56,0.44,0.805,1183,51,57,198,0,0.0,0.818,0.075,0.048,0.059,4719,5152,['Finance & Business'],Finance & Business
creator_fina_183,Creator 183 (Finance & Business),US,48446,2988,4061,False,Finance & Business,10.6,1.8,-0.001,False,Instagram,creator_fina_183_p2,Reel,Finance & Business,Entertaining / Trend,['Entertaining / Trend'],1693,22,6,True,52.8,1,60,True,0,Tuesday,19,0,1,US,ES,18-24,0.693,0.307,0.882,1988,206,318,63,224628,0.395,0.46,0.39,0.1,0.05,140160,201501,['Finance & Business'],Finance & Business
creator_fina_183,Creator 183 (Finance & Business),US,48446,2988,4061,False,Finance & Business,5.2,4.1,-0.002,True,Instagram,creator_fina_183_p3,Reel,Finance & Business,"Entertaining / Trend, Promotional / Sponsored","['Entertaining / Trend', 'Promotional / Sponsored']",1499,7,3,True,39.2,1,60,True,0,Wednesday,14,0,0,US,IN,25-34,0.571,0.429,0.673,2175,88,636,141,168307,0.579,0.476,0.423,0.048,0.053,83760,138850,['Finance & Business'],Finance & Business
creator_fash_184,Creator 184 (Fashion & Beauty),GB,158280,2638,4169,False,Fashion & Beauty,6.0,5.2,0.104,True,YouTube,creator_fash_184_p1,YouTube Short,Fashion & Beauty,Inspirational / Storytelling,['Inspirational / Storytelling'],58,16,1,True,18.9,1,67,False,0,Sunday,6,1,0,GB,IT,35-44,0.617,0.383,0.499,3455,209,1005,210,341065,0.788,0.45,0.423,0.084,0.043,224258,362720,"['Fashion & Beauty', 'Music & Entertainment']","Fashion & Beauty, Music & Entertainment"
creator_fash_184,Creator 184 (Fashion & Beauty),GB,158280,2638,4169,False,Fashion & Beauty,1.3,10.4,0.138,True,YouTube,creator_fash_184_p2,YouTube Short,Fashion & Beauty,"Educational / How-To, Inspirational / Storytelling","['Educational / How-To', 'Inspirational / Storytelling']",1605,23,3,True,45.6,1,54,False,0,Sunday,14,1,0,GB,CA,35-44,0.441,0.559,0.9,3984,330,643,910,617498,0.781,0.462,0.39,0.1,0.048,304893,474142,"['Fashion & Beauty', 'Music & Entertainment']","Fashion & Beauty, Music & Entertainment"
creator_fash_184,Creator 184 (Fashion & Beauty),GB,158280,2638,4169,False,Fashion & Beauty,5.9,3.0,0.032,True,YouTube,creator_fash_184_p3,YouTube Short,Music & Entertainment,Promotional / Sponsored,['Promotional / Sponsored'],795,27,2,True,27.4,1,26,True,0,Sunday,2,1,0,GB,BR,35-44,0.375,0.625,0.653,6932,424,740,330,559400,0.54,0.434,0.377,0.1,0.089,267189,386839,"['Fashion & Beauty', 'Music & Entertainment']","Fashion & Beauty, Music & Entertainment"
creator_musi_185,Creator 185 (Music & Entertainment),CA,4579420,174,4684,True,Music & Entertainment,5.5,11.7,-0.003,True,Snapchat,creator_musi_185_p1,Snapchat Story,Music & Entertainment,"Behind The Scenes, Entertaining / Trend","['Behind The Scenes', 'Entertaining / Trend']",596,9,4,True,8.7,1,60,True,428,Friday,4,0,0,CA,US,25-34,0.569,0.431,0.917,181226,3667,22281,3398,1358610,0.781,0.82,0.026,0.056,0.098,1356467,1524699,['Music & Entertainment'],Music & Entertainment
creator_musi_185,Creator 185 (Music & Entertainment),CA,4579420,174,4684,True,Music & Entertainment,1.5,6.9,-0.017,True,Snapchat,creator_musi_185_p2,Snapchat Story,Music & Entertainment,"Inspirational / Storytelling, Promotional / Sponsored","['Inspirational / Storytelling', 'Promotional / Sponsored']",1895,10,6,True,4.4,1,60,True,295,Wednesday,7,0,0,CA,AE,35-44,0.401,0.599,0.762,144628,4976,11693,12315,2440224,0.747,0.809,0.054,0.06,0.077,2243557,2525309,['Music & Entertainment'],Music & Entertainment
creator_musi_185,Creator 185 (Music & Entertainment),CA,4579420,174,4684,True,Music & Entertainment,7.7,11.8,0.017,True,Snapchat,creator_musi_185_p3,Snapchat Story,Music & Entertainment,"Inspirational / Storytelling, Entertaining / Trend","['Inspirational / Storytelling', 'Entertaining / Trend']",790,24,6,True,5.2,1,60,True,95,Tuesday,3,0,0,CA,FR,35-44,0.65,0.35,0.626,143201,5366,16392,11030,1366767,0.7,0.763,0.065,0.1,0.072,1506344,1675853,['Music & Entertainment'],Music & Entertainment
creator_fina_186,Creator 186 (Finance & Business),CA,1019,3546,2375,False,Finance & Business,2.9,6.5,0.114,False,Instagram,creator_fina_186_p1,Static Image,Music & Entertainment,"Inspirational / Storytelling, Entertaining / Trend, Promotional / Sponsored","['Inspirational / Storytelling', 'Entertaining / Trend', 'Promotional / Sponsored']",1604,27,5,True,0.0,1,60,True,0,Thursday,7,0,0,CA,GB,25-34,0.443,0.557,0.861,30,2,2,2,0,0.0,0.73,0.11,0.1,0.06,537,695,"['Finance & Business', 'Music & Entertainment']","Finance & Business, Music & Entertainment"
creator_fina_186,Creator 186 (Finance & Business),CA,1019,3546,2375,False,Finance & Business,11.8,11.9,0.016,True,Instagram,creator_fina_186_p2,Carousel,Finance & Business,Behind The Scenes,['Behind The Scenes'],587,18,4,True,0.0,7,60,True,0,Monday,5,0,0,CA,ES,35-44,0.461,0.539,0.863,30,2,4,4,0,0.0,0.743,0.119,0.092,0.046,748,898,"['Finance & Business', 'Music & Entertainment']","Finance & Business, Music & Entertainment"
creator_fina_186,Creator 186 (Finance & Business),CA,1019,3546,2375,False,Finance & Business,1.6,12.6,0.026,False,Instagram,creator_fina_186_p3,Reel,Finance & Business,Behind The Scenes,['Behind The Scenes'],304,5,2,True,21.6,1,60,True,0,Tuesday,4,0,0,CA,IN,18-24,0.426,0.574,0.53,34,2,5,2,2827,0.751,0.491,0.386,0.04,0.083,1704,2904,"['Finance & Business', 'Music & Entertainment']","Finance & Business, Music & Entertainment"
creator_trav_187,Creator 187 (Travel & Events),AE,95031,2421,2872,False,Travel & Events,9.6,3.8,0.094,True,Instagram,creator_trav_187_p1,Reel,Travel & Events,Promotional / Sponsored,['Promotional / Sponsored'],669,9,6,False,55.4,1,60,True,0,Wednesday,19,0,1,AE,DE,18-24,0.739,0.261,0.899,2869,71,538,51,299269,0.725,0.467,0.397,0.056,0.08,197701,309841,"['Science & Technology', 'Travel & Events']","Science & Technology, Travel & Events"
creator_trav_187,Creator 187 (Travel & Events),AE,95031,2421,2872,False,Travel & Events,9.5,9.5,0.13,False,Instagram,creator_trav_187_p2,Reel,Travel & Events,"Inspirational / Storytelling, Entertaining / Trend","['Inspirational / Storytelling', 'Entertaining / Trend']",1021,16,0,True,20.7,1,60,True,0,Thursday,15,0,0,AE,CA,25-34,0.466,0.534,0.423,3122,203,462,149,364929,0.688,0.459,0.387,0.084,0.07,172747,217950,"['Science & Technology', 'Travel & Events']","Science & Technology, Travel & Events"
creator_trav_187,Creator 187 (Travel & Events),AE,95031,2421,2872,False,Travel & Events,1.8,10.2,0.012,False,Instagram,creator_trav_187_p3,Static Image,Science & Technology,"Inspirational / Storytelling, Behind The Scenes","['Inspirational / Storytelling', 'Behind The Scenes']",244,1,7,True,0.0,1,60,True,0,Sunday,7,1,0,AE,IT,45+,0.57,0.43,0.577,2638,219,107,290,0,0.0,0.775,0.106,0.024,0.095,43035,55061,"['Science & Technology', 'Travel & Events']","Science & Technology, Travel & Events"
creator_heal_188,Creator 188 (Health & Fitness),BR,182338,1972,2409,False,Health & Fitness,3.3,3.1,0.139,False,YouTube,creator_heal_188_p1,YouTube Short,Education & Careers,Educational / How-To,['Educational / How-To'],158,2,1,True,54.1,1,36,True,0,Friday,6,0,0,BR,GB,18-24,0.522,0.478,0.851,7584,773,2199,601,768530,0.712,0.523,0.422,0.028,0.027,478758,806848,"['Education & Careers', 'Health & Fitness', 'Science & Technology']","Education & Careers, Health & Fitness, Science & Technology"
creator_heal_188,Creator 188 (Health & Fitness),BR,182338,1972,2409,False,Health & Fitness,10.5,5.7,0.105,True,YouTube,creator_heal_188_p2,YouTube Video,Science & Technology,Inspirational / Storytelling,['Inspirational / Storytelling'],471,11,0,False,1491.7,1,27,True,0,Friday,5,0,0,BR,IT,18-24,0.473,0.527,0.826,6543,267,901,838,150803,0.432,0.702,0.206,0.064,0.028,179023,375576,"['Education & Careers', 'Health & Fitness', 'Science & Technology']","Education & Careers, Health & Fitness, Science & Technology"
creator_heal_188,Creator 188 (Health & Fitness),BR,182338,1972,2409,False,Health & Fitness,10.9,8.5,0.016,True,YouTube,creator_heal_188_p3,YouTube Video,Health & Fitness,Inspirational / Storytelling,['Inspirational / Storytelling'],2040,24,0,True,610.4,1,63,True,0,Thursday,20,0,1,BR,IT,18-24,0.466,0.534,0.496,4867,327,338,138,325532,0.634,0.636,0.21,0.1,0.054,280132,477601,"['Education & Careers', 'Health & Fitness', 'Science & Technology']","Education & Careers, Health & Fitness, Science & Technology"
creator_scie_189,Creator 189 (Science & Technology),IN,7543374,1730,3539,False,Science & Technology,4.3,12.4,-0.011,True,Snapchat,creator_scie_189_p1,Snapchat Story,Science & Technology,"Educational / How-To, Inspirational / Storytelling","['Educational / How-To', 'Inspirational / Storytelling']",911,29,5,False,13.1,1,60,True,147,Saturday,11,1,1,IN,DE,18-24,0.689,0.311,0.829,291727,17323,76028,68780,5267708,0.563,0.812,0.04,0.1,0.048,4441611,4702068,"['Science & Technology', 'Sports']","Science & Technology, Sports"
creator_scie_189,Creator 189 (Science & Technology),IN,7543374,1730,3539,False,Science & Technology,3.9,4.8,0.046,False,Snapchat,creator_scie_189_p2,Snapchat Story,Sports,"Inspirational / Storytelling, Educational / How-To, Behind The Scenes","['Inspirational / Storytelling', 'Educational / How-To', 'Behind The Scenes']",798,6,4,False,8.6,1,60,True,170,Friday,6,0,0,IN,GB,25-34,0.366,0.634,0.798,209862,6082,56145,50277,3590099,0.634,0.869,0.053,0.044,0.034,3072824,3518188,"['Science & Technology', 'Sports']","Science & Technology, Sports"
creator_scie_189,Creator 189 (Science & Technology),IN,7543374,1730,3539,False,Science & Technology,8.9,1.5,0.114,True,Snapchat,creator_scie_189_p3,Snapchat Spotlight,Science & Technology,"Educational / How-To, Inspirational / Storytelling","['Educational / How-To', 'Inspirational / Storytelling']",613,4,6,True,23.2,1,60,True,171,Thursday,2,0,0,IN,US,25-34,0.738,0.262,0.785,189015,12355,11676,39548,23370030,0.752,0.561,0.365,0.036,0.038,10975469,18942072,"['Science & Technology', 'Sports']","Science & Technology, Sports"
creator_spor_190,Creator 190 (Sports),ES,1426,452,2574,False,Sports,11.4,11.1,0.039,True,Instagram,creator_spor_190_p1,Video,Sports,Inspirational / Storytelling,['Inspirational / Storytelling'],2074,12,7,False,169.4,1,60,True,0,Saturday,11,1,1,ES,MX,25-34,0.479,0.521,0.791,60,2,4,5,2315,0.599,0.745,0.163,0.068,0.024,1732,2269,"['Science & Technology', 'Sports']","Science & Technology, Sports"
creator_spor_190,Creator 190 (Sports),ES,1426,452,2574,False,Sports,7.5,2.6,-0.003,True,Instagram,creator_spor_190_p2,Static Image,Science & Technology,"Behind The Scenes, Inspirational / Storytelling, Educational / How-To","['Behind The Scenes', 'Inspirational / Storytelling', 'Educational / How-To']",437,19,5,True,0.0,1,60,True,0,Tuesday,12,0,1,ES,GB,18-24,0.551,0.449,0.753,63,5,5,8,0,0.0,0.744,0.112,0.096,0.048,1012,1328,"['Science & Technology', 'Sports']","Science & Technology, Sports"
creator_spor_190,Creator 190 (Sports),ES,1426,452,2574,False,Sports,9.8,13.1,0.097,False,Instagram,creator_spor_190_p3,Story,Sports,Educational / How-To,['Educational / How-To'],385,8,7,True,0.0,1,60,True,0,Friday,3,0,0,ES,GB,35-44,0.577,0.423,0.589,50,3,16,8,0,0.0,0.855,0.025,0.052,0.068,324,337,"['Science & Technology', 'Sports']","Science & Technology, Sports"
creator_musi_191,Creator 191 (Music & Entertainment),AE,23700,2797,898,False,Music & Entertainment,11.4,11.1,-0.002,True,Instagram,creator_musi_191_p1,Reel,Music & Entertainment,"Entertaining / Trend, Inspirational / Storytelling","['Entertaining / Trend', 'Inspirational / Storytelling']",1664,20,3,False,58.9,1,60,True,0,Saturday,16,1,0,AE,DE,18-24,0.716,0.284,0.742,915,44,105,83,79599,0.534,0.46,0.379,0.1,0.061,37315,46243,"['Food & Dining', 'Music & Entertainment']","Food & Dining, Music & Entertainment"
creator_musi_191,Creator 191 (Music & Entertainment),AE,23700,2797,898,False,Music & Entertainment,1.7,12.7,0.084,True,Instagram,creator_musi_191_p2,Reel,Music & Entertainment,"Behind The Scenes, Educational / How-To","['Behind The Scenes', 'Educational / How-To']",2024,22,5,True,37.1,1,60,True,0,Friday,10,0,0,AE,FR,25-34,0.817,0.183,0.728,924,62,283,112,94427,0.711,0.412,0.426,0.1,0.062,46723,83015,"['Food & Dining', 'Music & Entertainment']","Food & Dining, Music & Entertainment"
creator_musi_191,Creator 191 (Music & Entertainment),AE,23700,2797,898,False,Music & Entertainment,2.5,11.4,0.071,False,Instagram,creator_musi_191_p3,Reel,Food & Dining,"Educational / How-To, Entertaining / Trend, Behind The Scenes","['Educational / How-To', 'Entertaining / Trend', 'Behind The Scenes']",1282,29,1,True,44.2,1,60,True,0,Monday,22,0,0,AE,US,25-34,0.58,0.42,0.715,931,26,267,231,61794,0.672,0.455,0.422,0.1,0.023,36721,49860,"['Food & Dining', 'Music & Entertainment']","Food & Dining, Music & Entertainment"
creator_musi_192,Creator 192 (Music & Entertainment),US,223546,301,3473,False,Music & Entertainment,3.3,5.0,0.131,True,YouTube,creator_musi_192_p1,YouTube Video,Music & Entertainment,Entertaining / Trend,['Entertaining / Trend'],2063,7,6,False,1094.2,1,51,False,0,Thursday,13,0,1,US,BR,25-34,0.559,0.441,0.575,8559,146,922,1260,480726,0.265,0.685,0.203,0.048,0.064,364511,620808,['Music & Entertainment'],Music & Entertainment
creator_musi_192,Creator 192 (Music & Entertainment),US,223546,301,3473,False,Music & Entertainment,6.5,11.2,0.083,False,YouTube,creator_musi_192_p2,YouTube Short,Music & Entertainment,"Promotional / Sponsored, Inspirational / Storytelling","['Promotional / Sponsored', 'Inspirational / Storytelling']",1590,22,5,True,22.2,1,79,True,0,Sunday,0,1,0,US,CA,18-24,0.537,0.463,0.759,5271,285,826,68,570592,0.777,0.466,0.389,0.1,0.045,291476,369941,['Music & Entertainment'],Music & Entertainment
creator_musi_192,Creator 192 (Music & Entertainment),US,223546,301,3473,False,Music & Entertainment,2.9,3.1,0.118,False,YouTube,creator_musi_192_p3,YouTube Short,Music & Entertainment,"Promotional / Sponsored, Inspirational / Storytelling","['Promotional / Sponsored', 'Inspirational / Storytelling']",783,27,1,False,50.0,1,48,False,0,Friday,6,0,0,US,DE,45+,0.431,0.569,0.833,5265,192,1277,78,711579,0.675,0.436,0.411,0.1,0.053,368185,556693,['Music & Entertainment'],Music & Entertainment
creator_scie_193,Creator 193 (Science & Technology),US,33562410,920,715,False,Science & Technology,2.1,8.8,0.146,False,Snapchat,creator_scie_193_p1,Snapchat Post,Finance & Business,"Inspirational / Storytelling, Educational / How-To, Promotional / Sponsored","['Inspirational / Storytelling', 'Educational / How-To', 'Promotional / Sponsored']",992,18,6,True,0.0,1,60,True,413,Thursday,0,0,0,US,GB,35-44,0.54,0.46,0.967,611648,58978,199642,85491,0,0.0,0.706,0.149,0.092,0.053,13998782,21988878,"['Finance & Business', 'Science & Technology']","Finance & Business, Science & Technology"
creator_scie_193,Creator 193 (Science & Technology),US,33562410,920,715,False,Science & Technology,5.6,8.0,0.009,True,Snapchat,creator_scie_193_p2,Snapchat Spotlight,Science & Technology,"Entertaining / Trend, Promotional / Sponsored","['Entertaining / Trend', 'Promotional / Sponsored']",264,18,5,True,6.0,1,60,True,10,Monday,20,0,1,US,AE,35-44,0.153,0.847,0.863,1398060,54857,209983,121514,148484602,0.832,0.49,0.388,0.092,0.03,96054126,172460861,"['Finance & Business', 'Science & Technology']","Finance & Business, Science & Technology"
creator_scie_193,Creator 193 (Science & Technology),US,33562410,920,715,False,Science & Technology,1.7,10.2,0.026,False,Snapchat,creator_scie_193_p3,Snapchat Story,Science & Technology,"Promotional / Sponsored, Behind The Scenes","['Promotional / Sponsored', 'Behind The Scenes']",1360,11,4,True,9.2,1,60,True,420,Wednesday,8,0,0,US,ES,18-24,0.615,0.385,0.624,1098303,67559,93312,71672,7423570,0.652,0.865,0.051,0.064,0.02,7307082,7715756,"['Finance & Business', 'Science & Technology']","Finance & Business, Science & Technology"
creator_educ_194,Creator 194 (Education & Careers),CA,2063,3426,783,False,Education & Careers,6.3,11.2,0.101,True,Instagram,creator_educ_194_p1,Video,Food & Dining,"Educational / How-To, Behind The Scenes","['Educational / How-To', 'Behind The Scenes']",1034,7,7,True,136.6,1,60,True,0,Thursday,0,0,0,CA,DE,35-44,0.615,0.385,0.51,88,3,17,3,3200,0.559,0.74,0.188,0.048,0.024,2593,3593,"['Education & Careers', 'Food & Dining']","Education & Careers, Food & Dining"
creator_educ_194,Creator 194 (Education & Careers),CA,2063,3426,783,False,Education & Careers,9.5,7.3,0.051,False,Instagram,creator_educ_194_p2,Static Image,Education & Careers,"Behind The Scenes, Entertaining / Trend, Promotional / Sponsored","['Behind The Scenes', 'Entertaining / Trend', 'Promotional / Sponsored']",972,24,6,True,0.0,1,60,True,0,Monday,0,0,0,CA,IT,45+,0.816,0.184,0.848,63,4,5,3,0,0.0,0.742,0.112,0.1,0.046,817,1011,"['Education & Careers', 'Food & Dining']","Education & Careers, Food & Dining"
creator_educ_194,Creator 194 (Education & Careers),CA,2063,3426,783,False,Education & Careers,11.4,10.0,0.071,True,Instagram,creator_educ_194_p3,Carousel,Education & Careers,Behind The Scenes,['Behind The Scenes'],2105,26,3,False,0.0,8,60,True,0,Friday,19,0,1,CA,US,25-34,0.309,0.691,0.448,109,5,2,23,0,0.0,0.703,0.103,0.1,0.094,1827,3149,"['Education & Careers', 'Food & Dining']","Education & Careers, Food & Dining"
creator_fash_195,Creator 195 (Fashion & Beauty),US,20551,1350,670,False,Fashion & Beauty,2.1,7.2,-0.012,True,Instagram,creator_fash_195_p1,Video,Fashion & Beauty,Educational / How-To,['Educational / How-To'],1239,12,4,True,235.1,1,60,True,0,Sunday,3,1,0,US,IN,18-24,0.332,0.668,0.931,1155,58,359,202,43654,0.678,0.692,0.212,0.068,0.028,38316,60739,"['Fashion & Beauty', 'Food & Dining']","Fashion & Beauty, Food & Dining"
creator_fash_195,Creator 195 (Fashion & Beauty),US,20551,1350,670,False,Fashion & Beauty,4.8,9.2,0.038,True,Instagram,creator_fash_195_p2,Static Image,Fashion & Beauty,"Entertaining / Trend, Inspirational / Storytelling","['Entertaining / Trend', 'Inspirational / Storytelling']",2180,7,0,True,0.0,1,60,True,0,Sunday,6,1,0,US,BR,25-34,0.599,0.401,0.881,975,69,126,21,0,0.0,0.799,0.119,0.048,0.034,16983,21100,"['Fashion & Beauty', 'Food & Dining']","Fashion & Beauty, Food & Dining"
creator_fash_195,Creator 195 (Fashion & Beauty),US,20551,1350,670,False,Fashion & Beauty,1.7,11.6,0.017,False,Instagram,creator_fash_195_p3,Reel,Food & Dining,"Educational / How-To, Inspirational / Storytelling","['Educational / How-To', 'Inspirational / Storytelling']",734,20,6,False,53.3,1,60,True,0,Monday,3,0,0,US,BR,35-44,0.424,0.576,0.401,615,46,121,59,52485,0.394,0.432,0.399,0.1,0.069,27039,47863,"['Fashion & Beauty', 'Food & Dining']","Fashion & Beauty, Food & Dining"
creator_educ_196,Creator 196 (Education & Careers),AU,729080,2502,482,False,Education & Careers,4.1,4.2,0.11,True,YouTube,creator_educ_196_p1,YouTube Video,Health & Fitness,"Inspirational / Storytelling, Promotional / Sponsored","['Inspirational / Storytelling', 'Promotional / Sponsored']",1405,0,0,True,1367.6,1,82,True,0,Sunday,6,1,0,AU,IN,45+,0.426,0.574,0.503,24268,987,3522,1882,1008825,0.34,0.72,0.206,0.02,0.054,842310,1273256,"['Education & Careers', 'Food & Dining', 'Health & Fitness']","Education & Careers, Food & Dining, Health & Fitness"
creator_educ_196,Creator 196 (Education & Careers),AU,729080,2502,482,False,Education & Careers,6.9,9.1,0.06,True,YouTube,creator_educ_196_p2,YouTube Video,Food & Dining,Educational / How-To,['Educational / How-To'],1668,18,7,False,1477.2,1,43,True,0,Wednesday,13,0,1,AU,GB,25-34,0.277,0.723,0.968,16414,903,1939,3395,650470,0.333,0.623,0.208,0.092,0.077,789966,1544747,"['Education & Careers', 'Food & Dining', 'Health & Fitness']","Education & Careers, Food & Dining, Health & Fitness"
creator_educ_196,Creator 196 (Education & Careers),AU,729080,2502,482,False,Education & Careers,1.9,2.3,0.143,True,YouTube,creator_educ_196_p3,YouTube Short,Education & Careers,"Inspirational / Storytelling, Promotional / Sponsored","['Inspirational / Storytelling', 'Promotional / Sponsored']",1596,29,2,True,34.1,1,30,False,0,Monday,22,0,0,AU,FR,25-34,0.394,0.606,0.542,19516,1615,3632,1694,2294955,0.707,0.455,0.397,0.1,0.048,1327218,1753010,"['Education & Careers', 'Food & Dining', 'Health & Fitness']","Education & Careers, Food & Dining, Health & Fitness"
creator_fash_197,Creator 197 (Fashion & Beauty),CA,23288710,835,1214,True,Fashion & Beauty,3.9,12.1,0.02,False,Snapchat,creator_fash_197_p1,Snapchat Spotlight,Fashion & Beauty,"Educational / How-To, Entertaining / Trend","['Educational / How-To', 'Entertaining / Trend']",718,28,1,True,59.7,1,60,True,358,Friday,6,0,0,CA,IT,18-24,0.745,0.255,0.701,661882,40706,212676,210443,63565222,0.831,0.411,0.43,0.1,0.059,49811341,68126375,['Fashion & Beauty'],Fashion & Beauty
creator_fash_197,Creator 197 (Fashion & Beauty),CA,23288710,835,1214,True,Fashion & Beauty,3.1,8.7,0.043,False,Snapchat,creator_fash_197_p2,Snapchat Spotlight,Fashion & Beauty,"Inspirational / Storytelling, Entertaining / Trend","['Inspirational / Storytelling', 'Entertaining / Trend']",1348,23,2,True,59.0,1,60,True,25,Saturday,13,1,1,CA,DE,18-24,0.565,0.435,0.95,1027621,97817,277704,101515,77328323,0.765,0.439,0.418,0.1,0.043,56659776,84681282,['Fashion & Beauty'],Fashion & Beauty
creator_fash_197,Creator 197 (Fashion & Beauty),CA,23288710,835,1214,True,Fashion & Beauty,8.1,4.8,0.023,True,Snapchat,creator_fash_197_p3,Snapchat Spotlight,Fashion & Beauty,"Inspirational / Storytelling, Educational / How-To","['Inspirational / Storytelling', 'Educational / How-To']",261,2,6,False,8.5,1,60,True,284,Wednesday,21,0,1,CA,BR,25-34,0.371,0.629,0.501,739770,52516,168038,122694,58289977,0.825,0.521,0.407,0.028,0.044,47296604,55980408,['Fashion & Beauty'],Fashion & Beauty
creator_spor_198,Creator 198 (Sports),ES,637,2136,2079,False,Sports,12.0,13.1,0.116,False,Instagram,creator_spor_198_p1,Video,Sports,"Entertaining / Trend, Educational / How-To","['Entertaining / Trend', 'Educational / How-To']",836,21,1,True,264.8,1,60,True,0,Saturday,21,1,1,ES,DE,25-34,0.528,0.472,0.417,36,3,11,1,1462,0.528,0.608,0.209,0.1,0.083,1314,1716,"['Science & Technology', 'Sports']","Science & Technology, Sports"
creator_spor_198,Creator 198 (Sports),ES,637,2136,2079,False,Sports,3.2,13.9,0.102,False,Instagram,creator_spor_198_p2,Story,Sports,Inspirational / Storytelling,['Inspirational / Storytelling'],1357,25,6,False,0.0,1,60,True,0,Wednesday,15,0,0,ES,CA,25-34,0.44,0.56,0.453,27,1,1,2,0,0.0,0.828,0.032,0.1,0.04,133,141,"['Science & Technology', 'Sports']","Science & Technology, Sports"
creator_spor_198,Creator 198 (Sports),ES,637,2136,2079,False,Sports,9.9,4.4,0.139,True,Instagram,creator_spor_198_p3,Reel,Science & Technology,Educational / How-To,['Educational / How-To'],207,24,5,True,82.2,1,60,True,0,Tuesday,18,0,1,ES,AE,25-34,0.632,0.368,0.445,27,1,2,1,1538,0.384,0.439,0.368,0.1,0.093,957,1488,"['Science & Technology', 'Sports']","Science & Technology, Sports"
creator_educ_199,Creator 199 (Education & Careers),DE,48589,550,3445,False,Education & Careers,3.8,3.4,0.03,False,Instagram,creator_educ_199_p1,Reel,Education & Careers,"Educational / How-To, Inspirational / Storytelling, Promotional / Sponsored","['Educational / How-To', 'Inspirational / Storytelling', 'Promotional / Sponsored']",151,15,4,True,85.6,1,60,True,0,Thursday,4,0,0,DE,FR,18-24,0.553,0.447,0.579,1357,139,382,271,134742,0.634,0.437,0.42,0.08,0.063,69853,106773,['Education & Careers'],Education & Careers
creator_educ_199,Creator 199 (Education & Careers),DE,48589,550,3445,False,Education & Careers,5.8,6.7,0.147,True,Instagram,creator_educ_199_p2,Video,Education & Careers,"Inspirational / Storytelling, Promotional / Sponsored","['Inspirational / Storytelling', 'Promotional / Sponsored']",1157,6,3,True,208.9,1,60,True,0,Monday,19,0,1,DE,AU,25-34,0.523,0.477,0.541,2517,170,127,178,99425,0.312,0.708,0.16,0.044,0.088,64304,108715,['Education & Careers'],Education & Careers
creator_educ_199,Creator 199 (Education & Careers),DE,48589,550,3445,False,Education & Careers,8.7,7.0,-0.008,False,Instagram,creator_educ_199_p3,Reel,Education & Careers,"Educational / How-To, Entertaining / Trend, Inspirational / Storytelling","['Educational / How-To', 'Entertaining / Trend', 'Inspirational / Storytelling']",1113,2,4,True,78.9,1,60,True,0,Monday,0,0,0,DE,CA,18-24,0.658,0.342,0.759,1463,94,114,246,83775,0.762,0.518,0.369,0.028,0.085,65077,83778,['Education & Careers'],Education & Careers
creator_heal_200,Creator 200 (Health & Fitness),GB,773030,366,4429,False,Health & Fitness,4.4,7.1,0.104,True,YouTube,creator_heal_200_p1,YouTube Short,Fashion & Beauty,Behind The Scenes,['Behind The Scenes'],1429,29,1,False,42.9,1,92,True,0,Sunday,4,1,0,GB,ES,35-44,0.783,0.217,0.669,16360,1241,3433,226,1277951,0.372,0.438,0.402,0.1,0.06,746297,1254408,"['Fashion & Beauty', 'Health & Fitness']","Fashion & Beauty, Health & Fitness"
creator_heal_200,Creator 200 (Health & Fitness),GB,773030,366,4429,False,Health & Fitness,11.5,10.2,0.109,True,YouTube,creator_heal_200_p2,YouTube Short,Health & Fitness,Entertaining / Trend,['Entertaining / Trend'],1813,28,1,True,19.5,1,75,False,0,Tuesday,10,0,0,GB,DE,25-34,0.503,0.497,0.959,21748,2032,5999,1543,1489908,0.849,0.405,0.419,0.1,0.076,1161926,2062580,"['Fashion & Beauty', 'Health & Fitness']","Fashion & Beauty, Health & Fitness"
creator_heal_200,Creator 200 (Health & Fitness),GB,773030,366,4429,False,Health & Fitness,10.8,7.5,-0.003,True,YouTube,creator_heal_200_p3,YouTube Video,Health & Fitness,"Inspirational / Storytelling, Entertaining / Trend","['Inspirational / Storytelling', 'Entertaining / Trend']",156,14,0,True,415.3,1,29,True,0,Friday,2,0,0,GB,IN,25-34,0.514,0.486,0.792,29098,2858,4586,5609,972183,0.254,0.639,0.215,0.076,0.07,949463,1530256,"['Fashion & Beauty', 'Health & Fitness']","Fashion & Beauty, Health & Fitness"
creator_fash_201,Creator 201 (Fashion & Beauty),US,6662612,1455,4141,True,Fashion & Beauty,6.5,6.3,0.027,True,Snapchat,creator_fash_201_p1,Snapchat Spotlight,Fashion & Beauty,Educational / How-To,['Educational / How-To'],1196,12,3,False,33.7,1,60,True,52,Saturday,23,1,0,US,AE,35-44,0.193,0.807,0.773,162338,11779,25518,17863,12386837,0.675,0.471,0.389,0.068,0.072,5923090,8527774,['Fashion & Beauty'],Fashion & Beauty
creator_fash_201,Creator 201 (Fashion & Beauty),US,6662612,1455,4141,True,Fashion & Beauty,11.8,1.9,0.027,True,Snapchat,creator_fash_201_p2,Snapchat Story,Fashion & Beauty,Educational / How-To,['Educational / How-To'],614,9,7,False,8.5,1,60,True,272,Sunday,13,1,1,US,ES,18-24,0.306,0.694,0.738,222406,12751,36463,54505,2671508,0.864,0.849,0.053,0.056,0.042,2495820,2702089,['Fashion & Beauty'],Fashion & Beauty
creator_fash_201,Creator 201 (Fashion & Beauty),US,6662612,1455,4141,True,Fashion & Beauty,11.9,10.4,0.083,True,Snapchat,creator_fash_201_p3,Snapchat Story,Fashion & Beauty,Promotional / Sponsored,['Promotional / Sponsored'],1213,22,1,False,12.1,1,60,True,72,Thursday,22,0,0,US,DE,18-24,0.579,0.421,0.813,155980,8974,10066,10560,2240486,0.594,0.842,0.028,0.1,0.03,2245350,2330496,['Fashion & Beauty'],Fashion & Beauty
creator_spor_202,Creator 202 (Sports),US,4812,3462,1213,False,Sports,2.4,4.7,0.11,True,Instagram,creator_spor_202_p1,Static Image,Sports,Educational / How-To,['Educational / How-To'],1574,29,3,False,0.0,1,60,True,0,Saturday,7,1,0,US,FR,25-34,0.423,0.577,0.676,135,9,12,26,0,0.0,0.759,0.113,0.1,0.028,2573,3203,['Sports'],Sports
creator_spor_202,Creator 202 (Sports),US,4812,3462,1213,False,Sports,11.4,7.7,0.113,True,Instagram,creator_spor_202_p2,Static Image,Sports,"Behind The Scenes, Educational / How-To, Inspirational / Storytelling","['Behind The Scenes', 'Educational / How-To', 'Inspirational / Storytelling']",1851,4,1,False,0.0,1,60,True,0,Monday,18,0,1,US,IT,18-24,0.597,0.403,0.678,284,10,32,35,0,0.0,0.768,0.117,0.036,0.079,4779,6274,['Sports'],Sports
creator_spor_202,Creator 202 (Sports),US,4812,3462,1213,False,Sports,9.7,13.8,0.023,True,Instagram,creator_spor_202_p3,Reel,Sports,"Entertaining / Trend, Promotional / Sponsored","['Entertaining / Trend', 'Promotional / Sponsored']",519,10,4,True,47.7,1,60,True,0,Thursday,9,0,0,US,DE,45+,0.672,0.328,0.476,146,9,36,3,13543,0.573,0.445,0.411,0.06,0.084,7020,11422,['Sports'],Sports
creator_heal_203,Creator 203 (Health & Fitness),AE,16337,1166,4048,False,Health & Fitness,3.2,2.2,-0.007,False,Instagram,creator_heal_203_p1,Reel,Science & Technology,Inspirational / Storytelling,['Inspirational / Storytelling'],738,8,4,True,50.7,1,60,True,0,Monday,11,0,1,AE,DE,35-44,0.287,0.713,0.49,1048,34,305,20,119284,0.799,0.482,0.423,0.052,0.043,59384,88904,"['Health & Fitness', 'Science & Technology']","Health & Fitness, Science & Technology"
creator_heal_203,Creator 203 (Health & Fitness),AE,16337,1166,4048,False,Health & Fitness,1.9,3.7,0.07,False,Instagram,creator_heal_203_p2,Reel,Health & Fitness,"Inspirational / Storytelling, Entertaining / Trend, Behind The Scenes","['Inspirational / Storytelling', 'Entertaining / Trend', 'Behind The Scenes']",924,26,3,True,31.1,1,60,True,0,Sunday,23,1,0,AE,CA,45+,0.239,0.761,0.408,614,23,145,60,52937,0.529,0.466,0.409,0.1,0.025,27081,46102,"['Health & Fitness', 'Science & Technology']","Health & Fitness, Science & Technology"
creator_heal_203,Creator 203 (Health & Fitness),AE,16337,1166,4048,False,Health & Fitness,10.5,1.2,0.118,True,Instagram,creator_heal_203_p3,Carousel,Health & Fitness,"Inspirational / Storytelling, Educational / How-To","['Inspirational / Storytelling', 'Educational / How-To']",1155,18,5,True,0.0,7,60,True,0,Friday,11,0,1,AE,IN,35-44,0.654,0.346,0.418,636,15,51,122,0,0.0,0.718,0.112,0.092,0.078,19134,31826,"['Health & Fitness', 'Science & Technology']","Health & Fitness, Science & Technology"
creator_spor_204,Creator 204 (Sports),AE,626784,3369,2576,False,Sports,5.0,5.5,0.0,True,YouTube,creator_spor_204_p1,YouTube Video,Food & Dining,"Entertaining / Trend, Inspirational / Storytelling","['Entertaining / Trend', 'Inspirational / Storytelling']",758,14,5,False,565.0,1,76,False,0,Saturday,3,1,0,AE,MX,18-24,0.608,0.392,0.877,22312,492,3442,1488,651105,0.602,0.651,0.203,0.076,0.07,524479,1235320,"['Food & Dining', 'Sports']","Food & Dining, Sports"
creator_spor_204,Creator 204 (Sports),AE,626784,3369,2576,False,Sports,2.6,6.4,0.053,True,YouTube,creator_spor_204_p2,YouTube Video,Sports,"Behind The Scenes, Entertaining / Trend","['Behind The Scenes', 'Entertaining / Trend']",64,21,4,False,217.3,1,50,True,0,Saturday,0,1,0,AE,BR,25-34,0.475,0.525,0.789,11086,261,1119,969,585032,0.393,0.62,0.204,0.1,0.076,468542,1081720,"['Food & Dining', 'Sports']","Food & Dining, Sports"
creator_spor_204,Creator 204 (Sports),AE,626784,3369,2576,False,Sports,2.3,10.6,0.09,True,YouTube,creator_spor_204_p3,YouTube Short,Sports,Behind The Scenes,['Behind The Scenes'],1737,25,0,True,30.4,1,59,True,0,Thursday,4,0,0,AE,AU,35-44,0.853,0.147,0.954,18103,486,6160,724,2366749,0.406,0.415,0.435,0.1,0.05,1121205,1786885,"['Food & Dining', 'Sports']","Food & Dining, Sports"
creator_scie_205,Creator 205 (Science & Technology),AE,56337402,2091,678,True,Science & Technology,3.1,11.2,0.139,True,Snapchat,creator_scie_205_p1,Snapchat Story,Science & Technology,Educational / How-To,['Educational / How-To'],1361,25,7,False,9.1,1,60,True,410,Saturday,17,1,0,AE,ES,25-34,0.416,0.584,0.458,1482982,78439,123181,372526,12333628,0.699,0.794,0.059,0.1,0.047,12196714,12720691,['Science & Technology'],Science & Technology
creator_scie_205,Creator 205 (Science & Technology),AE,56337402,2091,678,True,Science & Technology,5.7,12.9,0.013,True,Snapchat,creator_scie_205_p2,Snapchat Story,Science & Technology,"Entertaining / Trend, Educational / How-To","['Entertaining / Trend', 'Educational / How-To']",1106,28,0,False,9.4,1,60,True,48,Sunday,6,1,0,AE,FR,25-34,0.56,0.44,0.46,1133559,33267,230558,146838,16784435,0.723,0.797,0.052,0.1,0.051,15312801,17229124,['Science & Technology'],Science & Technology
creator_scie_205,Creator 205 (Science & Technology),AE,56337402,2091,678,True,Science & Technology,8.4,8.9,0.065,False,Snapchat,creator_scie_205_p3,Snapchat Post,Science & Technology,"Promotional / Sponsored, Behind The Scenes, Inspirational / Storytelling","['Promotional / Sponsored', 'Behind The Scenes', 'Inspirational / Storytelling']",1610,19,4,False,0.0,1,60,True,409,Sunday,13,1,1,AE,IN,25-34,0.503,0.497,0.668,2012062,114754,144438,53146,0,0.0,0.705,0.111,0.096,0.088,18019244,25089440,['Science & Technology'],Science & Technology
creator_scie_206,Creator 206 (Science & Technology),DE,4861,3582,809,False,Science & Technology,1.0,3.1,0.068,True,Instagram,creator_scie_206_p1,Reel,Science & Technology,"Educational / How-To, Behind The Scenes, Inspirational / Storytelling","['Educational / How-To', 'Behind The Scenes', 'Inspirational / Storytelling']",1537,29,4,True,17.2,1,60,True,0,Sunday,8,1,0,DE,CA,25-34,0.572,0.428,0.599,217,12,44,10,14806,0.722,0.461,0.4,0.1,0.039,12058,20655,['Science & Technology'],Science & Technology
creator_scie_206,Creator 206 (Science & Technology),DE,4861,3582,809,False,Science & Technology,1.5,9.6,0.041,True,Instagram,creator_scie_206_p2,Carousel,Science & Technology,Behind The Scenes,['Behind The Scenes'],1319,17,4,True,0.0,3,60,True,0,Thursday,3,0,0,DE,CA,25-34,0.364,0.636,0.943,172,6,18,14,0,0.0,0.708,0.116,0.088,0.088,3959,6205,['Science & Technology'],Science & Technology
creator_scie_206,Creator 206 (Science & Technology),DE,4861,3582,809,False,Science & Technology,8.6,2.7,0.12,True,Instagram,creator_scie_206_p3,Carousel,Science & Technology,"Inspirational / Storytelling, Educational / How-To","['Inspirational / Storytelling', 'Educational / How-To']",394,18,2,True,0.0,10,60,True,0,Friday,8,0,0,DE,MX,35-44,0.476,0.524,0.682,195,15,11,57,0,0.0,0.739,0.108,0.092,0.061,3085,4165,['Science & Technology'],Science & Technology
creator_heal_207,Creator 207 (Health & Fitness),ES,22147,1670,4377,False,Health & Fitness,9.4,1.3,0.119,True,Instagram,creator_heal_207_p1,Reel,Health & Fitness,Promotional / Sponsored,['Promotional / Sponsored'],1461,20,2,False,18.6,1,60,True,0,Wednesday,9,0,0,ES,DE,35-44,0.546,0.454,0.452,681,12,133,52,46318,0.786,0.443,0.399,0.1,0.058,35418,47173,['Health & Fitness'],Health & Fitness
creator_heal_207,Creator 207 (Health & Fitness),ES,22147,1670,4377,False,Health & Fitness,4.1,7.9,0.024,True,Instagram,creator_heal_207_p2,Reel,Health & Fitness,Inspirational / Storytelling,['Inspirational / Storytelling'],1563,20,1,True,63.5,1,60,True,0,Thursday,12,0,1,ES,US,25-34,0.372,0.628,0.92,682,31,159,25,56354,0.743,0.46,0.408,0.1,0.032,43802,68468,['Health & Fitness'],Health & Fitness
creator_heal_207,Creator 207 (Health & Fitness),ES,22147,1670,4377,False,Health & Fitness,6.0,10.4,0.059,True,Instagram,creator_heal_207_p3,Reel,Health & Fitness,Promotional / Sponsored,['Promotional / Sponsored'],211,22,7,True,41.9,1,60,True,0,Monday,3,0,0,ES,FR,35-44,0.556,0.444,0.846,827,76,111,28,48076,0.566,0.475,0.384,0.1,0.041,24599,42654,['Health & Fitness'],Health & Fitness
creator_fash_208,Creator 208 (Fashion & Beauty),MX,100315,599,1686,False,Fashion & Beauty,1.9,12.2,0.08,False,YouTube,creator_fash_208_p1,YouTube Short,Fashion & Beauty,"Promotional / Sponsored, Behind The Scenes","['Promotional / Sponsored', 'Behind The Scenes']",2187,28,1,False,54.8,1,32,True,0,Saturday,2,1,0,MX,GB,45+,0.48,0.52,0.945,3103,170,586,238,260617,0.806,0.452,0.397,0.1,0.051,127396,217547,['Fashion & Beauty'],Fashion & Beauty
creator_fash_208,Creator 208 (Fashion & Beauty),MX,100315,599,1686,False,Fashion & Beauty,5.3,1.2,0.071,True,YouTube,creator_fash_208_p2,YouTube Short,Fashion & Beauty,"Behind The Scenes, Inspirational / Storytelling","['Behind The Scenes', 'Inspirational / Storytelling']",1873,1,1,True,48.4,1,93,False,0,Monday,4,0,0,MX,ES,25-34,0.58,0.42,0.917,3688,169,1151,294,325106,0.84,0.516,0.428,0.024,0.032,252610,358447,['Fashion & Beauty'],Fashion & Beauty
creator_fash_208,Creator 208 (Fashion & Beauty),MX,100315,599,1686,False,Fashion & Beauty,11.4,10.8,0.014,True,YouTube,creator_fash_208_p3,YouTube Short,Fashion & Beauty,"Behind The Scenes, Entertaining / Trend, Promotional / Sponsored","['Behind The Scenes', 'Entertaining / Trend', 'Promotional / Sponsored']",381,16,3,False,33.2,1,92,True,0,Friday,13,0,1,MX,US,18-24,0.407,0.593,0.473,3480,124,715,236,283159,0.828,0.454,0.401,0.084,0.061,203469,242594,['Fashion & Beauty'],Fashion & Beauty
creator_trav_209,Creator 209 (Travel & Events),ES,32950084,806,3784,True,Travel & Events,10.2,10.7,-0.012,True,Snapchat,creator_trav_209_p1,Snapchat Spotlight,Music & Entertainment,"Inspirational / Storytelling, Behind The Scenes, Educational / How-To","['Inspirational / Storytelling', 'Behind The Scenes', 'Educational / How-To']",2038,14,7,False,39.1,1,60,True,240,Friday,17,0,0,ES,US,18-24,0.481,0.519,0.714,931928,21518,47361,244673,44537210,0.727,0.464,0.363,0.076,0.097,28732198,44278527,"['Finance & Business', 'Music & Entertainment', 'Travel & Events']","Finance & Business, Music & Entertainment, Travel & Events"
creator_trav_209,Creator 209 (Travel & Events),ES,32950084,806,3784,True,Travel & Events,10.1,13.0,0.049,True,Snapchat,creator_trav_209_p2,Snapchat Spotlight,Travel & Events,"Educational / How-To, Inspirational / Storytelling","['Educational / How-To', 'Inspirational / Storytelling']",591,20,3,False,52.5,1,60,True,341,Sunday,2,1,0,ES,CA,18-24,0.446,0.554,0.97,789255,26144,167466,80763,38232278,0.754,0.432,0.403,0.1,0.065,28486579,37156482,"['Finance & Business', 'Music & Entertainment', 'Travel & Events']","Finance & Business, Music & Entertainment, Travel & Events"
creator_trav_209,Creator 209 (Travel & Events),ES,32950084,806,3784,True,Travel & Events,5.7,13.2,0.132,True,Snapchat,creator_trav_209_p3,Snapchat Story,Finance & Business,Behind The Scenes,['Behind The Scenes'],85,23,1,False,6.3,1,60,True,229,Thursday,9,0,0,ES,AE,18-24,0.33,0.67,0.566,459684,30512,44783,12744,8593919,0.582,0.755,0.051,0.1,0.094,7780314,8301482,"['Finance & Business', 'Music & Entertainment', 'Travel & Events']","Finance & Business, Music & Entertainment, Travel & Events"
creator_scie_210,Creator 210 (Science & Technology),IN,668,2889,752,False,Science & Technology,1.7,11.2,0.028,True,Instagram,creator_scie_210_p1,Static Image,Science & Technology,"Behind The Scenes, Promotional / Sponsored","['Behind The Scenes', 'Promotional / Sponsored']",568,19,0,True,0.0,1,60,True,0,Sunday,23,1,0,IN,US,45+,0.416,0.584,0.643,37,1,2,2,0,0.0,0.773,0.108,0.096,0.023,443,724,['Science & Technology'],Science & Technology
creator_scie_210,Creator 210 (Science & Technology),IN,668,2889,752,False,Science & Technology,11.1,9.6,0.012,True,Instagram,creator_scie_210_p2,Video,Science & Technology,Promotional / Sponsored,['Promotional / Sponsored'],630,7,2,True,119.2,1,60,True,0,Sunday,16,1,0,IN,AE,25-34,0.268,0.732,0.907,24,2,1,2,522,0.488,0.769,0.158,0.048,0.025,507,682,['Science & Technology'],Science & Technology
creator_scie_210,Creator 210 (Science & Technology),IN,668,2889,752,False,Science & Technology,8.0,6.6,-0.01,True,Instagram,creator_scie_210_p3,Static Image,Science & Technology,"Inspirational / Storytelling, Educational / How-To","['Inspirational / Storytelling', 'Educational / How-To']",1789,26,5,True,0.0,1,60,True,0,Monday,8,0,0,IN,CA,18-24,0.782,0.218,0.806,26,1,8,9,0,0.0,0.727,0.144,0.1,0.029,645,1079,['Science & Technology'],Science & Technology
creator_food_211,Creator 211 (Food & Dining),BR,53966,2372,833,False,Food & Dining,4.6,13.6,-0.002,False,Instagram,creator_food_211_p1,Static Image,Food & Dining,Entertaining / Trend,['Entertaining / Trend'],605,15,4,True,0.0,1,60,True,0,Sunday,20,1,1,BR,ES,25-34,0.38,0.62,0.698,3320,152,396,69,0,0.0,0.761,0.118,0.08,0.041,37003,56251,"['Finance & Business', 'Food & Dining', 'Travel & Events']","Finance & Business, Food & Dining, Travel & Events"
creator_food_211,Creator 211 (Food & Dining),BR,53966,2372,833,False,Food & Dining,6.6,13.3,0.014,True,Instagram,creator_food_211_p2,Reel,Travel & Events,"Inspirational / Storytelling, Promotional / Sponsored, Entertaining / Trend","['Inspirational / Storytelling', 'Promotional / Sponsored', 'Entertaining / Trend']",895,7,0,True,18.0,1,60,True,0,Wednesday,5,0,0,BR,DE,35-44,0.503,0.497,0.877,2699,71,833,254,210342,0.567,0.443,0.427,0.048,0.082,163984,274005,"['Finance & Business', 'Food & Dining', 'Travel & Events']","Finance & Business, Food & Dining, Travel & Events"
creator_food_211,Creator 211 (Food & Dining),BR,53966,2372,833,False,Food & Dining,4.4,1.1,0.019,True,Instagram,creator_food_211_p3,Reel,Finance & Business,Educational / How-To,['Educational / How-To'],1584,0,4,True,72.5,1,60,True,0,Wednesday,4,0,0,BR,CA,18-24,0.591,0.409,0.78,2096,172,432,127,254242,0.509,0.551,0.402,0.02,0.027,125883,188997,"['Finance & Business', 'Food & Dining', 'Travel & Events']","Finance & Business, Food & Dining, Travel & Events"
creator_heal_212,Creator 212 (Health & Fitness),BR,227986,601,313,False,Health & Fitness,9.6,10.7,-0.018,True,YouTube,creator_heal_212_p1,YouTube Video,Health & Fitness,Educational / How-To,['Educational / How-To'],1543,14,2,False,1275.6,1,81,True,0,Friday,14,0,0,BR,FR,25-34,0.827,0.173,0.778,5167,271,1152,887,167719,0.499,0.62,0.208,0.076,0.096,188983,336827,['Health & Fitness'],Health & Fitness
creator_heal_212,Creator 212 (Health & Fitness),BR,227986,601,313,False,Health & Fitness,4.0,1.3,0.025,True,YouTube,creator_heal_212_p2,YouTube Short,Health & Fitness,"Behind The Scenes, Educational / How-To, Inspirational / Storytelling","['Behind The Scenes', 'Educational / How-To', 'Inspirational / Storytelling']",2100,16,5,False,36.4,1,55,True,0,Friday,23,0,0,BR,AU,35-44,0.664,0.336,0.702,8207,231,409,2221,441540,0.79,0.461,0.362,0.084,0.093,266366,380142,['Health & Fitness'],Health & Fitness
creator_heal_212,Creator 212 (Health & Fitness),BR,227986,601,313,False,Health & Fitness,10.3,7.6,-0.01,False,YouTube,creator_heal_212_p3,YouTube Short,Health & Fitness,"Inspirational / Storytelling, Behind The Scenes","['Inspirational / Storytelling', 'Behind The Scenes']",57,15,3,True,20.6,1,54,True,0,Sunday,23,1,0,BR,CA,18-24,0.588,0.412,0.618,5531,441,1874,133,638909,0.46,0.398,0.435,0.08,0.087,419634,637486,['Health & Fitness'],Health & Fitness
creator_trav_213,Creator 213 (Travel & Events),US,37871868,761,4616,True,Travel & Events,7.4,7.9,0.086,True,Snapchat,creator_trav_213_p1,Snapchat Story,Travel & Events,Educational / How-To,['Educational / How-To'],264,0,6,True,8.5,1,60,True,400,Tuesday,10,0,0,US,BR,18-24,0.561,0.439,0.949,767732,50590,162131,62751,7072072,0.591,0.876,0.022,0.02,0.082,7355264,8457525,"['Education & Careers', 'Travel & Events']","Education & Careers, Travel & Events"
creator_trav_213,Creator 213 (Travel & Events),US,37871868,761,4616,True,Travel & Events,2.7,1.6,0.106,True,Snapchat,creator_trav_213_p2,Snapchat Spotlight,Education & Careers,"Entertaining / Trend, Promotional / Sponsored","['Entertaining / Trend', 'Promotional / Sponsored']",1061,26,3,True,45.2,1,60,True,281,Saturday,22,1,0,US,IN,25-34,0.327,0.673,0.966,1151490,69909,364230,77391,144983874,0.524,0.406,0.429,0.1,0.065,83066129,139369331,"['Education & Careers', 'Travel & Events']","Education & Careers, Travel & Events"
creator_trav_213,Creator 213 (Travel & Events),US,37871868,761,4616,True,Travel & Events,1.1,4.2,0.092,True,Snapchat,creator_trav_213_p3,Snapchat Spotlight,Travel & Events,"Promotional / Sponsored, Educational / How-To, Inspirational / Storytelling","['Promotional / Sponsored', 'Educational / How-To', 'Inspirational / Storytelling']",1774,10,6,True,18.5,1,60,True,305,Monday,6,0,0,US,IN,18-24,0.711,0.289,0.853,858812,40357,279213,243600,82429676,0.622,0.444,0.431,0.06,0.065,66098542,117171601,"['Education & Careers', 'Travel & Events']","Education & Careers, Travel & Events"
creator_heal_214,Creator 214 (Health & Fitness),BR,1287,2562,3752,False,Health & Fitness,3.6,9.1,0.099,True,Instagram,creator_heal_214_p1,Story,Health & Fitness,"Inspirational / Storytelling, Educational / How-To","['Inspirational / Storytelling', 'Educational / How-To']",1108,5,5,False,0.0,1,60,True,0,Tuesday,15,0,0,BR,ES,25-34,0.575,0.425,0.638,59,2,8,3,0,0.0,0.876,0.041,0.04,0.043,231,237,['Health & Fitness'],Health & Fitness
creator_heal_214,Creator 214 (Health & Fitness),BR,1287,2562,3752,False,Health & Fitness,7.0,2.9,0.042,True,Instagram,creator_heal_214_p2,Carousel,Health & Fitness,Educational / How-To,['Educational / How-To'],86,16,2,True,0.0,9,60,True,0,Saturday,12,1,1,BR,AU,45+,0.396,0.604,0.523,46,4,5,16,0,0.0,0.703,0.116,0.084,0.097,1445,2265,['Health & Fitness'],Health & Fitness
creator_heal_214,Creator 214 (Health & Fitness),BR,1287,2562,3752,False,Health & Fitness,9.2,10.6,0.103,True,Instagram,creator_heal_214_p3,Reel,Health & Fitness,"Behind The Scenes, Promotional / Sponsored","['Behind The Scenes', 'Promotional / Sponsored']",1459,29,4,True,39.2,1,60,True,0,Sunday,1,1,0,BR,GB,25-34,0.107,0.893,0.696,57,5,3,4,2369,0.811,0.454,0.363,0.1,0.083,1621,2477,['Health & Fitness'],Health & Fitness
creator_spor_215,Creator 215 (Sports),GB,17508,474,4222,False,Sports,10.1,7.0,0.065,True,Instagram,creator_spor_215_p1,Video,Science & Technology,"Promotional / Sponsored, Entertaining / Trend","['Promotional / Sponsored', 'Entertaining / Trend']",1439,6,6,False,250.9,1,60,True,0,Thursday,5,0,0,GB,AU,25-34,0.3,0.7,0.903,533,29,23,30,14496,0.674,0.707,0.159,0.044,0.09,11672,16482,"['Science & Technology', 'Sports']","Science & Technology, Sports"
creator_spor_215,Creator 215 (Sports),GB,17508,474,4222,False,Sports,2.5,3.5,0.113,True,Instagram,creator_spor_215_p2,Carousel,Sports,"Entertaining / Trend, Educational / How-To","['Entertaining / Trend', 'Educational / How-To']",2120,4,1,True,0.0,8,60,True,0,Friday,4,0,0,GB,IN,18-24,0.751,0.249,0.625,814,81,88,114,0,0.0,0.817,0.116,0.036,0.031,16115,25260,"['Science & Technology', 'Sports']","Science & Technology, Sports"
creator_spor_215,Creator 215 (Sports),GB,17508,474,4222,False,Sports,8.4,7.1,0.01,True,Instagram,creator_spor_215_p3,Reel,Sports,Educational / How-To,['Educational / How-To'],827,26,5,True,13.0,1,60,True,0,Monday,16,0,0,GB,IT,18-24,0.511,0.489,0.861,697,49,114,84,70137,0.615,0.421,0.391,0.1,0.088,39209,49517,"['Science & Technology', 'Sports']","Science & Technology, Sports"
creator_musi_216,Creator 216 (Music & Entertainment),US,413758,1027,2107,False,Music & Entertainment,6.2,8.1,0.02,False,YouTube,creator_musi_216_p1,YouTube Short,Music & Entertainment,Inspirational / Storytelling,['Inspirational / Storytelling'],1836,2,4,False,45.8,1,25,True,0,Thursday,5,0,0,US,FR,45+,0.681,0.319,0.466,11317,839,1454,156,528983,0.604,0.503,0.382,0.028,0.087,416537,528133,"['Food & Dining', 'Music & Entertainment']","Food & Dining, Music & Entertainment"
creator_musi_216,Creator 216 (Music & Entertainment),US,413758,1027,2107,False,Music & Entertainment,10.8,13.5,0.115,True,YouTube,creator_musi_216_p2,YouTube Short,Food & Dining,"Inspirational / Storytelling, Entertaining / Trend","['Inspirational / Storytelling', 'Entertaining / Trend']",1351,1,7,False,57.0,1,34,True,0,Monday,4,0,0,US,MX,18-24,0.435,0.565,0.504,8669,589,1806,801,772775,0.85,0.501,0.402,0.024,0.073,367927,528281,"['Food & Dining', 'Music & Entertainment']","Food & Dining, Music & Entertainment"
creator_musi_216,Creator 216 (Music & Entertainment),US,413758,1027,2107,False,Music & Entertainment,7.5,6.0,0.025,False,YouTube,creator_musi_216_p3,YouTube Short,Music & Entertainment,"Behind The Scenes, Promotional / Sponsored, Entertaining / Trend","['Behind The Scenes', 'Promotional / Sponsored', 'Entertaining / Trend']",1132,19,1,True,26.6,1,82,False,0,Monday,10,0,0,US,IT,35-44,0.49,0.51,0.516,8932,718,740,963,760754,0.719,0.496,0.371,0.096,0.037,569464,931450,"['Food & Dining', 'Music & Entertainment']","Food & Dining, Music & Entertainment"
creator_fash_217,Creator 217 (Fashion & Beauty),IT,4445973,931,4836,True,Fashion & Beauty,3.7,11.4,0.028,False,Snapchat,creator_fash_217_p1,Snapchat Story,Fashion & Beauty,"Entertaining / Trend, Inspirational / Storytelling","['Entertaining / Trend', 'Inspirational / Storytelling']",621,14,6,True,10.6,1,60,True,236,Tuesday,12,0,1,IT,GB,25-34,0.305,0.695,0.967,169623,9427,21321,13663,2938499,0.871,0.822,0.054,0.076,0.048,2807374,2959195,"['Fashion & Beauty', 'Finance & Business']","Fashion & Beauty, Finance & Business"
creator_fash_217,Creator 217 (Fashion & Beauty),IT,4445973,931,4836,True,Fashion & Beauty,8.4,7.4,0.076,False,Snapchat,creator_fash_217_p2,Snapchat Story,Fashion & Beauty,"Educational / How-To, Behind The Scenes","['Educational / How-To', 'Behind The Scenes']",2126,1,6,True,9.5,1,60,True,19,Monday,5,0,0,IT,AE,18-24,0.476,0.524,0.807,139598,13968,27100,51245,2536043,0.656,0.912,0.022,0.024,0.042,2284469,2514708,"['Fashion & Beauty', 'Finance & Business']","Fashion & Beauty, Finance & Business"
creator_fash_217,Creator 217 (Fashion & Beauty),IT,4445973,931,4836,True,Fashion & Beauty,8.0,13.0,0.105,True,Snapchat,creator_fash_217_p3,Snapchat Story,Finance & Business,"Inspirational / Storytelling, Promotional / Sponsored, Educational / How-To","['Inspirational / Storytelling', 'Promotional / Sponsored', 'Educational / How-To']",997,4,2,True,4.5,1,60,True,187,Sunday,13,1,1,IT,AU,18-24,0.562,0.438,0.634,189405,6567,50289,17753,2757309,0.881,0.876,0.048,0.036,0.04,2750428,2967757,"['Fashion & Beauty', 'Finance & Business']","Fashion & Beauty, Finance & Business"
creator_scie_218,Creator 218 (Science & Technology),ES,5145,2020,1885,False,Science & Technology,4.0,8.5,0.031,False,Instagram,creator_scie_218_p1,Story,Sports,"Educational / How-To, Inspirational / Storytelling","['Educational / How-To', 'Inspirational / Storytelling']",1311,4,3,False,0.0,1,60,True,0,Wednesday,15,0,0,ES,AU,45+,0.591,0.409,0.585,189,13,27,36,0,0.0,0.84,0.033,0.036,0.091,750,843,"['Science & Technology', 'Sports']","Science & Technology, Sports"
creator_scie_218,Creator 218 (Science & Technology),ES,5145,2020,1885,False,Science & Technology,7.4,11.8,0.052,True,Instagram,creator_scie_218_p2,Reel,Science & Technology,"Entertaining / Trend, Promotional / Sponsored","['Entertaining / Trend', 'Promotional / Sponsored']",891,5,0,True,8.9,1,60,True,0,Thursday,7,0,0,ES,CA,18-24,0.419,0.581,0.98,251,15,82,13,11192,0.765,0.492,0.431,0.04,0.037,8148,13462,"['Science & Technology', 'Sports']","Science & Technology, Sports"
creator_scie_218,Creator 218 (Science & Technology),ES,5145,2020,1885,False,Science & Technology,5.8,7.5,0.048,True,Instagram,creator_scie_218_p3,Static Image,Science & Technology,"Inspirational / Storytelling, Educational / How-To, Promotional / Sponsored","['Inspirational / Storytelling', 'Educational / How-To', 'Promotional / Sponsored']",62,18,2,True,0.0,1,60,True,0,Tuesday,18,0,1,ES,CA,35-44,0.647,0.353,0.486,176,9,53,39,0,0.0,0.701,0.145,0.092,0.062,4955,6561,"['Science & Technology', 'Sports']","Science & Technology, Sports"
creator_musi_219,Creator 219 (Music & Entertainment),IN,42578,3916,4168,False,Music & Entertainment,9.2,4.8,0.104,True,Instagram,creator_musi_219_p1,Reel,Music & Entertainment,"Behind The Scenes, Promotional / Sponsored","['Behind The Scenes', 'Promotional / Sponsored']",210,13,4,True,35.9,1,60,True,0,Tuesday,22,0,0,IN,CA,25-34,0.477,0.523,0.812,1238,79,238,104,92858,0.758,0.509,0.398,0.072,0.021,44654,58949,['Music & Entertainment'],Music & Entertainment
creator_musi_219,Creator 219 (Music & Entertainment),IN,42578,3916,4168,False,Music & Entertainment,5.8,5.2,0.071,False,Instagram,creator_musi_219_p2,Carousel,Music & Entertainment,"Behind The Scenes, Educational / How-To","['Behind The Scenes', 'Educational / How-To']",1131,23,1,True,0.0,10,60,True,0,Friday,8,0,0,IN,DE,18-24,0.658,0.342,0.678,1062,29,82,372,0,0.0,0.704,0.112,0.1,0.084,29251,43263,['Music & Entertainment'],Music & Entertainment
creator_musi_219,Creator 219 (Music & Entertainment),IN,42578,3916,4168,False,Music & Entertainment,3.0,11.0,-0.019,True,Instagram,creator_musi_219_p3,Static Image,Music & Entertainment,Entertaining / Trend,['Entertaining / Trend'],1782,28,0,False,0.0,1,60,True,0,Tuesday,11,0,1,IN,AE,18-24,0.466,0.534,0.779,1187,77,71,61,0,0.0,0.711,0.109,0.1,0.08,27064,48184,['Music & Entertainment'],Music & Entertainment
creator_trav_220,Creator 220 (Travel & Events),AE,567328,617,3687,False,Travel & Events,1.9,13.6,0.019,True,YouTube,creator_trav_220_p1,YouTube Short,Travel & Events,"Entertaining / Trend, Behind The Scenes","['Entertaining / Trend', 'Behind The Scenes']",180,7,0,True,34.8,1,29,True,0,Sunday,4,1,0,AE,MX,25-34,0.228,0.772,0.466,20204,1959,4838,1985,1728207,0.545,0.461,0.41,0.048,0.081,935707,1340251,"['Health & Fitness', 'Travel & Events']","Health & Fitness, Travel & Events"
creator_trav_220,Creator 220 (Travel & Events),AE,567328,617,3687,False,Travel & Events,6.6,13.1,0.047,True,YouTube,creator_trav_220_p2,YouTube Short,Health & Fitness,"Inspirational / Storytelling, Entertaining / Trend","['Inspirational / Storytelling', 'Entertaining / Trend']",783,22,7,True,47.6,1,40,False,0,Sunday,2,1,0,AE,MX,25-34,0.231,0.769,0.839,25826,1004,6463,3049,2572196,0.625,0.442,0.413,0.1,0.045,1215758,1893534,"['Health & Fitness', 'Travel & Events']","Health & Fitness, Travel & Events"
creator_trav_220,Creator 220 (Travel & Events),AE,567328,617,3687,False,Travel & Events,4.0,9.9,0.127,False,YouTube,creator_trav_220_p3,YouTube Short,Travel & Events,Promotional / Sponsored,['Promotional / Sponsored'],1936,11,4,True,53.7,1,55,True,0,Thursday,2,0,0,AE,IT,35-44,0.556,0.444,0.79,19918,1936,5499,1700,1902997,0.421,0.49,0.419,0.064,0.027,1282659,1535033,"['Health & Fitness', 'Travel & Events']","Health & Fitness, Travel & Events"
creator_heal_221,Creator 221 (Health & Fitness),BR,13554133,2569,1494,True,Health & Fitness,7.0,12.6,0.122,False,Snapchat,creator_heal_221_p1,Snapchat Spotlight,Health & Fitness,"Promotional / Sponsored, Entertaining / Trend, Behind The Scenes","['Promotional / Sponsored', 'Entertaining / Trend', 'Behind The Scenes']",1689,7,0,False,47.0,1,60,True,430,Tuesday,20,0,1,BR,AE,35-44,0.586,0.414,0.892,296811,5739,56295,26131,40420071,0.645,0.521,0.397,0.048,0.034,18974338,30043668,"['Health & Fitness', 'Music & Entertainment']","Health & Fitness, Music & Entertainment"
creator_heal_221,Creator 221 (Health & Fitness),BR,13554133,2569,1494,True,Health & Fitness,2.3,2.3,0.071,True,Snapchat,creator_heal_221_p2,Snapchat Story,Health & Fitness,Behind The Scenes,['Behind The Scenes'],2141,13,3,False,9.5,1,60,True,341,Friday,15,0,0,BR,FR,18-24,0.48,0.52,0.939,345239,7290,36956,19967,5366844,0.557,0.863,0.036,0.072,0.029,4483315,5096863,"['Health & Fitness', 'Music & Entertainment']","Health & Fitness, Music & Entertainment"
creator_heal_221,Creator 221 (Health & Fitness),BR,13554133,2569,1494,True,Health & Fitness,9.9,6.7,0.063,False,Snapchat,creator_heal_221_p3,Snapchat Spotlight,Music & Entertainment,"Inspirational / Storytelling, Behind The Scenes, Entertaining / Trend","['Inspirational / Storytelling', 'Behind The Scenes', 'Entertaining / Trend']",1858,11,1,True,14.8,1,60,True,260,Saturday,21,1,1,BR,FR,18-24,0.308,0.692,0.973,445800,35628,148424,23659,78227905,0.65,0.406,0.433,0.064,0.097,37387507,54607772,"['Health & Fitness', 'Music & Entertainment']","Health & Fitness, Music & Entertainment"
creator_trav_222,Creator 222 (Travel & Events),DE,8846,3122,891,False,Travel & Events,5.2,3.7,0.091,False,Instagram,creator_trav_222_p1,Reel,Travel & Events,Behind The Scenes,['Behind The Scenes'],847,14,2,False,39.7,1,60,True,0,Thursday,3,0,0,DE,FR,35-44,0.512,0.488,0.746,331,21,48,13,22618,0.712,0.443,0.386,0.076,0.095,11122,14208,"['Fashion & Beauty', 'Travel & Events']","Fashion & Beauty, Travel & Events"
creator_trav_222,Creator 222 (Travel & Events),DE,8846,3122,891,False,Travel & Events,11.8,8.0,0.076,False,Instagram,creator_trav_222_p2,Static Image,Travel & Events,Promotional / Sponsored,['Promotional / Sponsored'],258,4,2,True,0.0,1,60,True,0,Wednesday,17,0,0,DE,AU,18-24,0.619,0.381,0.505,379,14,30,26,0,0.0,0.803,0.112,0.036,0.049,4423,5930,"['Fashion & Beauty', 'Travel & Events']","Fashion & Beauty, Travel & Events"
creator_trav_222,Creator 222 (Travel & Events),DE,8846,3122,891,False,Travel & Events,6.4,4.9,0.106,True,Instagram,creator_trav_222_p3,Video,Fashion & Beauty,"Inspirational / Storytelling, Educational / How-To, Promotional / Sponsored","['Inspirational / Storytelling', 'Educational / How-To', 'Promotional / Sponsored']",447,28,2,True,105.4,1,60,True,0,Monday,6,0,0,DE,IT,25-34,0.329,0.671,0.964,414,38,109,35,14538,0.604,0.618,0.203,0.1,0.079,11721,16307,"['Fashion & Beauty', 'Travel & Events']","Fashion & Beauty, Travel & Events"
creator_scie_223,Creator 223 (Science & Technology),AE,59376,1408,1489,False,Science & Technology,10.2,9.3,0.004,True,Instagram,creator_scie_223_p1,Reel,Science & Technology,"Inspirational / Storytelling, Entertaining / Trend","['Inspirational / Storytelling', 'Entertaining / Trend']",1755,18,7,True,37.2,1,60,True,0,Thursday,0,0,0,AE,IN,25-34,0.518,0.482,0.712,1918,172,577,111,140873,0.816,0.455,0.425,0.092,0.028,69374,103651,['Science & Technology'],Science & Technology
creator_scie_223,Creator 223 (Science & Technology),AE,59376,1408,1489,False,Science & Technology,1.3,3.1,0.11,False,Instagram,creator_scie_223_p2,Reel,Science & Technology,Promotional / Sponsored,['Promotional / Sponsored'],1020,1,7,False,75.0,1,60,True,0,Saturday,13,1,1,AE,GB,25-34,0.452,0.548,0.534,1689,26,222,136,190202,0.787,0.519,0.383,0.024,0.074,91052,110918,['Science & Technology'],Science & Technology
creator_scie_223,Creator 223 (Science & Technology),AE,59376,1408,1489,False,Science & Technology,8.0,10.0,0.091,True,Instagram,creator_scie_223_p3,Reel,Science & Technology,Inspirational / Storytelling,['Inspirational / Storytelling'],1494,17,7,True,72.6,1,60,True,0,Sunday,1,1,0,AE,IT,35-44,0.54,0.46,0.416,1453,116,116,73,120349,0.373,0.484,0.37,0.088,0.058,73302,120534,['Science & Technology'],Science & Technology
creator_fash_224,Creator 224 (Fashion & Beauty),IT,150911,1883,4722,False,Fashion & Beauty,5.9,10.3,0.044,True,YouTube,creator_fash_224_p1,YouTube Video,Fashion & Beauty,Behind The Scenes,['Behind The Scenes'],613,20,1,True,673.0,1,79,True,0,Thursday,11,0,1,IT,GB,18-24,0.422,0.578,0.794,5548,454,796,1088,243343,0.646,0.657,0.212,0.1,0.031,284996,558644,"['Fashion & Beauty', 'Finance & Business']","Fashion & Beauty, Finance & Business"
creator_fash_224,Creator 224 (Fashion & Beauty),IT,150911,1883,4722,False,Fashion & Beauty,4.7,13.7,0.139,False,YouTube,creator_fash_224_p2,YouTube Short,Finance & Business,"Behind The Scenes, Entertaining / Trend","['Behind The Scenes', 'Entertaining / Trend']",929,9,2,False,48.9,1,36,False,0,Sunday,3,1,0,IT,CA,18-24,0.286,0.714,0.598,6135,102,1551,312,482219,0.448,0.452,0.413,0.056,0.079,239652,417530,"['Fashion & Beauty', 'Finance & Business']","Fashion & Beauty, Finance & Business"
creator_fash_224,Creator 224 (Fashion & Beauty),IT,150911,1883,4722,False,Fashion & Beauty,7.6,11.6,0.054,True,YouTube,creator_fash_224_p3,YouTube Short,Fashion & Beauty,"Educational / How-To, Inspirational / Storytelling","['Educational / How-To', 'Inspirational / Storytelling']",1743,7,7,False,39.9,1,42,True,0,Tuesday,3,0,0,IT,BR,18-24,0.478,0.522,0.78,5271,86,1465,623,248462,0.628,0.491,0.419,0.048,0.042,154709,267405,"['Fashion & Beauty', 'Finance & Business']","Fashion & Beauty, Finance & Business"
creator_spor_225,Creator 225 (Sports),GB,1433561,3865,3928,True,Sports,5.5,11.1,0.076,True,Snapchat,creator_spor_225_p1,Snapchat Post,Sports,Entertaining / Trend,['Entertaining / Trend'],857,14,0,True,0.0,1,60,True,224,Wednesday,21,0,1,GB,BR,25-34,0.623,0.377,0.585,70623,2984,6949,6724,0,0.0,0.789,0.115,0.076,0.02,906358,1251519,"['Finance & Business', 'Sports']","Finance & Business, Sports"
creator_spor_225,Creator 225 (Sports),GB,1433561,3865,3928,True,Sports,1.2,8.0,0.095,True,Snapchat,creator_spor_225_p2,Snapchat Spotlight,Finance & Business,Entertaining / Trend,['Entertaining / Trend'],1345,12,4,False,25.7,1,60,True,492,Friday,23,0,0,GB,AE,25-34,0.63,0.37,0.923,27551,1035,5698,790,2361675,0.39,0.485,0.402,0.068,0.045,1763813,2546385,"['Finance & Business', 'Sports']","Finance & Business, Sports"
creator_spor_225,Creator 225 (Sports),GB,1433561,3865,3928,True,Sports,9.2,6.5,-0.003,False,Snapchat,creator_spor_225_p3,Snapchat Story,Sports,Behind The Scenes,['Behind The Scenes'],2094,15,6,False,5.8,1,60,True,464,Monday,5,0,0,GB,MX,18-24,0.774,0.226,0.819,35994,2496,2318,1749,555640,0.586,0.808,0.042,0.08,0.07,536212,577670,"['Finance & Business', 'Sports']","Finance & Business, Sports"
creator_heal_226,Creator 226 (Health & Fitness),DE,3248,3223,3141,False,Health & Fitness,7.4,8.1,0.08,True,Instagram,creator_heal_226_p1,Reel,Education & Careers,"Inspirational / Storytelling, Entertaining / Trend","['Inspirational / Storytelling', 'Entertaining / Trend']",1525,4,7,False,63.5,1,60,True,0,Wednesday,9,0,0,DE,AE,35-44,0.313,0.687,0.514,86,6,23,4,10184,0.458,0.515,0.416,0.036,0.033,4818,7581,"['Education & Careers', 'Fashion & Beauty', 'Health & Fitness', 'Travel & Events']","Education & Careers, Fashion & Beauty, Health & Fitness, Travel & Events"
creator_heal_226,Creator 226 (Health & Fitness),DE,3248,3223,3141,False,Health & Fitness,4.4,11.8,0.068,False,Instagram,creator_heal_226_p2,Video,Travel & Events,Behind The Scenes,['Behind The Scenes'],1258,5,3,False,145.7,1,60,True,0,Tuesday,8,0,0,DE,FR,35-44,0.672,0.328,0.575,151,8,14,13,3546,0.602,0.733,0.168,0.04,0.059,2771,4555,"['Education & Careers', 'Fashion & Beauty', 'Health & Fitness', 'Travel & Events']","Education & Careers, Fashion & Beauty, Health & Fitness, Travel & Events"
creator_heal_226,Creator 226 (Health & Fitness),DE,3248,3223,3141,False,Health & Fitness,4.8,12.4,0.017,True,Instagram,creator_heal_226_p3,Reel,Fashion & Beauty,"Inspirational / Storytelling, Entertaining / Trend, Behind The Scenes","['Inspirational / Storytelling', 'Entertaining / Trend', 'Behind The Scenes']",1692,7,5,False,84.5,1,60,True,0,Monday,13,0,1,DE,US,35-44,0.545,0.455,0.568,109,6,14,5,13798,0.356,0.477,0.382,0.048,0.093,6585,11021,"['Education & Careers', 'Fashion & Beauty', 'Health & Fitness', 'Travel & Events']","Education & Careers, Fashion & Beauty, Health & Fitness, Travel & Events"
creator_heal_227,Creator 227 (Health & Fitness),AU,49635,1347,294,False,Health & Fitness,5.4,10.9,0.101,True,Instagram,creator_heal_227_p1,Carousel,Health & Fitness,"Entertaining / Trend, Educational / How-To","['Entertaining / Trend', 'Educational / How-To']",355,3,6,True,0.0,7,60,True,0,Sunday,18,1,1,AU,CA,35-44,0.235,0.765,0.582,2487,250,553,520,0,0.0,0.783,0.133,0.032,0.052,68070,90010,['Health & Fitness'],Health & Fitness
creator_heal_227,Creator 227 (Health & Fitness),AU,49635,1347,294,False,Health & Fitness,8.3,4.1,0.102,True,Instagram,creator_heal_227_p2,Reel,Health & Fitness,Behind The Scenes,['Behind The Scenes'],752,4,2,True,7.7,1,60,True,0,Wednesday,0,0,0,AU,AE,25-34,0.49,0.51,0.831,1425,132,216,28,149210,0.759,0.505,0.388,0.036,0.071,85721,144140,['Health & Fitness'],Health & Fitness
creator_heal_227,Creator 227 (Health & Fitness),AU,49635,1347,294,False,Health & Fitness,1.1,8.8,0.082,True,Instagram,creator_heal_227_p3,Reel,Health & Fitness,Entertaining / Trend,['Entertaining / Trend'],1565,15,1,True,77.2,1,60,True,0,Saturday,20,1,1,AU,MX,25-34,0.655,0.345,0.87,2077,95,570,121,235543,0.731,0.432,0.419,0.08,0.069,139584,191489,['Health & Fitness'],Health & Fitness
creator_fina_228,Creator 228 (Finance & Business),ES,478218,1693,160,False,Finance & Business,1.7,1.9,0.011,False,YouTube,creator_fina_228_p1,YouTube Short,Travel & Events,Inspirational / Storytelling,['Inspirational / Storytelling'],440,6,7,True,24.8,1,65,True,0,Sunday,3,1,0,ES,US,18-24,0.477,0.523,0.486,13551,270,2053,642,752035,0.811,0.527,0.388,0.044,0.041,480498,636377,"['Finance & Business', 'Health & Fitness', 'Travel & Events']","Finance & Business, Health & Fitness, Travel & Events"
creator_fina_228,Creator 228 (Finance & Business),ES,478218,1693,160,False,Finance & Business,1.2,8.6,0.047,False,YouTube,creator_fina_228_p2,YouTube Short,Travel & Events,"Behind The Scenes, Promotional / Sponsored","['Behind The Scenes', 'Promotional / Sponsored']",2151,8,5,True,54.4,1,81,True,0,Tuesday,13,0,1,ES,FR,45+,0.43,0.57,0.53,13788,952,2875,1431,1058802,0.753,0.508,0.402,0.052,0.038,765348,1290031,"['Finance & Business', 'Health & Fitness', 'Travel & Events']","Finance & Business, Health & Fitness, Travel & Events"
creator_fina_228,Creator 228 (Finance & Business),ES,478218,1693,160,False,Finance & Business,9.6,11.8,0.019,True,YouTube,creator_fina_228_p3,YouTube Video,Health & Fitness,"Behind The Scenes, Inspirational / Storytelling","['Behind The Scenes', 'Inspirational / Storytelling']",1673,29,2,False,1320.8,1,55,True,0,Tuesday,16,0,0,ES,GB,35-44,0.646,0.354,0.754,11613,425,1688,502,638796,0.277,0.646,0.205,0.1,0.049,464156,1006216,"['Finance & Business', 'Health & Fitness', 'Travel & Events']","Finance & Business, Health & Fitness, Travel & Events"
creator_fina_229,Creator 229 (Finance & Business),FR,12531444,2856,585,True,Finance & Business,8.4,1.2,0.067,True,Snapchat,creator_fina_229_p1,Snapchat Story,Finance & Business,Entertaining / Trend,['Entertaining / Trend'],140,16,7,True,6.4,1,60,True,379,Sunday,20,1,1,FR,DE,35-44,0.668,0.332,0.535,278552,20180,11430,29067,6807665,0.726,0.867,0.025,0.084,0.024,6100243,6965310,"['Finance & Business', 'Health & Fitness']","Finance & Business, Health & Fitness"
creator_fina_229,Creator 229 (Finance & Business),FR,12531444,2856,585,True,Finance & Business,9.8,7.4,0.057,False,Snapchat,creator_fina_229_p2,Snapchat Spotlight,Finance & Business,"Promotional / Sponsored, Entertaining / Trend","['Promotional / Sponsored', 'Entertaining / Trend']",581,20,5,True,35.6,1,60,True,323,Wednesday,4,0,0,FR,DE,35-44,0.543,0.457,0.711,287791,8134,52026,21298,36363334,0.796,0.445,0.395,0.1,0.06,20249697,35074649,"['Finance & Business', 'Health & Fitness']","Finance & Business, Health & Fitness"
creator_fina_229,Creator 229 (Finance & Business),FR,12531444,2856,585,True,Finance & Business,8.6,5.2,-0.01,True,Snapchat,creator_fina_229_p3,Snapchat Spotlight,Health & Fitness,"Entertaining / Trend, Behind The Scenes, Inspirational / Storytelling","['Entertaining / Trend', 'Behind The Scenes', 'Inspirational / Storytelling']",1856,19,5,False,32.0,1,60,True,94,Tuesday,15,0,0,FR,AU,18-24,0.335,0.665,0.659,205858,15026,54876,18211,32615759,0.57,0.394,0.417,0.096,0.093,15187243,20001891,"['Finance & Business', 'Health & Fitness']","Finance & Business, Health & Fitness"
creator_spor_230,Creator 230 (Sports),BR,1412,1665,1646,False,Sports,10.7,9.9,0.128,True,Instagram,creator_spor_230_p1,Reel,Sports,"Educational / How-To, Entertaining / Trend","['Educational / How-To', 'Entertaining / Trend']",68,19,2,False,27.1,1,60,True,0,Thursday,5,0,0,BR,GB,18-24,0.278,0.722,0.651,29,1,3,4,2286,0.622,0.462,0.375,0.096,0.067,1591,2085,"['Education & Careers', 'Health & Fitness', 'Sports']","Education & Careers, Health & Fitness, Sports"
creator_spor_230,Creator 230 (Sports),BR,1412,1665,1646,False,Sports,7.9,13.9,0.027,True,Instagram,creator_spor_230_p2,Carousel,Education & Careers,Entertaining / Trend,['Entertaining / Trend'],1413,28,4,False,0.0,3,60,True,0,Saturday,7,1,0,BR,MX,18-24,0.236,0.764,0.605,57,1,6,14,0,0.0,0.689,0.116,0.1,0.095,889,1556,"['Education & Careers', 'Health & Fitness', 'Sports']","Education & Careers, Health & Fitness, Sports"
creator_spor_230,Creator 230 (Sports),BR,1412,1665,1646,False,Sports,8.9,2.3,0.084,True,Instagram,creator_spor_230_p3,Reel,Health & Fitness,Entertaining / Trend,['Entertaining / Trend'],370,0,4,True,6.1,1,60,True,0,Saturday,20,1,1,BR,IN,25-34,0.544,0.456,0.767,85,7,26,1,9785,0.612,0.518,0.426,0.02,0.036,4796,8362,"['Education & Careers', 'Health & Fitness', 'Sports']","Education & Careers, Health & Fitness, Sports"
creator_fina_231,Creator 231 (Finance & Business),DE,38725,2221,4256,False,Finance & Business,10.5,12.7,0.142,False,Instagram,creator_fina_231_p1,Static Image,Finance & Business,"Entertaining / Trend, Behind The Scenes, Promotional / Sponsored","['Entertaining / Trend', 'Behind The Scenes', 'Promotional / Sponsored']",1295,21,0,True,0.0,1,60,True,0,Monday,8,0,0,DE,US,25-34,0.369,0.631,0.572,1484,81,105,39,0,0.0,0.732,0.111,0.1,0.057,20047,29177,"['Finance & Business', 'Sports']","Finance & Business, Sports"
creator_fina_231,Creator 231 (Finance & Business),DE,38725,2221,4256,False,Finance & Business,5.4,1.1,0.103,True,Instagram,creator_fina_231_p2,Carousel,Finance & Business,"Educational / How-To, Promotional / Sponsored","['Educational / How-To', 'Promotional / Sponsored']",1246,15,6,True,0.0,4,60,True,0,Monday,5,0,0,DE,AE,45+,0.253,0.747,0.445,1759,53,171,471,0,0.0,0.742,0.115,0.08,0.063,41489,51871,"['Finance & Business', 'Sports']","Finance & Business, Sports"
creator_fina_231,Creator 231 (Finance & Business),DE,38725,2221,4256,False,Finance & Business,5.6,10.6,0.133,True,Instagram,creator_fina_231_p3,Reel,Sports,"Educational / How-To, Entertaining / Trend","['Educational / How-To', 'Entertaining / Trend']",1989,17,6,True,54.2,1,60,True,0,Wednesday,14,0,0,DE,IN,25-34,0.508,0.492,0.739,1571,39,365,478,157108,0.476,0.461,0.408,0.088,0.043,82503,143474,"['Finance & Business', 'Sports']","Finance & Business, Sports"
creator_educ_232,Creator 232 (Education & Careers),MX,250174,1584,4129,False,Education & Careers,3.1,13.1,0.083,True,YouTube,creator_educ_232_p1,YouTube Short,Education & Careers,Entertaining / Trend,['Entertaining / Trend'],159,23,0,False,28.2,1,83,False,0,Saturday,17,1,0,MX,AU,18-24,0.185,0.815,0.613,7302,550,489,635,416901,0.641,0.465,0.367,0.1,0.068,201086,260858,"['Education & Careers', 'Food & Dining']","Education & Careers, Food & Dining"
creator_educ_232,Creator 232 (Education & Careers),MX,250174,1584,4129,False,Education & Careers,8.4,11.2,0.052,False,YouTube,creator_educ_232_p2,YouTube Video,Food & Dining,"Entertaining / Trend, Educational / How-To, Promotional / Sponsored","['Entertaining / Trend', 'Educational / How-To', 'Promotional / Sponsored']",878,12,4,False,1522.5,1,27,True,0,Sunday,16,1,0,MX,FR,18-24,0.705,0.295,0.599,8796,582,2279,1141,274886,0.313,0.64,0.21,0.068,0.082,303317,465885,"['Education & Careers', 'Food & Dining']","Education & Careers, Food & Dining"
creator_educ_232,Creator 232 (Education & Careers),MX,250174,1584,4129,False,Education & Careers,1.3,1.0,0.119,True,YouTube,creator_educ_232_p3,YouTube Short,Education & Careers,"Behind The Scenes, Promotional / Sponsored","['Behind The Scenes', 'Promotional / Sponsored']",1185,21,1,False,15.5,1,73,True,0,Tuesday,14,0,0,MX,US,18-24,0.373,0.627,0.599,5168,368,395,360,358646,0.418,0.467,0.369,0.1,0.064,210183,323477,"['Education & Careers', 'Food & Dining']","Education & Careers, Food & Dining"
creator_spor_233,Creator 233 (Sports),CA,14036200,2138,3873,True,Sports,8.0,3.5,0.064,True,Snapchat,creator_spor_233_p1,Snapchat Story,Sports,"Behind The Scenes, Educational / How-To","['Behind The Scenes', 'Educational / How-To']",1377,19,7,False,9.7,1,60,True,407,Friday,18,0,1,CA,IT,18-24,0.278,0.722,0.505,409072,6639,85561,21424,8662984,0.713,0.798,0.033,0.096,0.073,7484834,8206114,['Sports'],Sports
creator_spor_233,Creator 233 (Sports),CA,14036200,2138,3873,True,Sports,4.3,10.4,0.056,False,Snapchat,creator_spor_233_p2,Snapchat Story,Sports,"Behind The Scenes, Educational / How-To","['Behind The Scenes', 'Educational / How-To']",475,11,5,True,11.6,1,60,True,157,Wednesday,19,0,1,CA,BR,18-24,0.695,0.305,0.734,585625,23903,50744,138523,10716024,0.75,0.845,0.037,0.064,0.054,10731249,11729301,['Sports'],Sports
creator_spor_233,Creator 233 (Sports),CA,14036200,2138,3873,True,Sports,6.6,7.4,0.14,True,Snapchat,creator_spor_233_p3,Snapchat Spotlight,Sports,"Entertaining / Trend, Educational / How-To","['Entertaining / Trend', 'Educational / How-To']",1204,21,2,False,29.5,1,60,True,422,Monday,19,0,1,CA,MX,25-34,0.716,0.284,0.491,514246,20287,109829,87066,35469306,0.569,0.418,0.403,0.1,0.079,29470113,51006459,['Sports'],Sports
creator_educ_234,Creator 234 (Education & Careers),IT,1531,337,3784,False,Education & Careers,1.3,4.5,-0.011,True,Instagram,creator_educ_234_p1,Reel,Education & Careers,Promotional / Sponsored,['Promotional / Sponsored'],849,17,3,False,42.3,1,60,True,0,Thursday,23,0,0,IT,MX,35-44,0.593,0.407,0.76,37,2,3,1,3250,0.382,0.512,0.37,0.088,0.03,1753,2597,['Education & Careers'],Education & Careers
creator_educ_234,Creator 234 (Education & Careers),IT,1531,337,3784,False,Education & Careers,1.2,2.7,0.122,False,Instagram,creator_educ_234_p2,Static Image,Education & Careers,"Entertaining / Trend, Educational / How-To","['Entertaining / Trend', 'Educational / How-To']",308,16,3,False,0.0,1,60,True,0,Wednesday,1,0,0,IT,AE,25-34,0.499,0.501,0.552,46,2,5,5,0,0.0,0.724,0.116,0.084,0.076,705,1261,['Education & Careers'],Education & Careers
creator_educ_234,Creator 234 (Education & Careers),IT,1531,337,3784,False,Education & Careers,10.4,5.7,0.007,True,Instagram,creator_educ_234_p3,Carousel,Education & Careers,"Entertaining / Trend, Inspirational / Storytelling","['Entertaining / Trend', 'Inspirational / Storytelling']",1083,25,3,False,0.0,9,60,True,0,Saturday,16,1,0,IT,IN,18-24,0.583,0.417,0.476,71,2,6,14,0,0.0,0.716,0.113,0.1,0.071,1547,2490,['Education & Careers'],Education & Careers
creator_musi_235,Creator 235 (Music & Entertainment),AE,78525,3950,3987,False,Music & Entertainment,8.7,2.9,0.108,False,Instagram,creator_musi_235_p1,Static Image,Food & Dining,"Promotional / Sponsored, Entertaining / Trend","['Promotional / Sponsored', 'Entertaining / Trend']",1732,3,6,True,0.0,1,60,True,0,Tuesday,20,0,1,AE,AU,18-24,0.692,0.308,0.727,4334,348,232,205,0,0.0,0.824,0.108,0.032,0.036,70124,92789,"['Food & Dining', 'Music & Entertainment']","Food & Dining, Music & Entertainment"
creator_musi_235,Creator 235 (Music & Entertainment),AE,78525,3950,3987,False,Music & Entertainment,9.2,7.9,0.031,True,Instagram,creator_musi_235_p2,Carousel,Music & Entertainment,"Promotional / Sponsored, Entertaining / Trend","['Promotional / Sponsored', 'Entertaining / Trend']",1312,16,0,True,0.0,10,60,True,0,Sunday,9,1,0,AE,DE,35-44,0.485,0.515,0.856,3631,217,140,881,0,0.0,0.79,0.106,0.084,0.02,90881,128292,"['Food & Dining', 'Music & Entertainment']","Food & Dining, Music & Entertainment"
creator_musi_235,Creator 235 (Music & Entertainment),AE,78525,3950,3987,False,Music & Entertainment,1.5,5.6,0.107,False,Instagram,creator_musi_235_p3,Static Image,Music & Entertainment,"Promotional / Sponsored, Behind The Scenes, Entertaining / Trend","['Promotional / Sponsored', 'Behind The Scenes', 'Entertaining / Trend']",162,27,3,True,0.0,1,60,True,0,Sunday,16,1,0,AE,MX,45+,0.337,0.663,0.815,2418,53,151,194,0,0.0,0.71,0.109,0.1,0.081,32850,50568,"['Food & Dining', 'Music & Entertainment']","Food & Dining, Music & Entertainment"
creator_musi_236,Creator 236 (Music & Entertainment),FR,769284,3858,4777,False,Music & Entertainment,1.0,5.2,0.068,True,YouTube,creator_musi_236_p1,YouTube Short,Music & Entertainment,"Promotional / Sponsored, Inspirational / Storytelling","['Promotional / Sponsored', 'Inspirational / Storytelling']",1310,23,1,False,11.1,1,70,False,0,Friday,2,0,0,FR,CA,35-44,0.431,0.569,0.532,14554,624,1576,843,1523773,0.633,0.451,0.377,0.1,0.072,889922,1161267,['Music & Entertainment'],Music & Entertainment
creator_musi_236,Creator 236 (Music & Entertainment),FR,769284,3858,4777,False,Music & Entertainment,9.3,4.8,0.02,True,YouTube,creator_musi_236_p2,YouTube Short,Music & Entertainment,Educational / How-To,['Educational / How-To'],1016,1,5,True,21.4,1,42,True,0,Monday,12,0,1,FR,BR,25-34,0.453,0.547,0.8,19580,1052,4175,4560,1669815,0.488,0.542,0.403,0.024,0.031,995795,1458767,['Music & Entertainment'],Music & Entertainment
creator_musi_236,Creator 236 (Music & Entertainment),FR,769284,3858,4777,False,Music & Entertainment,8.5,2.1,0.12,True,YouTube,creator_musi_236_p3,YouTube Short,Music & Entertainment,Inspirational / Storytelling,['Inspirational / Storytelling'],651,5,3,True,46.0,1,82,True,0,Friday,21,0,1,FR,CA,18-24,0.48,0.52,0.653,43286,4428,6367,1562,3152907,0.603,0.54,0.387,0.04,0.033,2329177,3655444,['Music & Entertainment'],Music & Entertainment
creator_trav_237,Creator 237 (Travel & Events),DE,3889473,2439,3484,True,Travel & Events,6.7,6.1,0.127,True,Snapchat,creator_trav_237_p1,Snapchat Story,Travel & Events,"Educational / How-To, Entertaining / Trend, Inspirational / Storytelling","['Educational / How-To', 'Entertaining / Trend', 'Inspirational / Storytelling']",51,1,5,True,11.7,1,60,True,131,Wednesday,9,0,0,DE,GB,18-24,0.853,0.147,0.855,76903,6658,25194,25144,1918539,0.834,0.915,0.023,0.024,0.038,1677139,1852700,['Travel & Events'],Travel & Events
creator_trav_237,Creator 237 (Travel & Events),DE,3889473,2439,3484,True,Travel & Events,10.7,9.2,0.083,True,Snapchat,creator_trav_237_p2,Snapchat Spotlight,Travel & Events,Entertaining / Trend,['Entertaining / Trend'],2191,20,0,True,36.8,1,60,True,223,Friday,20,0,1,DE,ES,18-24,0.39,0.61,0.796,143796,5620,12098,15810,15642165,0.592,0.478,0.371,0.1,0.051,9562741,16581614,['Travel & Events'],Travel & Events
creator_trav_237,Creator 237 (Travel & Events),DE,3889473,2439,3484,True,Travel & Events,5.5,10.1,0.051,False,Snapchat,creator_trav_237_p3,Snapchat Post,Travel & Events,"Promotional / Sponsored, Educational / How-To","['Promotional / Sponsored', 'Educational / How-To']",1882,5,0,True,0.0,1,60,True,380,Saturday,15,1,0,DE,US,25-34,0.327,0.673,0.647,112901,5168,16339,9226,0,0.0,0.766,0.122,0.04,0.072,1473155,2152517,['Travel & Events'],Travel & Events
creator_musi_238,Creator 238 (Music & Entertainment),US,4981,3723,4177,False,Music & Entertainment,9.9,12.9,0.142,True,Instagram,creator_musi_238_p1,Carousel,Music & Entertainment,"Inspirational / Storytelling, Promotional / Sponsored","['Inspirational / Storytelling', 'Promotional / Sponsored']",1421,24,2,True,0.0,3,60,True,0,Monday,12,0,1,US,CA,25-34,0.665,0.335,0.864,258,15,14,39,0,0.0,0.721,0.108,0.1,0.071,5460,9375,['Music & Entertainment'],Music & Entertainment
creator_musi_238,Creator 238 (Music & Entertainment),US,4981,3723,4177,False,Music & Entertainment,7.1,4.4,0.023,True,Instagram,creator_musi_238_p2,Reel,Music & Entertainment,Educational / How-To,['Educational / How-To'],622,1,6,True,59.6,1,60,True,0,Sunday,4,1,0,US,AU,35-44,0.645,0.355,0.976,169,3,17,25,13152,0.377,0.523,0.375,0.024,0.078,6539,8246,['Music & Entertainment'],Music & Entertainment
creator_musi_238,Creator 238 (Music & Entertainment),US,4981,3723,4177,False,Music & Entertainment,5.8,2.0,0.019,True,Instagram,creator_musi_238_p3,Reel,Music & Entertainment,"Entertaining / Trend, Behind The Scenes, Promotional / Sponsored","['Entertaining / Trend', 'Behind The Scenes', 'Promotional / Sponsored']",1573,24,6,True,11.2,1,60,True,0,Wednesday,2,0,0,US,DE,18-24,0.719,0.281,0.691,152,15,38,7,14599,0.587,0.405,0.412,0.1,0.083,10100,16783,['Music & Entertainment'],Music & Entertainment
creator_food_239,Creator 239 (Food & Dining),AE,98801,372,1079,False,Food & Dining,7.4,13.8,0.138,True,Instagram,creator_food_239_p1,Reel,Food & Dining,"Behind The Scenes, Inspirational / Storytelling","['Behind The Scenes', 'Inspirational / Storytelling']",1768,13,2,False,31.2,1,60,True,0,Saturday,19,1,1,AE,MX,18-24,0.481,0.519,0.795,2972,206,301,251,312200,0.452,0.481,0.375,0.072,0.072,173035,211987,"['Food & Dining', 'Music & Entertainment']","Food & Dining, Music & Entertainment"
creator_food_239,Creator 239 (Food & Dining),AE,98801,372,1079,False,Food & Dining,8.8,9.1,0.095,False,Instagram,creator_food_239_p2,Reel,Food & Dining,Entertaining / Trend,['Entertaining / Trend'],1882,26,0,False,88.2,1,60,True,0,Friday,10,0,0,AE,GB,18-24,0.521,0.479,0.724,3637,60,590,284,244246,0.82,0.421,0.391,0.1,0.088,126876,164598,"['Food & Dining', 'Music & Entertainment']","Food & Dining, Music & Entertainment"
creator_food_239,Creator 239 (Food & Dining),AE,98801,372,1079,False,Food & Dining,7.4,3.2,0.015,False,Instagram,creator_food_239_p3,Static Image,Music & Entertainment,Entertaining / Trend,['Entertaining / Trend'],1285,6,5,True,0.0,1,60,True,0,Monday,4,0,0,AE,CA,18-24,0.684,0.316,0.917,3867,243,341,84,0,0.0,0.759,0.113,0.044,0.084,68960,83971,"['Food & Dining', 'Music & Entertainment']","Food & Dining, Music & Entertainment"
creator_spor_240,Creator 240 (Sports),FR,114021,173,3569,False,Sports,4.0,4.8,0.082,False,YouTube,creator_spor_240_p1,YouTube Short,Finance & Business,"Educational / How-To, Behind The Scenes, Entertaining / Trend","['Educational / How-To', 'Behind The Scenes', 'Entertaining / Trend']",1962,22,6,True,53.4,1,79,True,0,Saturday,2,1,0,FR,IN,35-44,0.816,0.184,0.54,4355,106,615,480,336332,0.575,0.492,0.385,0.1,0.023,221687,288853,"['Finance & Business', 'Sports']","Finance & Business, Sports"
creator_spor_240,Creator 240 (Sports),FR,114021,173,3569,False,Sports,10.0,7.4,0.037,False,YouTube,creator_spor_240_p2,Community Post,Sports,"Promotional / Sponsored, Educational / How-To, Entertaining / Trend","['Promotional / Sponsored', 'Educational / How-To', 'Entertaining / Trend']",1816,12,5,True,0.0,1,90,False,0,Sunday,9,1,0,FR,AU,25-34,0.1,0.9,0.56,4703,470,1522,518,0,0.0,0.692,0.149,0.068,0.091,29582,37699,"['Finance & Business', 'Sports']","Finance & Business, Sports"
creator_spor_240,Creator 240 (Sports),FR,114021,173,3569,False,Sports,10.5,5.8,0.097,False,YouTube,creator_spor_240_p3,YouTube Short,Sports,"Educational / How-To, Behind The Scenes","['Educational / How-To', 'Behind The Scenes']",151,1,0,True,26.6,1,40,True,0,Friday,11,0,1,FR,IT,18-24,0.525,0.475,0.659,6419,380,675,1898,586629,0.427,0.577,0.376,0.024,0.023,406678,658218,"['Finance & Business', 'Sports']","Finance & Business, Sports"
creator_food_241,Creator 241 (Food & Dining),DE,46315190,2395,1640,True,Food & Dining,9.0,1.5,0.002,False,Snapchat,creator_food_241_p1,Snapchat Spotlight,Fashion & Beauty,"Inspirational / Storytelling, Educational / How-To","['Inspirational / Storytelling', 'Educational / How-To']",1138,19,1,False,11.2,1,60,True,19,Monday,10,0,0,DE,CA,25-34,0.351,0.649,0.527,941798,42051,91556,101780,131875333,0.434,0.461,0.374,0.096,0.069,68444636,93622481,"['Fashion & Beauty', 'Food & Dining']","Fashion & Beauty, Food & Dining"
creator_food_241,Creator 241 (Food & Dining),DE,46315190,2395,1640,True,Food & Dining,9.5,4.6,0.094,False,Snapchat,creator_food_241_p2,Snapchat Story,Food & Dining,Promotional / Sponsored,['Promotional / Sponsored'],398,8,1,True,3.8,1,60,True,451,Monday,11,0,1,DE,FR,35-44,0.354,0.646,0.762,1236395,70535,119369,144602,20176865,0.773,0.891,0.032,0.052,0.025,18232895,19788463,"['Fashion & Beauty', 'Food & Dining']","Fashion & Beauty, Food & Dining"
creator_food_241,Creator 241 (Food & Dining),DE,46315190,2395,1640,True,Food & Dining,4.5,6.0,0.02,True,Snapchat,creator_food_241_p3,Snapchat Spotlight,Food & Dining,"Educational / How-To, Inspirational / Storytelling","['Educational / How-To', 'Inspirational / Storytelling']",760,13,0,True,18.3,1,60,True,45,Wednesday,2,0,0,DE,IT,35-44,0.191,0.809,0.585,1596166,154402,533099,222992,90002554,0.718,0.426,0.433,0.072,0.069,73517653,123330728,"['Fashion & Beauty', 'Food & Dining']","Fashion & Beauty, Food & Dining"
creator_trav_242,Creator 242 (Travel & Events),US,1283,915,2405,False,Travel & Events,9.1,3.7,0.133,True,Instagram,creator_trav_242_p1,Carousel,Travel & Events,"Behind The Scenes, Inspirational / Storytelling","['Behind The Scenes', 'Inspirational / Storytelling']",1706,11,6,False,0.0,9,60,True,0,Friday,4,0,0,US,BR,18-24,0.606,0.394,0.47,52,2,2,5,0,0.0,0.79,0.106,0.064,0.04,793,951,"['Food & Dining', 'Travel & Events']","Food & Dining, Travel & Events"
creator_trav_242,Creator 242 (Travel & Events),US,1283,915,2405,False,Travel & Events,2.8,4.9,0.03,False,Instagram,creator_trav_242_p2,Static Image,Travel & Events,"Promotional / Sponsored, Behind The Scenes","['Promotional / Sponsored', 'Behind The Scenes']",1704,12,3,False,0.0,1,60,True,0,Sunday,17,1,0,US,ES,25-34,0.734,0.266,0.5,35,1,1,1,0,0.0,0.74,0.104,0.068,0.088,592,702,"['Food & Dining', 'Travel & Events']","Food & Dining, Travel & Events"
creator_trav_242,Creator 242 (Travel & Events),US,1283,915,2405,False,Travel & Events,7.6,4.1,0.072,True,Instagram,creator_trav_242_p3,Static Image,Food & Dining,Entertaining / Trend,['Entertaining / Trend'],1828,27,6,True,0.0,1,60,True,0,Saturday,1,1,0,US,BR,18-24,0.567,0.433,0.759,69,1,8,2,0,0.0,0.708,0.117,0.1,0.075,992,1283,"['Food & Dining', 'Travel & Events']","Food & Dining, Travel & Events"
creator_food_243,Creator 243 (Food & Dining),US,50510,2527,857,False,Food & Dining,4.2,8.6,0.146,False,Instagram,creator_food_243_p1,Static Image,Sports,Promotional / Sponsored,['Promotional / Sponsored'],1615,2,0,False,0.0,1,60,True,0,Friday,14,0,0,US,ES,45+,0.538,0.462,0.617,1729,132,184,41,0,0.0,0.767,0.116,0.028,0.089,19524,33067,"['Food & Dining', 'Sports', 'Travel & Events']","Food & Dining, Sports, Travel & Events"
creator_food_243,Creator 243 (Food & Dining),US,50510,2527,857,False,Food & Dining,8.9,10.3,0.088,True,Instagram,creator_food_243_p2,Carousel,Food & Dining,"Entertaining / Trend, Behind The Scenes","['Entertaining / Trend', 'Behind The Scenes']",1780,8,3,True,0.0,8,60,True,0,Wednesday,5,0,0,US,GB,35-44,0.636,0.364,0.627,2521,161,334,397,0,0.0,0.74,0.12,0.052,0.088,70888,111550,"['Food & Dining', 'Sports', 'Travel & Events']","Food & Dining, Sports, Travel & Events"
creator_food_243,Creator 243 (Food & Dining),US,50510,2527,857,False,Food & Dining,3.6,2.3,0.105,True,Instagram,creator_food_243_p3,Reel,Travel & Events,"Promotional / Sponsored, Behind The Scenes","['Promotional / Sponsored', 'Behind The Scenes']",624,15,5,True,77.9,1,60,True,0,Sunday,19,1,1,US,FR,18-24,0.372,0.628,0.769,2191,213,483,123,205834,0.672,0.486,0.405,0.08,0.029,153312,255430,"['Food & Dining', 'Sports', 'Travel & Events']","Food & Dining, Sports, Travel & Events"
creator_food_244,Creator 244 (Food & Dining),GB,107546,857,2488,False,Food & Dining,3.3,8.0,0.149,True,YouTube,creator_food_244_p1,YouTube Short,Food & Dining,Educational / How-To,['Educational / How-To'],1392,22,7,True,45.6,1,62,True,0,Saturday,10,1,0,GB,MX,18-24,0.606,0.394,0.521,3862,94,544,561,424777,0.518,0.491,0.385,0.1,0.024,196639,347963,"['Finance & Business', 'Food & Dining', 'Science & Technology']","Finance & Business, Food & Dining, Science & Technology"
creator_food_244,Creator 244 (Food & Dining),GB,107546,857,2488,False,Food & Dining,6.7,2.2,0.003,True,YouTube,creator_food_244_p2,YouTube Short,Finance & Business,"Inspirational / Storytelling, Educational / How-To","['Inspirational / Storytelling', 'Educational / How-To']",2047,20,0,True,51.6,1,71,True,0,Thursday,14,0,0,GB,AE,18-24,0.713,0.287,0.653,3796,272,826,951,200388,0.527,0.445,0.404,0.1,0.051,154378,277450,"['Finance & Business', 'Food & Dining', 'Science & Technology']","Finance & Business, Food & Dining, Science & Technology"
creator_food_244,Creator 244 (Food & Dining),GB,107546,857,2488,False,Food & Dining,1.3,12.3,0.098,False,YouTube,creator_food_244_p3,Community Post,Science & Technology,Entertaining / Trend,['Entertaining / Trend'],1595,1,0,True,0.0,1,93,True,0,Wednesday,23,0,0,GB,MX,25-34,0.395,0.605,0.965,3476,359,368,415,0,0.0,0.764,0.116,0.024,0.096,32833,43061,"['Finance & Business', 'Food & Dining', 'Science & Technology']","Finance & Business, Food & Dining, Science & Technology"
creator_educ_245,Creator 245 (Education & Careers),BR,17034044,2979,3373,False,Education & Careers,8.1,8.5,0.054,True,Snapchat,creator_educ_245_p1,Snapchat Story,Education & Careers,"Educational / How-To, Promotional / Sponsored","['Educational / How-To', 'Promotional / Sponsored']",1592,10,1,False,11.5,1,60,True,419,Friday,0,0,0,BR,ES,35-44,0.422,0.578,0.43,422174,25163,71910,81538,3648577,0.851,0.795,0.06,0.06,0.085,3795369,4255303,['Education & Careers'],Education & Careers
creator_educ_245,Creator 245 (Education & Careers),BR,17034044,2979,3373,False,Education & Careers,3.5,7.0,0.048,True,Snapchat,creator_educ_245_p2,Snapchat Story,Education & Careers,Inspirational / Storytelling,['Inspirational / Storytelling'],105,7,6,True,10.7,1,60,True,415,Friday,1,0,0,BR,AU,25-34,0.461,0.539,0.755,323820,18370,39475,17263,6550941,0.634,0.858,0.073,0.048,0.021,5664791,5793977,['Education & Careers'],Education & Careers
creator_educ_245,Creator 245 (Education & Careers),BR,17034044,2979,3373,False,Education & Careers,11.5,2.4,0.042,True,Snapchat,creator_educ_245_p3,Snapchat Story,Education & Careers,Entertaining / Trend,['Entertaining / Trend'],1890,5,7,True,6.2,1,60,True,383,Thursday,16,0,0,BR,DE,25-34,0.465,0.535,0.886,455425,22716,18099,22735,5037428,0.77,0.888,0.029,0.04,0.043,5345712,5523626,['Education & Careers'],Education & Careers
creator_educ_246,Creator 246 (Education & Careers),AU,5841,2887,476,False,Education & Careers,4.6,3.0,0.148,False,Instagram,creator_educ_246_p1,Static Image,Travel & Events,"Promotional / Sponsored, Behind The Scenes, Educational / How-To","['Promotional / Sponsored', 'Behind The Scenes', 'Educational / How-To']",1590,0,6,True,0.0,1,60,True,0,Monday,15,0,0,AU,FR,35-44,0.645,0.355,0.775,225,12,15,25,0,0.0,0.847,0.11,0.02,0.023,3546,4944,"['Education & Careers', 'Travel & Events']","Education & Careers, Travel & Events"
creator_educ_246,Creator 246 (Education & Careers),AU,5841,2887,476,False,Education & Careers,4.2,2.5,0.04,False,Instagram,creator_educ_246_p2,Reel,Education & Careers,"Behind The Scenes, Educational / How-To","['Behind The Scenes', 'Educational / How-To']",546,23,7,False,39.4,1,60,True,0,Saturday,8,1,0,AU,MX,45+,0.626,0.374,0.583,243,11,12,17,18965,0.691,0.473,0.362,0.1,0.065,8891,15160,"['Education & Careers', 'Travel & Events']","Education & Careers, Travel & Events"
creator_educ_246,Creator 246 (Education & Careers),AU,5841,2887,476,False,Education & Careers,8.5,10.8,0.141,False,Instagram,creator_educ_246_p3,Carousel,Education & Careers,"Inspirational / Storytelling, Behind The Scenes","['Inspirational / Storytelling', 'Behind The Scenes']",1303,10,6,True,0.0,5,60,True,0,Monday,9,0,0,AU,IN,35-44,0.285,0.715,0.424,171,9,6,55,0,0.0,0.807,0.105,0.06,0.028,3796,6740,"['Education & Careers', 'Travel & Events']","Education & Careers, Travel & Events"
creator_trav_247,Creator 247 (Travel & Events),ES,48139,1498,3158,False,Travel & Events,6.3,6.2,0.126,True,Instagram,creator_trav_247_p1,Reel,Travel & Events,Inspirational / Storytelling,['Inspirational / Storytelling'],1858,17,6,False,5.6,1,60,True,0,Thursday,19,0,1,ES,AU,18-24,0.37,0.63,0.822,1241,78,245,62,166847,0.412,0.432,0.399,0.088,0.081,82217,144094,['Travel & Events'],Travel & Events
creator_trav_247,Creator 247 (Travel & Events),ES,48139,1498,3158,False,Travel & Events,11.0,9.7,0.117,False,Instagram,creator_trav_247_p2,Reel,Travel & Events,Entertaining / Trend,['Entertaining / Trend'],166,12,4,True,8.0,1,60,True,0,Thursday,4,0,0,ES,GB,25-34,0.535,0.465,0.481,1768,136,590,153,185088,0.791,0.407,0.433,0.068,0.092,94928,143936,['Travel & Events'],Travel & Events
creator_trav_247,Creator 247 (Travel & Events),ES,48139,1498,3158,False,Travel & Events,2.5,12.9,0.127,True,Instagram,creator_trav_247_p3,Reel,Travel & Events,Behind The Scenes,['Behind The Scenes'],179,14,0,True,61.2,1,60,True,0,Wednesday,0,0,0,ES,AU,25-34,0.458,0.542,0.856,2177,116,168,158,196519,0.635,0.515,0.369,0.076,0.04,90612,123728,['Travel & Events'],Travel & Events
creator_trav_248,Creator 248 (Travel & Events),AU,821472,1628,3481,False,Travel & Events,7.7,4.2,0.085,True,YouTube,creator_trav_248_p1,YouTube Short,Travel & Events,"Inspirational / Storytelling, Behind The Scenes, Promotional / Sponsored","['Inspirational / Storytelling', 'Behind The Scenes', 'Promotional / Sponsored']",1148,23,6,True,53.9,1,72,True,0,Wednesday,16,0,0,AU,MX,45+,0.573,0.427,0.977,29249,1303,5100,744,3501148,0.613,0.421,0.394,0.1,0.085,1697059,2682242,['Travel & Events'],Travel & Events
creator_trav_248,Creator 248 (Travel & Events),AU,821472,1628,3481,False,Travel & Events,9.7,2.5,0.026,True,YouTube,creator_trav_248_p2,YouTube Short,Travel & Events,Educational / How-To,['Educational / How-To'],1941,1,4,True,56.1,1,63,True,0,Wednesday,3,0,0,AU,GB,18-24,0.555,0.445,0.802,16423,489,4489,3081,1787511,0.388,0.476,0.418,0.024,0.082,833127,1465034,['Travel & Events'],Travel & Events
creator_trav_248,Creator 248 (Travel & Events),AU,821472,1628,3481,False,Travel & Events,9.8,11.3,0.048,True,YouTube,creator_trav_248_p3,YouTube Short,Travel & Events,Entertaining / Trend,['Entertaining / Trend'],376,3,1,False,15.6,1,67,True,0,Wednesday,3,0,0,AU,MX,18-24,0.456,0.544,0.765,25260,1516,1545,1608,1127132,0.39,0.578,0.365,0.032,0.025,713970,1211462,['Travel & Events'],Travel & Events
creator_spor_249,Creator 249 (Sports),GB,3716520,3526,4644,True,Sports,6.8,3.1,0.026,True,Snapchat,creator_spor_249_p1,Snapchat Spotlight,Sports,"Behind The Scenes, Inspirational / Storytelling","['Behind The Scenes', 'Inspirational / Storytelling']",268,6,7,True,16.8,1,60,True,180,Tuesday,20,0,1,GB,US,25-34,0.594,0.406,0.852,149050,7717,48671,8881,14206754,0.805,0.438,0.432,0.044,0.086,8623621,13355324,['Sports'],Sports
creator_spor_249,Creator 249 (Sports),GB,3716520,3526,4644,True,Sports,10.8,8.9,0.147,False,Snapchat,creator_spor_249_p2,Snapchat Spotlight,Sports,"Inspirational / Storytelling, Promotional / Sponsored","['Inspirational / Storytelling', 'Promotional / Sponsored']",655,7,2,True,32.9,1,60,True,269,Monday,22,0,0,GB,IN,18-24,0.6,0.4,0.44,85532,4436,24406,9633,10961204,0.595,0.483,0.421,0.048,0.048,5364086,9188118,['Sports'],Sports
creator_spor_249,Creator 249 (Sports),GB,3716520,3526,4644,True,Sports,2.4,3.9,0.058,True,Snapchat,creator_spor_249_p3,Snapchat Spotlight,Sports,Promotional / Sponsored,['Promotional / Sponsored'],2136,27,0,False,54.8,1,60,True,38,Sunday,4,1,0,GB,MX,18-24,0.379,0.621,0.913,115703,2648,6957,10655,7912300,0.626,0.478,0.365,0.1,0.057,3993804,6341682,['Sports'],Sports
